,Organisation,Location,Datetime,Details,Status,Price,Mission_status
0,SpaceX,"SLC-4E, Vandenberg SFB, California, USA","Tue Jun 17, 2025 03:36 UTC",Falcon 9 Block 5 | Starlink Group 15-9,Active,69.75,Success
1,CASC,"Site 9401 (SLS-2), Jiuquan Satellite Launch Center, China","Sat Jun 14, 2025 07:56 UTC",Long March 2D | Zhangheng-1-02,Active,29.75,Success
2,SpaceX,"SLC-40, Cape Canaveral SFS, Florida, USA","Fri Jun 13, 2025 15:29 UTC",Falcon 9 Block 5 | Starlink Group 12-26,Active,69.75,Success
3,SpaceX,"SLC-4E, Vandenberg SFB, California, USA","Fri Jun 13, 2025 01:54 UTC",Falcon 9 Block 5 | Starlink Group 15-6,Active,69.75,Success
4,Rocket Lab,"Rocket Lab LC-1A, Māhia Peninsula, New Zealand","Wed Jun 11, 2025 15:31 UTC",Electron/Curie | The Mountain God Guards,Active,7.5,Success
5,SpaceX,"SLC-40, Cape Canaveral SFS, Florida, USA","Tue Jun 10, 2025 13:05 UTC",Falcon 9 Block 5 | Starlink Group 12-24,Active,69.75,Success
6,SpaceX,"SLC-4E, Vandenberg SFB, California, USA","Sun Jun 08, 2025 14:20 UTC",Falcon 9 Block 5 | Starlink Group 15-8,Active,69.75,Success
7,SpaceX,"SLC-40, Cape Canaveral SFS, Florida, USA","Sat Jun 07, 2025 04:54 UTC",Falcon 9 Block 5 | SXM-10,Active,69.75,Success
8,CASC,"LC-9A, Taiyuan Satellite Launch Center, China","Thu Jun 05, 2025 20:45 UTC",Long March 6A | SatNet LEO Group 04,Active,,Success
9,SpaceX,"SLC-4E, Vandenberg SFB, California, USA","Wed Jun 04, 2025 23:40 UTC",Falcon 9 Block 5 | Starlink Group 11-22,Active,69.75,Success
10,SpaceX,"SLC-40, Cape Canaveral SFS, Florida, USA","Tue Jun 03, 2025 04:43 UTC",Falcon 9 Block 5 | Starlink Group 12-19,Active,69.75,Success
11,Rocket Lab,"Rocket Lab LC-1B, Māhia Peninsula, New Zealand","Mon Jun 02, 2025 23:57 UTC",Electron/Curie | Full Stream Ahead,Active,7.5,Success
12,SpaceX,"SLC-4E, Vandenberg SFB, California, USA","Sat May 31, 2025 20:10 UTC",Falcon 9 Block 5 | Starlink Group 11-18,Active,69.75,Success
13,Blue Origin,"Launch Site One, West Texas, Texas, USA","Sat May 31, 2025 13:39 UTC",New Shepard | NS-32,Active,,Success
14,SpaceX,"SLC-40, Cape Canaveral SFS, Florida, USA","Fri May 30, 2025 17:37 UTC",Falcon 9 Block 5 | GPS III SV08 (USA-545),Active,69.75,Success
15,CASC,"Site 9401 (SLS-2), Jiuquan Satellite Launch Center, China","Thu May 29, 2025 04:12 UTC",Long March 4B | Shijian 26,Active,64.68,Success
16,CASC,"LC-2, Xichang Satellite Launch Center, China","Wed May 28, 2025 17:31 UTC",Long March 3B/E | Tianwen 2,Active,29.15,Success
17,SpaceX,"LC-39A, Kennedy Space Center, Florida, USA","Wed May 28, 2025 13:30 UTC",Falcon 9 Block 5 | Starlink Group 10-32,Active,69.75,Success
18,SpaceX,"Orbital Launch Pad A, Starbase, Texas, USA","Tue May 27, 2025 23:36 UTC",Starship-Super Heavy Block 2 | Starship Flight 9,Active,,Partial Failure
19,SpaceX,"SLC-4E, Vandenberg SFB, California, USA","Tue May 27, 2025 16:57 UTC",Falcon 9 Block 5 | Starlink Group 17-1,Active,69.75,Success
20,SpaceX,"SLC-40, Cape Canaveral SFS, Florida, USA","Sat May 24, 2025 17:19 UTC",Falcon 9 Block 5 | Starlink Group 12-22,Active,69.75,Success
21,SpaceX,"SLC-4E, Vandenberg SFB, California, USA","Fri May 23, 2025 22:32 UTC",Falcon 9 Block 5 | Starlink Group 11-16,Active,69.75,Success
22,VKS RF,"Site 43/4, Plesetsk Cosmodrome, Russia","Fri May 23, 2025 08:36 UTC",Soyuz 2.1b/Fregat-M | Cosmos 2588,Active,25.0,Success
23,CAS Space,"Site 130, Jiuquan Satellite Launch Center, China","Wed May 21, 2025 04:05 UTC",Kinetica 1 | 6 satellites,Active,,Success
24,SpaceX,"SLC-40, Cape Canaveral SFS, Florida, USA","Wed May 21, 2025 03:19 UTC",Falcon 9 Block 5 | Starlink Group 12-15,Active,69.75,Success
25,CASC,"LC-201, Wenchang Space Launch Site, China","Tue May 20, 2025 11:50 UTC",Long March 7A | ChinaSat 3B,Active,,Success
26,Galactic Energy,"Oriental Spaceport Launch Ship (Area 1), China Coastal Waters","Mon May 19, 2025 07:38 UTC",Ceres 1S | Tianqi 16-18 & 20,Active,4.38,Success
27,ISRO,"First Launch Pad, Satish Dhawan Space Centre, India","Sun May 18, 2025 00:29 UTC",PSLV-XL | EOS-09,Active,31.0,Failure
28,Rocket Lab,"Rocket Lab LC-1A, Māhia Peninsula, New Zealand","Sat May 17, 2025 08:17 UTC",Electron/Curie | The Sea God Sees,Active,7.5,Success
29,Landspace,"Site 96, Jiuquan Satellite Launch Center, China","Sat May 17, 2025 04:12 UTC",ZhuQue-2E | 6 satellites,Active,,Success
30,SpaceX,"SLC-4E, Vandenberg SFB, California, USA","Fri May 16, 2025 13:43 UTC",Falcon 9 Block 5 | Starlink Group 15-5,Active,69.75,Success
31,SpaceX,"SLC-40, Cape Canaveral SFS, Florida, USA","Wed May 14, 2025 16:38 UTC",Falcon 9 Block 5 | Starlink Group 6-67,Active,69.75,Success
32,CASC,"Site 9401 (SLS-2), Jiuquan Satellite Launch Center, China","Wed May 14, 2025 04:12 UTC",Long March 2D | Space Computing Constellation,Active,29.75,Success
33,SpaceX,"LC-39A, Kennedy Space Center, Florida, USA","Tue May 13, 2025 05:02 UTC",Falcon 9 Block 5 | Starlink Group 6-83,Active,69.75,Success
34,SpaceX,"SLC-4E, Vandenberg SFB, California, USA","Tue May 13, 2025 01:15 UTC",Falcon 9 Block 5 | Starlink Group 15-4,Active,69.75,Success
35,CASC,"LC-3, Xichang Satellite Launch Center, China","Mon May 12, 2025 18:09 UTC",Long March 3C/E | TJSW-19,Active,20.0,Success
36,CASC,"LC-9A, Taiyuan Satellite Launch Center, China","Sun May 11, 2025 13:27 UTC",Long March 6A | Yaogan 40 Group 02,Active,,Success
37,SpaceX,"SLC-40, Cape Canaveral SFS, Florida, USA","Sat May 10, 2025 06:28 UTC",Falcon 9 Block 5 | Starlink Group 6-91,Active,69.75,Success
38,SpaceX,"SLC-4E, Vandenberg SFB, California, USA","Sat May 10, 2025 00:19 UTC",Falcon 9 Block 5 | Starlink Group 15-3,Active,69.75,Success
39,SpaceX,"SLC-40, Cape Canaveral SFS, Florida, USA","Wed May 07, 2025 01:17 UTC",Falcon 9 Block 5 | Starlink Group 6-93,Active,69.75,Success
40,SpaceX,"LC-39A, Kennedy Space Center, Florida, USA","Sun May 04, 2025 08:54 UTC",Falcon 9 Block 5 | Starlink Group 6-84,Active,69.75,Success
41,SpaceX,"SLC-40, Cape Canaveral SFS, Florida, USA","Fri May 02, 2025 01:51 UTC",Falcon 9 Block 5 | Starlink Group 6-75,Active,69.75,Success
42,Firefly,"SLC-2W, Vandenberg SFB, California, USA","Tue Apr 29, 2025 13:37 UTC",Alpha | Message In A Booster,Active,15.0,Failure
43,Arianespace,"ELV, Guiana Space Centre, French Guiana, France","Tue Apr 29, 2025 09:15 UTC",Vega C | Biomass,Active,,Success
44,SpaceX,"LC-39A, Kennedy Space Center, Florida, USA","Tue Apr 29, 2025 02:34 UTC",Falcon 9 Block 5 | Starlink Group 12-10,Active,69.75,Success
45,ULA,"SLC-41, Cape Canaveral SFS, Florida, USA","Mon Apr 28, 2025 23:01 UTC",Atlas V 551 | Project Kuiper (KA-01),Active,153.0,Success
46,SpaceX,"SLC-4E, Vandenberg SFB, California, USA","Mon Apr 28, 2025 20:42 UTC",Falcon 9 Block 5 | Starlink Group 11-9,Active,69.75,Success
47,CASC,"LC-101, Wenchang Space Launch Site, China","Mon Apr 28, 2025 20:10 UTC",Long March 5B/YZ-2 | SatNet LEO Group 03,Active,,Success
48,SpaceX,"SLC-40, Cape Canaveral SFS, Florida, USA","Mon Apr 28, 2025 02:09 UTC",Falcon 9 Block 5 | Starlink Group 12-23,Active,69.75,Success
49,CASC,"LC-2, Xichang Satellite Launch Center, China","Sun Apr 27, 2025 15:54 UTC",Long March 3B/E | Tianlian-2-05,Active,29.15,Success
50,SpaceX,"SLC-40, Cape Canaveral SFS, Florida, USA","Fri Apr 25, 2025 01:52 UTC",Falcon 9 Block 5 | Starlink Group 6-74,Active,69.75,Success
51,CASC,"Site 901 (SLS-1), Jiuquan Satellite Launch Center, China","Thu Apr 24, 2025 09:17 UTC",Long March 2F/G | Shenzhou 20,Active,,Success
52,SpaceX,"SLC-40, Cape Canaveral SFS, Florida, USA","Tue Apr 22, 2025 00:48 UTC",Falcon 9 Block 5 | Bandwagon-3,Active,69.75,Success
53,SpaceX,"LC-39A, Kennedy Space Center, Florida, USA","Mon Apr 21, 2025 08:15 UTC",Falcon 9 Block 5 | CRS SpX-32,Active,69.75,Success
54,SpaceX,"SLC-4E, Vandenberg SFB, California, USA","Sun Apr 20, 2025 12:29 UTC",Falcon 9 Block 5 | NROL-145 (USA-523 to 544),Active,69.75,Success
55,CASC,"LC-9A, Taiyuan Satellite Launch Center, China","Fri Apr 18, 2025 22:51 UTC",Long March 6A | Shiyan 27 01-06,Active,,Success
56,Northrop,"SLC-8, Vandenberg SFB, California, USA","Wed Apr 16, 2025 19:33 UTC",Minotaur IV | NROL-174 (USA-521 & USA-522),Active,46.0,Success
57,Blue Origin,"Launch Site One, West Texas, Texas, USA","Mon Apr 14, 2025 13:30 UTC",New Shepard | NS-31,Active,,Success
58,SpaceX,"SLC-40, Cape Canaveral SFS, Florida, USA","Mon Apr 14, 2025 04:00 UTC",Falcon 9 Block 5 | Starlink Group 6-73,Active,69.75,Success
59,SpaceX,"LC-39A, Kennedy Space Center, Florida, USA","Sun Apr 13, 2025 00:53 UTC",Falcon 9 Block 5 | Starlink Group 12-17,Active,69.75,Success
60,SpaceX,"SLC-4E, Vandenberg SFB, California, USA","Sat Apr 12, 2025 12:25 UTC",Falcon 9 Block 5 | NROL-192 (USA-499 to 520),Active,69.75,Success
61,CASC,"LC-3, Xichang Satellite Launch Center, China","Thu Apr 10, 2025 16:47 UTC",Long March 3B/E | TJSW-17,Active,29.15,Success
62,Roscosmos,"Site 31/6, Baikonur Cosmodrome, Kazakhstan","Tue Apr 08, 2025 05:47 UTC",Soyuz 2.1a | Soyuz MS-27,Active,17.42,Success
63,SpaceX,"SLC-4E, Vandenberg SFB, California, USA","Mon Apr 07, 2025 23:06 UTC",Falcon 9 Block 5 | Starlink Group 11-11,Active,69.75,Success
64,SpaceX,"SLC-40, Cape Canaveral SFS, Florida, USA","Sun Apr 06, 2025 03:07 UTC",Falcon 9 Block 5 | Starlink Group 6-72,Active,69.75,Success
65,SpaceX,"SLC-4E, Vandenberg SFB, California, USA","Fri Apr 04, 2025 01:02 UTC",Falcon 9 Block 5 | Starlink Group 11-13,Active,69.75,Success
66,CASC,"LC-16, Taiyuan Satellite Launch Center, China","Thu Apr 03, 2025 02:12 UTC",Long March 6 | Tianping-3A-02,Active,19.0,Success
67,CASC,"Site 9401 (SLS-2), Jiuquan Satellite Launch Center, China","Tue Apr 01, 2025 04:00 UTC",Long March 2D | 4 x SatNet test satellites,Active,29.75,Success
68,SpaceX,"LC-39A, Kennedy Space Center, Florida, USA","Tue Apr 01, 2025 01:46 UTC",Falcon 9 Block 5 | Fram2,Active,69.75,Success
69,SpaceX,"SLC-40, Cape Canaveral SFS, Florida, USA","Mon Mar 31, 2025 19:52 UTC",Falcon 9 Block 5 | Starlink Group 6-80,Active,69.75,Success
70,Isar,"Orbital Launch Pad, Andøya Rocket Range, Nordland, Norway","Sun Mar 30, 2025 10:30 UTC",Spectrum | Going Full Spectrum (Demo Flight),Active,,Failure
71,CASC,"LC-201, Wenchang Space Launch Site, China","Sat Mar 29, 2025 16:05 UTC",Long March 7A | TJSW-16,Active,,Success
72,SpaceX,"SLC-4E, Vandenberg SFB, California, USA","Wed Mar 26, 2025 22:11 UTC",Falcon 9 Block 5 | Starlink Group 11-7,Active,69.75,Success
73,CASC,"LC-2, Xichang Satellite Launch Center, China","Wed Mar 26, 2025 15:55 UTC",Long March 3B/E | Tianlian-2-04,Active,29.15,Success
74,Rocket Lab,"Rocket Lab LC-1B, Māhia Peninsula, New Zealand","Wed Mar 26, 2025 15:30 UTC",Electron/Curie | Finding Hot Wildfires Near You,Active,7.5,Success
75,SpaceX,"SLC-40, Cape Canaveral SFS, Florida, USA","Mon Mar 24, 2025 17:48 UTC",Falcon 9 Block 5 | NROL-69 (USA-498),Active,69.75,Success
76,Galactic Energy,"Site 95A, Jiuquan Satellite Launch Center, China","Fri Mar 21, 2025 11:07 UTC",Ceres 1 | Vernal Ascent,Active,4.38,Success
77,SpaceX,"SLC-4E, Vandenberg SFB, California, USA","Fri Mar 21, 2025 06:49 UTC",Falcon 9 Block 5 | NROL-57 (USA-487 to 497),Active,69.75,Success
78,SpaceX,"SLC-40, Cape Canaveral SFS, Florida, USA","Tue Mar 18, 2025 19:57 UTC",Falcon 9 Block 5 | Starlink Group 12-25,Active,69.75,Success
79,Rocket Lab,"Rocket Lab LC-1A, Māhia Peninsula, New Zealand","Tue Mar 18, 2025 01:31 UTC",Electron/Curie | High Five,Active,7.5,Success
80,Galactic Energy,"Site 95A, Jiuquan Satellite Launch Center, China","Mon Mar 17, 2025 08:07 UTC",Ceres 1 | Auld Lang Syne,Active,4.38,Success
81,VKS RF,"Site 35/1, Plesetsk Cosmodrome, Russia","Sun Mar 16, 2025 10:49 UTC",Angara 1.2 | Cosmos 2585 to 2587,Active,,Success
82,SpaceX,"SLC-40, Cape Canaveral SFS, Florida, USA","Sat Mar 15, 2025 11:35 UTC",Falcon 9 Block 5 | Starlink Group 12-16,Active,69.75,Success
83,SpaceX,"SLC-4E, Vandenberg SFB, California, USA","Sat Mar 15, 2025 06:43 UTC",Falcon 9 Block 5 | Transporter 13,Active,69.75,Success
84,CASC,"Site 9401 (SLS-2), Jiuquan Satellite Launch Center, China","Sat Mar 15, 2025 04:11 UTC",Long March 2D | SuperView Neo 3-02,Active,29.75,Success
85,Rocket Lab,"Rocket Lab LC-1B, Māhia Peninsula, New Zealand","Sat Mar 15, 2025 00:00 UTC",Electron/Curie | The Lightning God Reigns,Active,7.5,Success
86,SpaceX,"LC-39A, Kennedy Space Center, Florida, USA","Fri Mar 14, 2025 23:03 UTC",Falcon 9 Block 5 | SpaceX Crew-10,Active,69.75,Success
87,SpaceX,"SLC-40, Cape Canaveral SFS, Florida, USA","Thu Mar 13, 2025 02:35 UTC",Falcon 9 Block 5 | Starlink Group 12-21,Active,69.75,Success
88,SpaceX,"SLC-4E, Vandenberg SFB, California, USA","Wed Mar 12, 2025 03:10 UTC",Falcon 9 Block 5 | SPHEREx & PUNCH,Active,69.75,Success
89,CASC,"Commercial LC-1, Wenchang Space Launch Site, China","Tue Mar 11, 2025 16:38 UTC",Long March 8 | G60 Polar Group 05,Active,27.0,Success
90,CASC,"LC-3, Xichang Satellite Launch Center, China","Sun Mar 09, 2025 17:17 UTC",Long March 3B/E | TJSW-15,Active,29.15,Success
91,SpaceX,"Orbital Launch Pad A, Starbase, Texas, USA","Thu Mar 06, 2025 23:30 UTC",Starship-Super Heavy Block 2 | Starship Flight 8,Active,,Failure
92,Arianespace,"ELA-4, Guiana Space Centre, French Guiana, France","Thu Mar 06, 2025 16:24 UTC",Ariane 62 | CSO-3,Active,88.0,Success
93,SpaceX,"SLC-40, Cape Canaveral SFS, Florida, USA","Mon Mar 03, 2025 02:24 UTC",Falcon 9 Block 5 | Starlink Group 12-20,Active,69.75,Success
94,VKS RF,"Site 43/3, Plesetsk Cosmodrome, Russia","Sun Mar 02, 2025 22:22 UTC",Soyuz 2.1b/Fregat-M | Cosmos 2584,Active,25.0,Success
95,ExPace,"Site 95A, Jiuquan Satellite Launch Center, China","Sat Mar 01, 2025 10:00 UTC",Kuaizhou 1A | Unknown Payload,Active,5.8,Prelaunch Failure
96,Roscosmos,"Site 31/6, Baikonur Cosmodrome, Kazakhstan","Thu Feb 27, 2025 21:24 UTC",Soyuz 2.1a | Progress MS-30,Active,17.42,Success
97,CASC,"Site 9401 (SLS-2), Jiuquan Satellite Launch Center, China","Thu Feb 27, 2025 07:08 UTC",Long March 2C | SuperView Neo 1-03 & 04,Active,30.8,Success
98,SpaceX,"SLC-40, Cape Canaveral SFS, Florida, USA","Thu Feb 27, 2025 03:34 UTC",Falcon 9 Block 5 | Starlink Group 12-13,Active,69.75,Success
99,SpaceX,"LC-39A, Kennedy Space Center, Florida, USA","Thu Feb 27, 2025 00:16 UTC",Falcon 9 Block 5 | Nova-C IM-2 & Others,Active,69.75,Success
100,Blue Origin,"Launch Site One, West Texas, Texas, USA","Tue Feb 25, 2025 15:49 UTC",New Shepard | NS-30,Active,,Success
101,SpaceX,"SLC-4E, Vandenberg SFB, California, USA","Sun Feb 23, 2025 01:38 UTC",Falcon 9 Block 5 | Starlink Group 15-1,Active,69.75,Success
102,CASC,"LC-2, Xichang Satellite Launch Center, China","Sat Feb 22, 2025 12:11 UTC",Long March 3B/E | ChinaSat 10R,Active,29.15,Success
103,SpaceX,"SLC-40, Cape Canaveral SFS, Florida, USA","Fri Feb 21, 2025 15:19 UTC",Falcon 9 Block 5 | Starlink Group 12-14,Active,69.75,Success
104,SpaceX,"SLC-40, Cape Canaveral SFS, Florida, USA","Tue Feb 18, 2025 23:21 UTC",Falcon 9 Block 5 | Starlink Group 10-12,Active,69.75,Success
105,Rocket Lab,"Rocket Lab LC-1B, Māhia Peninsula, New Zealand","Tue Feb 18, 2025 23:17 UTC",Electron/Curie | Fasten Your Space Belts,Active,7.5,Success
106,SpaceX,"SLC-40, Cape Canaveral SFS, Florida, USA","Sat Feb 15, 2025 06:14 UTC",Falcon 9 Block 5 | Starlink Group 12-8,Active,69.75,Success
107,SpaceX,"SLC-40, Cape Canaveral SFS, Florida, USA","Tue Feb 11, 2025 18:53 UTC",Falcon 9 Block 5 | Starlink Group 12-18,Active,69.75,Success
108,CASC,"LC-201, Wenchang Space Launch Site, China","Tue Feb 11, 2025 09:30 UTC",Long March 8A | SatNet LEO Group 02 (Demo Flight),Active,,Success
109,SpaceX,"SLC-4E, Vandenberg SFB, California, USA","Tue Feb 11, 2025 02:09 UTC",Falcon 9 Block 5 | Starlink Group 11-10,Active,69.75,Success
110,Rocket Lab,"Rocket Lab LC-1A, Māhia Peninsula, New Zealand","Sat Feb 08, 2025 20:43 UTC",Electron/Curie | IoT 4 You and Me,Active,7.5,Success
111,SpaceX,"SLC-40, Cape Canaveral SFS, Florida, USA","Sat Feb 08, 2025 19:18 UTC",Falcon 9 Block 5 | Starlink Group 12-9,Active,69.75,Success
112,VKS RF,"Site 43/4, Plesetsk Cosmodrome, Russia","Wed Feb 05, 2025 03:59 UTC",Soyuz 2.1v/Volga | Cosmos 2581/2582/2583,Retired,,Success
113,SpaceX,"LC-39A, Kennedy Space Center, Florida, USA","Tue Feb 04, 2025 23:13 UTC",Falcon 9 Block 5 | WorldView Legion 5 & 6,Active,69.75,Success
114,Blue Origin,"Launch Site One, West Texas, Texas, USA","Tue Feb 04, 2025 16:00 UTC",New Shepard | NS-29,Active,,Success
115,SpaceX,"SLC-40, Cape Canaveral SFS, Florida, USA","Tue Feb 04, 2025 10:15 UTC",Falcon 9 Block 5 | Starlink Group 12-3,Active,69.75,Success
116,MHI,"LA-Y2, Tanegashima Space Center, Japan","Sun Feb 02, 2025 08:30 UTC",H3-22S | Michibiki 6,Active,50.0,Success
117,SpaceX,"SLC-4E, Vandenberg SFB, California, USA","Sat Feb 01, 2025 23:02 UTC",Falcon 9 Block 5 | Starlink Group 11-4,Active,69.75,Success
118,SpaceX,"LC-39A, Kennedy Space Center, Florida, USA","Thu Jan 30, 2025 01:34 UTC",Falcon 9 Block 5 | SPAINSAT New Generation I,Active,69.75,Success
119,ISRO,"Second Launch Pad, Satish Dhawan Space Centre, India","Wed Jan 29, 2025 00:53 UTC",GSLV Mk II | NVS-02 (IRNSS-1K),Active,47.0,Success
120,SpaceX,"SLC-40, Cape Canaveral SFS, Florida, USA","Mon Jan 27, 2025 22:05 UTC",Falcon 9 Block 5 | Starlink Group 12-7,Active,69.75,Success
121,SpaceX,"SLC-4E, Vandenberg SFB, California, USA","Fri Jan 24, 2025 14:07 UTC",Falcon 9 Block 5 | Starlink Group 11-6,Active,69.75,Success
122,CASC,"LC-2, Xichang Satellite Launch Center, China","Thu Jan 23, 2025 15:32 UTC",Long March 3B/E | TJSW-14,Active,29.15,Success
123,CASC,"LC-9A, Taiyuan Satellite Launch Center, China","Thu Jan 23, 2025 05:15 UTC",Long March 6A | G60 Polar Group 06,Active,,Success
124,SpaceX,"SLC-4E, Vandenberg SFB, California, USA","Tue Jan 21, 2025 15:45 UTC",Falcon 9 Block 5 | Starlink Group 11-8,Active,69.75,Success
125,SpaceX,"LC-39A, Kennedy Space Center, Florida, USA","Tue Jan 21, 2025 05:24 UTC","Falcon 9 Block 5 | Starlink Group 13-1, USA 485 & USA 486",Active,69.75,Success
126,Galactic Energy,"Site 95A, Jiuquan Satellite Launch Center, China","Mon Jan 20, 2025 10:11 UTC",Ceres 1 | On Your Shoulders,Active,4.38,Success
127,CASC,"Site 9401 (SLS-2), Jiuquan Satellite Launch Center, China","Fri Jan 17, 2025 04:07 UTC",Long March 2D | PRSC-EO1,Active,29.75,Success
128,SpaceX,"Orbital Launch Pad A, Starbase, Texas, USA","Thu Jan 16, 2025 22:37 UTC",Starship-Super Heavy Block 2 | Starship Flight 7,Active,,Failure
129,Blue Origin,"LC-36, Cape Canaveral SFS, Florida, USA","Thu Jan 16, 2025 07:03 UTC",New Glenn | Blue Ring Pathfinder (Maiden Flight),Active,,Success
130,SpaceX,"LC-39A, Kennedy Space Center, Florida, USA","Wed Jan 15, 2025 06:11 UTC",Falcon 9 Block 5 | Blue Ghost Mission 1 & HAKUTO-R M2 “Resilience”,Active,69.75,Success
131,SpaceX,"SLC-4E, Vandenberg SFB, California, USA","Tue Jan 14, 2025 19:09 UTC",Falcon 9 Block 5 | Transporter 12,Active,69.75,Success
132,SpaceX,"SLC-40, Cape Canaveral SFS, Florida, USA","Mon Jan 13, 2025 16:47 UTC",Falcon 9 Block 5 | Starlink Group 12-4,Active,69.75,Success
133,Chinarocket,"Haiyang Spaceport, China Coastal Waters","Mon Jan 13, 2025 03:00 UTC",Jielong 3 | 10 x CentiSpace-1,Active,,Success
134,SpaceX,"SLC-40, Cape Canaveral SFS, Florida, USA","Fri Jan 10, 2025 19:11 UTC",Falcon 9 Block 5 | Starlink Group 12-12,Active,69.75,Success
135,SpaceX,"SLC-4E, Vandenberg SFB, California, USA","Fri Jan 10, 2025 03:53 UTC",Falcon 9 Block 5 | NROL-153 (USA-463 to 484),Active,69.75,Success
136,SpaceX,"LC-39A, Kennedy Space Center, Florida, USA","Wed Jan 08, 2025 15:27 UTC",Falcon 9 Block 5 | Starlink Group 12-11,Active,69.75,Success
137,SpaceX,"SLC-40, Cape Canaveral SFS, Florida, USA","Mon Jan 06, 2025 20:43 UTC",Falcon 9 Block 5 | Starlink Group 6-71,Active,69.75,Success
138,CASC,"LC-3, Xichang Satellite Launch Center, China","Mon Jan 06, 2025 20:00 UTC",Long March 3B/E | Shijian 25,Active,29.15,Success
139,SpaceX,"SLC-40, Cape Canaveral SFS, Florida, USA","Sat Jan 04, 2025 01:27 UTC",Falcon 9 Block 5 | Thuraya 4-NGS,Active,69.75,Success
140,SpaceX,"LC-39A, Kennedy Space Center, Florida, USA","Tue Dec 31, 2024 05:39 UTC",Falcon 9 Block 5 | Starlink Group 12-6,Active,69.75,Success
141,ISRO,"First Launch Pad, Satish Dhawan Space Centre, India","Mon Dec 30, 2024 16:30 UTC",PSLV-CA | SPADEX,Active,21.0,Success
142,SpaceX,"SLC-40, Cape Canaveral SFS, Florida, USA","Sun Dec 29, 2024 05:00 UTC",Falcon 9 Block 5 | Astranis: From One to Many,Active,69.75,Success
143,SpaceX,"SLC-4E, Vandenberg SFB, California, USA","Sun Dec 29, 2024 01:58 UTC",Falcon 9 Block 5 | Starlink Group 11-3,Active,69.75,Success
144,CAS Space,"Site 130, Jiuquan Satellite Launch Center, China","Fri Dec 27, 2024 01:03 UTC",Kinetica 1 | DEAR-3 & 10 other satellites,Active,,Failure
145,Roscosmos,"Site 31/6, Baikonur Cosmodrome, Kazakhstan","Wed Dec 25, 2024 07:45 UTC",Soyuz 2.1b | Resurs-P No.5,Active,20.0,Success
146,SpaceX,"LC-39A, Kennedy Space Center, Florida, USA","Mon Dec 23, 2024 05:35 UTC",Falcon 9 Block 5 | Starlink Group 12-2,Active,69.75,Success
147,Rocket Lab,"Rocket Lab LC-1B, Māhia Peninsula, New Zealand","Sat Dec 21, 2024 14:17 UTC",Electron/Curie | Owl The Way Up,Active,7.5,Success
148,SpaceX,"SLC-4E, Vandenberg SFB, California, USA","Sat Dec 21, 2024 11:34 UTC",Falcon 9 Block 5 | Bandwagon-2,Active,69.75,Success
149,CASC,"LC-2, Xichang Satellite Launch Center, China","Fri Dec 20, 2024 15:12 UTC",Long March 3B/E | TJSW-12,Active,29.15,Success
150,Galactic Energy,"Oriental Spaceport Launch Ship (Area 1), China Coastal Waters","Thu Dec 19, 2024 10:18 UTC",Ceres 1S | Loong,Active,4.38,Success
151,Space One,"Space One Launch Pad, Space Port Kii, Japan","Wed Dec 18, 2024 02:00 UTC",KAIROS | Flight 2,Active,9.0,Failure
152,SpaceX,"LC-39A, Kennedy Space Center, Florida, USA","Tue Dec 17, 2024 22:26 UTC",Falcon 9 Block 5 | O3b mPOWER 7 & 8,Active,69.75,Success
153,SpaceX,"SLC-4E, Vandenberg SFB, California, USA","Tue Dec 17, 2024 13:19 UTC",Falcon 9 Block 5 | NROL-149 (USA-441 to 462),Active,69.75,Success
154,SpaceX,"SLC-40, Cape Canaveral SFS, Florida, USA","Tue Dec 17, 2024 00:52 UTC",Falcon 9 Block 5 | GPS III SV07 (RRT-1) (USA 440),Active,69.75,Success
155,CASC,"LC-9, Taiyuan Satellite Launch Center, China","Mon Dec 16, 2024 18:50 UTC",Long March 2D | PIESAT-2 09-12,Active,29.75,Success
156,CASC,"LC-101, Wenchang Space Launch Site, China","Mon Dec 16, 2024 10:00 UTC",Long March 5B/YZ-2 | SatNet LEO Group 01,Active,,Success
157,Rocket Lab,"Rocket Lab LC-2 (LP-0C), Wallops Flight Facility, Virginia, USA","Sat Dec 14, 2024 01:00 UTC",Electron | Stonehenge,Active,7.5,Success
158,SpaceX,"SLC-4E, Vandenberg SFB, California, USA","Fri Dec 13, 2024 21:55 UTC",Falcon 9 Block 5 | Starlink Group 11-2,Active,69.75,Success
159,CASC,"Site 9401 (SLS-2), Jiuquan Satellite Launch Center, China","Thu Dec 12, 2024 07:17 UTC",Long March 2D/YZ-3 | High Speed Laser Diamond Constellation Test System,Active,30.0,Success
160,SpaceX,"SLC-40, Cape Canaveral SFS, Florida, USA","Sun Dec 08, 2024 05:12 UTC",Falcon 9 Block 5 | Starlink Group 12-5,Active,69.75,Success
161,ISA,"Imam Khomeini Spaceport, Semnan Space Center, Iran","Fri Dec 06, 2024 03:14 UTC",Simorgh | Fakhr-1 & Saman-1,Active,,Success
162,Arianespace,"ELV, Guiana Space Centre, French Guiana, France","Thu Dec 05, 2024 21:20 UTC",Vega C | Sentinel-1C,Active,,Success
163,SpaceX,"LC-39A, Kennedy Space Center, Florida, USA","Thu Dec 05, 2024 16:10 UTC",Falcon 9 Block 5 | SXM-9,Active,69.75,Success
164,ISRO,"First Launch Pad, Satish Dhawan Space Centre, India","Thu Dec 05, 2024 10:34 UTC",PSLV-XL | PROBA 3,Active,31.0,Success
165,CASC,"LC-9A, Taiyuan Satellite Launch Center, China","Thu Dec 05, 2024 04:41 UTC",Long March 6A | G60 Polar Group 03,Active,,Success
166,SpaceX,"SLC-4E, Vandenberg SFB, California, USA","Thu Dec 05, 2024 03:05 UTC",Falcon 9 Block 5 | Starlink Group 9-14,Active,69.75,Success
167,VKS RF,"Site 43/4, Plesetsk Cosmodrome, Russia","Wed Dec 04, 2024 18:03 UTC",Soyuz 2.1b | Cosmos 2580,Active,20.0,Success
168,SpaceX,"SLC-40, Cape Canaveral SFS, Florida, USA","Wed Dec 04, 2024 10:13 UTC",Falcon 9 Block 5 | Starlink Group 6-70,Active,69.75,Success
169,ExPace,"Mobile Launcher Pad, Xichang Satellite Launch Center, China","Wed Dec 04, 2024 04:46 UTC",Kuaizhou 1A | Haishao-1,Active,5.8,Success
170,CASC,"LC-3, Xichang Satellite Launch Center, China","Tue Dec 03, 2024 05:56 UTC",Long March 3B/E | TJSW-13,Active,29.15,Success
171,CASC,"Commercial LC-2, Wenchang Space Launch Site, China","Sat Nov 30, 2024 14:25 UTC",Long March 12 | Demo Flight,Active,,Success
172,SpaceX,"SLC-4E, Vandenberg SFB, California, USA","Sat Nov 30, 2024 08:10 UTC",Falcon 9 Block 5 | NROL-126 (USA-438 & USA-439) & Starlink,Active,69.75,Success
173,SpaceX,"SLC-40, Cape Canaveral SFS, Florida, USA","Sat Nov 30, 2024 05:00 UTC",Falcon 9 Block 5 | Starlink Group 6-65,Active,69.75,Success
174,Roscosmos,"Site 1S, Vostochny Cosmodrome, Russia","Fri Nov 29, 2024 21:50 UTC",Soyuz 2.1a/Fregat-M | Kondor-FKA n°2,Active,23.0,Success
175,SpaceX,"LC-39A, Kennedy Space Center, Florida, USA","Wed Nov 27, 2024 04:41 UTC",Falcon 9 Block 5 | Starlink Group 6-76,Active,69.75,Success
176,Landspace,"Site 96, Jiuquan Satellite Launch Center, China","Wed Nov 27, 2024 02:00 UTC",ZhuQue-2E | Guangchuan-01 & 02,Active,,Success
177,SpaceX,"SLC-40, Cape Canaveral SFS, Florida, USA","Mon Nov 25, 2024 10:02 UTC",Falcon 9 Block 5 | Starlink Group 12-1,Active,69.75,Success
178,Rocket Lab,"Rocket Lab LC-1B, Māhia Peninsula, New Zealand","Mon Nov 25, 2024 03:55 UTC",Electron/Curie | Ice AIS Baby,Active,7.5,Success
179,CASC,"Site 9401 (SLS-2), Jiuquan Satellite Launch Center, China","Sun Nov 24, 2024 23:39 UTC",Long March 2C | SuperView Neo 2-03 & 04,Active,30.8,Success
180,Rocket Lab,"Rocket Lab LC-2 (LP-0C), Wallops Flight Facility, Virginia, USA","Sun Nov 24, 2024 06:00 UTC",Electron | HASTE A La Vista,Active,7.5,Success
181,SpaceX,"SLC-4E, Vandenberg SFB, California, USA","Sun Nov 24, 2024 05:25 UTC",Falcon 9 Block 5 | Starlink Group 9-13,Active,69.75,Success
182,Blue Origin,"Launch Site One, West Texas, Texas, USA","Fri Nov 22, 2024 15:30 UTC",New Shepard | NS-28,Active,,Success
183,SpaceX,"SLC-40, Cape Canaveral SFS, Florida, USA","Thu Nov 21, 2024 16:07 UTC",Falcon 9 Block 5 | Starlink Group 6-66,Active,69.75,Success
184,Roscosmos,"Site 31/6, Baikonur Cosmodrome, Kazakhstan","Thu Nov 21, 2024 12:22 UTC",Soyuz 2.1a | Progress MS-29,Active,17.42,Success
185,SpaceX,"Orbital Launch Pad A, Starbase, Texas, USA","Tue Nov 19, 2024 22:00 UTC",Starship-Super Heavy Block 1 | Starship Flight 6,Retired,,Success
186,SpaceX,"SLC-40, Cape Canaveral SFS, Florida, USA","Mon Nov 18, 2024 18:31 UTC",Falcon 9 Block 5 | GSAT-20 (GSAT-N2),Active,69.75,Success
187,SpaceX,"SLC-4E, Vandenberg SFB, California, USA","Mon Nov 18, 2024 05:53 UTC",Falcon 9 Block 5 | Starlink Group 9-12,Active,69.75,Success
188,SpaceX,"LC-39A, Kennedy Space Center, Florida, USA","Sun Nov 17, 2024 22:28 UTC",Falcon 9 Block 5 | Optus-X/TD7,Active,69.75,Success
189,CASC,"LC-201, Wenchang Space Launch Site, China","Fri Nov 15, 2024 15:13 UTC",Long March 7 | Tianzhou 8,Active,,Success
190,SpaceX,"SLC-40, Cape Canaveral SFS, Florida, USA","Thu Nov 14, 2024 13:21 UTC",Falcon 9 Block 5 | Starlink Group 6-68,Active,69.75,Success
191,SpaceX,"SLC-4E, Vandenberg SFB, California, USA","Thu Nov 14, 2024 05:23 UTC",Falcon 9 Block 5 | Starlink Group 9-11,Active,69.75,Success
192,CASC,"LC-9, Taiyuan Satellite Launch Center, China","Wed Nov 13, 2024 22:42 UTC",Long March 4B | Haiyang 4-01,Active,64.68,Success
193,SpaceX,"SLC-40, Cape Canaveral SFS, Florida, USA","Mon Nov 11, 2024 21:28 UTC",Falcon 9 Block 5 | Starlink Group 6-69,Active,69.75,Success
194,SpaceX,"LC-39A, Kennedy Space Center, Florida, USA","Mon Nov 11, 2024 17:22 UTC",Falcon 9 Block 5 | Koreasat 6A,Active,69.75,Success
195,CAS Space,"Site 130, Jiuquan Satellite Launch Center, China","Mon Nov 11, 2024 04:03 UTC",Kinetica 1 | 15 satellites,Active,,Success
196,SpaceX,"SLC-4E, Vandenberg SFB, California, USA","Sat Nov 09, 2024 06:14 UTC",Falcon 9 Block 5 | Starlink Group 9-10,Active,69.75,Success
197,CASC,"Site 9401 (SLS-2), Jiuquan Satellite Launch Center, China","Sat Nov 09, 2024 03:39 UTC",Long March 2C | PIESAT-2 01-04,Active,30.8,Success
198,SpaceX,"SLC-40, Cape Canaveral SFS, Florida, USA","Thu Nov 07, 2024 20:19 UTC",Falcon 9 Block 5 | Starlink Group 6-77,Active,69.75,Success
199,Rocket Lab,"Rocket Lab LC-1B, Māhia Peninsula, New Zealand","Tue Nov 05, 2024 10:54 UTC","Electron/Curie | Changes In Latitudes, Changes In Attitudes",Active,7.5,Success
200,SpaceX,"LC-39A, Kennedy Space Center, Florida, USA","Tue Nov 05, 2024 02:29 UTC",Falcon 9 Block 5 | CRS SpX-31,Active,69.75,Success
201,Roscosmos,"Site 1S, Vostochny Cosmodrome, Russia","Mon Nov 04, 2024 23:18 UTC","Soyuz 2.1b/Fregat-M | Ionosfera-M n°1, 2 & Others",Active,25.0,Success
202,MHI,"LA-Y2, Tanegashima Space Center, Japan","Mon Nov 04, 2024 06:48 UTC",H3-22S | Kirameki 3,Active,50.0,Success
203,VKS RF,"Site 43/4, Plesetsk Cosmodrome, Russia","Thu Oct 31, 2024 07:51 UTC",Soyuz 2.1a | Cosmos 2579,Active,17.42,Success
204,SpaceX,"SLC-40, Cape Canaveral SFS, Florida, USA","Wed Oct 30, 2024 21:10 UTC",Falcon 9 Block 5 | Starlink Group 10-13,Active,69.75,Success
205,SpaceX,"SLC-4E, Vandenberg SFB, California, USA","Wed Oct 30, 2024 12:07 UTC",Falcon 9 Block 5 | Starlink Group 9-9,Active,69.75,Success
206,CASC,"Site 901 (SLS-1), Jiuquan Satellite Launch Center, China","Tue Oct 29, 2024 20:27 UTC",Long March 2F/G | Shenzhou 19,Active,,Success
207,SpaceX,"SLC-40, Cape Canaveral SFS, Florida, USA","Sat Oct 26, 2024 21:47 UTC",Falcon 9 Block 5 | Starlink Group 10-8,Active,69.75,Success
208,SpaceX,"SLC-4E, Vandenberg SFB, California, USA","Thu Oct 24, 2024 17:13 UTC",Falcon 9 Block 5 | NROL-167 (USA-421 to 437),Active,69.75,Success
209,SpaceX,"SLC-40, Cape Canaveral SFS, Florida, USA","Wed Oct 23, 2024 21:47 UTC",Falcon 9 Block 5 | Starlink Group 6-61,Active,69.75,Success
210,Blue Origin,"Launch Site One, West Texas, Texas, USA","Wed Oct 23, 2024 15:27 UTC",New Shepard | NS-27,Active,,Success
211,CASC,"LC-3, Xichang Satellite Launch Center, China","Wed Oct 23, 2024 01:09 UTC",Long March 2C | Yaogan 43 Group 03,Active,30.8,Success
212,CASC,"LC-16, Taiyuan Satellite Launch Center, China","Tue Oct 22, 2024 00:10 UTC",Long March 6 | Tianping-3,Active,19.0,Success
213,SpaceX,"SLC-4E, Vandenberg SFB, California, USA","Sun Oct 20, 2024 05:13 UTC",Falcon 9 Block 5 | OneWeb #20,Active,69.75,Success
214,SpaceX,"SLC-40, Cape Canaveral SFS, Florida, USA","Fri Oct 18, 2024 23:31 UTC",Falcon 9 Block 5 | Starlink Group 8-19,Active,69.75,Success
215,CASC,"Site 9401 (SLS-2), Jiuquan Satellite Launch Center, China","Tue Oct 15, 2024 23:45 UTC",Long March 4C | Gaofen-12 05,Active,64.68,Success
216,CASC,"LC-9A, Taiyuan Satellite Launch Center, China","Tue Oct 15, 2024 11:06 UTC",Long March 6A | G60 Polar Group 02,Active,,Success
217,SpaceX,"SLC-4E, Vandenberg SFB, California, USA","Tue Oct 15, 2024 08:21 UTC",Falcon 9 Block 5 | Starlink Group 9-7,Active,69.75,Success
218,SpaceX,"SLC-40, Cape Canaveral SFS, Florida, USA","Tue Oct 15, 2024 06:10 UTC",Falcon 9 Block 5 | Starlink Group 10-10,Active,69.75,Success
219,SpaceX,"LC-39A, Kennedy Space Center, Florida, USA","Mon Oct 14, 2024 16:06 UTC",Falcon Heavy | Europa Clipper,Active,97.0,Success
220,SpaceX,"Orbital Launch Pad A, Starbase, Texas, USA","Sun Oct 13, 2024 12:25 UTC",Starship-Super Heavy Block 1 | Starship Flight 5,Retired,,Success
221,CASC,"LC-2, Xichang Satellite Launch Center, China","Thu Oct 10, 2024 13:50 UTC",Long March 3B/E | WHG-03,Active,29.15,Success
222,SpaceX,"SLC-40, Cape Canaveral SFS, Florida, USA","Mon Oct 07, 2024 14:52 UTC",Falcon 9 Block 5 | Hera,Active,69.75,Success
223,ULA,"SLC-41, Cape Canaveral SFS, Florida, USA","Fri Oct 04, 2024 11:25 UTC",Vulcan VC2S | Certification Flight 2,Active,,Success
224,SpaceX,"SLC-40, Cape Canaveral SFS, Florida, USA","Sat Sep 28, 2024 17:17 UTC",Falcon 9 Block 5 | SpaceX Crew-9,Active,69.75,Success
225,CASC,"Site 9401 (SLS-2), Jiuquan Satellite Launch Center, China","Fri Sep 27, 2024 10:30 UTC",Long March 2D | Shijian 19,Active,29.75,Success
226,MHI,"LA-Y1, Tanegashima Space Center, Japan","Thu Sep 26, 2024 05:24 UTC",H-IIA 202 | IGS-Radar 8,Active,90.0,Success
227,SpaceX,"SLC-4E, Vandenberg SFB, California, USA","Wed Sep 25, 2024 04:01 UTC",Falcon 9 Block 5 | Starlink Group 9-8,Active,69.75,Success
228,CAS Space,"Site 130, Jiuquan Satellite Launch Center, China","Tue Sep 24, 2024 23:33 UTC",Kinetica 1 | 5 satellites,Active,,Success
229,Chinarocket,"Haiyang Spaceport, China Coastal Waters","Tue Sep 24, 2024 02:31 UTC",Jielong 3 | 8 satellites,Active,,Success
230,Rocket Lab,"Rocket Lab LC-1A, Māhia Peninsula, New Zealand","Fri Sep 20, 2024 23:01 UTC",Electron/Curie | Kinéis Killed The RadIoT Star,Active,7.5,Success
231,SpaceX,"SLC-4E, Vandenberg SFB, California, USA","Fri Sep 20, 2024 13:50 UTC",Falcon 9 Block 5 | Starlink Group 9-17,Active,69.75,Success
232,ExPace,"Mobile Launcher Pad, Xichang Satellite Launch Center, China","Fri Sep 20, 2024 09:43 UTC",Kuaizhou 1A | Tianqi 29-32,Active,5.8,Success
233,CASC,"LC-9, Taiyuan Satellite Launch Center, China","Fri Sep 20, 2024 04:11 UTC",Long March 2D | Jilin-1 Wideband 02B-01 to 06,Active,29.75,Success
234,CASC,"LC-2, Xichang Satellite Launch Center, China","Thu Sep 19, 2024 01:14 UTC",Long March 3B/YZ-1 | Beidou-3 M25 & M27,Active,,Success
235,SpaceX,"SLC-40, Cape Canaveral SFS, Florida, USA","Tue Sep 17, 2024 22:50 UTC",Falcon 9 Block 5 | Galileo FOC FM26 & FM32,Active,69.75,Success
236,VKS RF,"Site 35/1, Plesetsk Cosmodrome, Russia","Tue Sep 17, 2024 07:01 UTC",Angara 1.2 | Cosmos 2577 & 2578,Active,,Success
237,IRGC,"Launch Platform, Shahrud Missile Test Site, Iran","Sat Sep 14, 2024 05:58 UTC",Qaem 100 | Chamran-1,Active,,Success
238,SpaceX,"SLC-4E, Vandenberg SFB, California, USA","Fri Sep 13, 2024 01:45 UTC",Falcon 9 Block 5 | Starlink Group 9-6,Active,69.75,Success
239,SpaceX,"SLC-40, Cape Canaveral SFS, Florida, USA","Thu Sep 12, 2024 08:52 UTC",Falcon 9 Block 5 | BlueBird Block 1 #1-5,Active,69.75,Success
240,Roscosmos,"Site 31/6, Baikonur Cosmodrome, Kazakhstan","Wed Sep 11, 2024 16:23 UTC",Soyuz 2.1a | Soyuz MS-26,Active,17.42,Success
241,SpaceX,"LC-39A, Kennedy Space Center, Florida, USA","Tue Sep 10, 2024 09:23 UTC",Falcon 9 Block 5 | Polaris Dawn,Active,69.75,Success
242,SpaceX,"SLC-4E, Vandenberg SFB, California, USA","Fri Sep 06, 2024 03:20 UTC",Falcon 9 Block 5 | NROL-113 (USA-400 to 420),Active,69.75,Success
243,CASC,"LC-16, Taiyuan Satellite Launch Center, China","Thu Sep 05, 2024 18:30 UTC",Long March 6 | Geely Constellation Group 03,Active,19.0,Success
244,SpaceX,"SLC-40, Cape Canaveral SFS, Florida, USA","Thu Sep 05, 2024 15:33 UTC",Falcon 9 Block 5 | Starlink Group 8-11,Active,69.75,Success
245,Arianespace,"ELV, Guiana Space Centre, French Guiana, France","Thu Sep 05, 2024 01:50 UTC",Vega | Sentinel-2C,Retired,37.0,Success
246,CASC,"LC-3, Xichang Satellite Launch Center, China","Tue Sep 03, 2024 01:22 UTC",Long March 4B | Yaogan 43 Group 02,Active,64.68,Success
247,SpaceX,"SLC-4E, Vandenberg SFB, California, USA","Sat Aug 31, 2024 08:48 UTC",Falcon 9 Block 5 | Starlink Group 9-5,Active,69.75,Success
248,SpaceX,"SLC-40, Cape Canaveral SFS, Florida, USA","Sat Aug 31, 2024 07:43 UTC",Falcon 9 Block 5 | Starlink Group 8-10,Active,69.75,Success
249,Blue Origin,"Launch Site One, West Texas, Texas, USA","Thu Aug 29, 2024 13:07 UTC",New Shepard | NS-26,Active,,Success
250,Galactic Energy,"Haiyang Spaceport, China Coastal Waters","Thu Aug 29, 2024 05:22 UTC",Ceres 1S | How Far I’ll Go,Active,4.38,Success
251,SpaceX,"SLC-40, Cape Canaveral SFS, Florida, USA","Wed Aug 28, 2024 07:48 UTC",Falcon 9 Block 5 | Starlink Group 8-6,Active,69.75,Success
252,CASC,"LC-201, Wenchang Space Launch Site, China","Thu Aug 22, 2024 12:25 UTC",Long March 7A | ChinaSat 4A,Active,,Success
253,SpaceX,"SLC-40, Cape Canaveral SFS, Florida, USA","Tue Aug 20, 2024 13:20 UTC",Falcon 9 Block 5 | Starlink Group 10-5,Active,69.75,Success
254,SpaceX,"SLC-4E, Vandenberg SFB, California, USA","Fri Aug 16, 2024 18:56 UTC",Falcon 9 Block 5 | Transporter 11,Active,69.75,Success
255,CASC,"LC-3, Xichang Satellite Launch Center, China","Fri Aug 16, 2024 07:35 UTC",Long March 4B | Yaogan 43 Group 01,Active,64.68,Success
256,ISRO,"First Launch Pad, Satish Dhawan Space Centre, India","Fri Aug 16, 2024 03:47 UTC",SSLV | EOS-08 & Space Rickshaw-0,Active,,Success
257,SpaceX,"SLC-40, Cape Canaveral SFS, Florida, USA","Thu Aug 15, 2024 13:00 UTC",Falcon 9 Block 5 | WorldView Legion 3 & 4,Active,69.75,Success
258,Roscosmos,"Site 31/6, Baikonur Cosmodrome, Kazakhstan","Thu Aug 15, 2024 03:20 UTC",Soyuz 2.1a | Progress MS-28,Active,17.42,Success
259,SpaceX,"LC-39A, Kennedy Space Center, Florida, USA","Mon Aug 12, 2024 10:37 UTC",Falcon 9 Block 5 | Starlink Group 10-7,Active,69.75,Success
260,SpaceX,"SLC-4E, Vandenberg SFB, California, USA","Mon Aug 12, 2024 02:02 UTC",Falcon 9 Block 5 | Arctic Satellite Broadband Mission (ASBM),Active,69.75,Success
261,Rocket Lab,"Rocket Lab LC-1B, Māhia Peninsula, New Zealand","Sun Aug 11, 2024 13:18 UTC",Electron/Curie | A Sky Full Of SARs,Active,7.5,Success
262,SpaceX,"SLC-40, Cape Canaveral SFS, Florida, USA","Sat Aug 10, 2024 12:50 UTC",Falcon 9 Block 5 | Starlink Group 8-3,Active,69.75,Success
263,CASC,"LC-9A, Taiyuan Satellite Launch Center, China","Tue Aug 06, 2024 06:42 UTC",Long March 6A | G60 Polar Group 01,Active,,Success
264,SpaceX,"SLC-40, Cape Canaveral SFS, Florida, USA","Sun Aug 04, 2024 15:02 UTC",Falcon 9 Block 5 | CRS NG-21,Active,69.75,Success
265,SpaceX,"SLC-4E, Vandenberg SFB, California, USA","Sun Aug 04, 2024 07:24 UTC",Falcon 9 Block 5 | Starlink Group 11-1,Active,69.75,Success
266,Rocket Lab,"Rocket Lab LC-1B, Māhia Peninsula, New Zealand","Fri Aug 02, 2024 16:39 UTC","Electron/Curie | Owl For One, One For Owl",Active,7.5,Success
267,SpaceX,"LC-39A, Kennedy Space Center, Florida, USA","Fri Aug 02, 2024 05:01 UTC",Falcon 9 Block 5 | Starlink Group 10-6,Active,69.75,Success
268,CASC,"LC-2, Xichang Satellite Launch Center, China","Thu Aug 01, 2024 13:14 UTC",Long March 3B/E | WHG-02,Active,29.15,Success
269,ULA,"SLC-41, Cape Canaveral SFS, Florida, USA","Tue Jul 30, 2024 10:45 UTC",Atlas V 551 | USSF-51,Active,153.0,Success
270,SpaceX,"SLC-4E, Vandenberg SFB, California, USA","Sun Jul 28, 2024 09:22 UTC",Falcon 9 Block 5 | Starlink Group 9-4,Active,69.75,Success
271,SpaceX,"SLC-40, Cape Canaveral SFS, Florida, USA","Sun Jul 28, 2024 05:09 UTC",Falcon 9 Block 5 | Starlink Group 10-4,Active,69.75,Success
272,SpaceX,"LC-39A, Kennedy Space Center, Florida, USA","Sat Jul 27, 2024 05:45 UTC",Falcon 9 Block 5 | Starlink Group 10-9,Active,69.75,Success
273,CASC,"LC-9, Taiyuan Satellite Launch Center, China","Fri Jul 19, 2024 03:03 UTC",Long March 4B | Gaofen-11 05,Active,64.68,Success
274,SpaceX,"SLC-4E, Vandenberg SFB, California, USA","Fri Jul 12, 2024 02:35 UTC",Falcon 9 Block 5 | Starlink Group 9-3,Active,69.75,Failure
275,iSpace,"Site 95A, Jiuquan Satellite Launch Center, China","Wed Jul 10, 2024 23:40 UTC",Hyperbola 1 | Yunyao-1 15-17,Active,,Failure
276,ESA,"ELA-4, Guiana Space Centre, French Guiana, France","Tue Jul 09, 2024 19:00 UTC",Ariane 62 | ESA Rideshares - Demo Flight,Active,88.0,Partial Failure
277,SpaceX,"SLC-40, Cape Canaveral SFS, Florida, USA","Mon Jul 08, 2024 23:30 UTC",Falcon 9 Block 5 | Türksat 6A,Active,69.75,Success
278,CASC,"LC-9A, Taiyuan Satellite Launch Center, China","Thu Jul 04, 2024 22:49 UTC",Long March 6A | Tianhui 5 Group 02,Active,,Success
279,Firefly,"SLC-2W, Vandenberg SFB, California, USA","Thu Jul 04, 2024 04:04 UTC",Alpha | Noise of Summer,Active,15.0,Success
280,SpaceX,"SLC-40, Cape Canaveral SFS, Florida, USA","Wed Jul 03, 2024 08:55 UTC",Falcon 9 Block 5 | Starlink Group 8-9,Active,69.75,Success
281,MHI,"LA-Y2, Tanegashima Space Center, Japan","Mon Jul 01, 2024 03:06 UTC",H3-22S | ALOS-4,Active,50.0,Success
282,CASC,"LC-201, Wenchang Space Launch Site, China","Sat Jun 29, 2024 11:57 UTC",Long March 7A | ChinaSat 3A,Active,,Success
283,SpaceX,"SLC-4E, Vandenberg SFB, California, USA","Sat Jun 29, 2024 03:14 UTC",Falcon 9 Block 5 | NROL-186 (USA-375 to 395),Active,69.75,Success
284,SpaceX,"SLC-40, Cape Canaveral SFS, Florida, USA","Thu Jun 27, 2024 11:14 UTC",Falcon 9 Block 5 | Starlink Group 10-3,Active,69.75,Success
285,SpaceX,"LC-39A, Kennedy Space Center, Florida, USA","Tue Jun 25, 2024 21:26 UTC",Falcon Heavy | GOES-U (GOES-19),Active,97.0,Success
286,SpaceX,"SLC-4E, Vandenberg SFB, California, USA","Mon Jun 24, 2024 03:47 UTC",Falcon 9 Block 5 | Starlink Group 9-2,Active,69.75,Success
287,SpaceX,"SLC-40, Cape Canaveral SFS, Florida, USA","Sun Jun 23, 2024 17:15 UTC",Falcon 9 Block 5 | Starlink Group 10-2,Active,69.75,Success
288,CASC,"LC-3, Xichang Satellite Launch Center, China","Sat Jun 22, 2024 07:00 UTC",Long March 2C | SVOM,Active,30.8,Success
289,SpaceX,"SLC-40, Cape Canaveral SFS, Florida, USA","Thu Jun 20, 2024 21:35 UTC",Falcon 9 Block 5 | Astra 1P/SES-24,Active,69.75,Success
290,Rocket Lab,"Rocket Lab LC-1B, Māhia Peninsula, New Zealand","Thu Jun 20, 2024 18:13 UTC",Electron/Curie | No Time Toulouse,Active,7.5,Success
291,SpaceX,"SLC-4E, Vandenberg SFB, California, USA","Wed Jun 19, 2024 03:40 UTC",Falcon 9 Block 5 | Starlink Group 9-1,Active,69.75,Success
292,Virgin Galactic,"VMS Eve, Spaceport America, New Mexico, USA","Sat Jun 08, 2024 15:26 UTC",SpaceShipTwo | Galactic-07,Retired,,Success
293,SpaceX,"SLC-4E, Vandenberg SFB, California, USA","Sat Jun 08, 2024 12:58 UTC",Falcon 9 Block 5 | Starlink Group 8-8,Active,69.75,Success
294,SpaceX,"SLC-40, Cape Canaveral SFS, Florida, USA","Sat Jun 08, 2024 01:56 UTC",Falcon 9 Block 5 | Starlink Group 10-1,Active,69.75,Success
295,SpaceX,"Orbital Launch Pad A, Starbase, Texas, USA","Thu Jun 06, 2024 12:50 UTC",Starship-Super Heavy Block 1 | Starship Flight 4,Retired,,Success
296,Galactic Energy,"Site 95A, Jiuquan Satellite Launch Center, China","Thu Jun 06, 2024 05:00 UTC",Ceres 1 | Love On Top,Active,4.38,Success
297,ULA,"SLC-41, Cape Canaveral SFS, Florida, USA","Wed Jun 05, 2024 14:52 UTC",Atlas V N22 | Starliner CFT,Active,,Success
298,Rocket Lab,"Rocket Lab LC-1B, Māhia Peninsula, New Zealand","Wed Jun 05, 2024 03:15 UTC",Electron/Curie | PREFIRE And Ice,Active,7.5,Success
299,SpaceX,"SLC-40, Cape Canaveral SFS, Florida, USA","Wed Jun 05, 2024 02:16 UTC",Falcon 9 Block 5 | Starlink Group 8-5,Active,69.75,Success
300,SpaceX,"SLC-40, Cape Canaveral SFS, Florida, USA","Sat Jun 01, 2024 02:37 UTC",Falcon 9 Block 5 | Starlink Group 6-64,Active,69.75,Success
301,Galactic Energy,"Site 95A, Jiuquan Satellite Launch Center, China","Thu May 30, 2024 23:39 UTC",Ceres 1 | Heroes,Active,4.38,Success
302,CASC,"LC-2, Xichang Satellite Launch Center, China","Thu May 30, 2024 12:12 UTC",Long March 3B/E | Paksat MM1(R),Active,29.15,Success
303,Roscosmos,"Site 31/6, Baikonur Cosmodrome, Kazakhstan","Thu May 30, 2024 09:42 UTC",Soyuz 2.1a | Progress MS-27,Active,17.42,Success
304,Galactic Energy,"Oriental Spaceport Launch Ship (Area 1), China Coastal Waters","Wed May 29, 2024 08:12 UTC",Ceres 1S | Beautiful World,Active,4.38,Success
305,SpaceX,"SLC-4E, Vandenberg SFB, California, USA","Tue May 28, 2024 22:20 UTC",Falcon 9 Block 5 | EarthCARE,Active,69.75,Success
306,SpaceX,"SLC-40, Cape Canaveral SFS, Florida, USA","Tue May 28, 2024 14:24 UTC",Falcon 9 Block 5 | Starlink Group 6-60,Active,69.75,Success
307,NADA,"Pad 2, Sohae Satellite Launching Station, North Korea","Mon May 27, 2024 13:44 UTC",Chŏllima 1 | Manligyeong 1-1,Active,,Failure
308,Rocket Lab,"Rocket Lab LC-1B, Māhia Peninsula, New Zealand","Sat May 25, 2024 07:41 UTC","Electron/Curie | Ready, Aim, PREFIRE",Active,7.5,Success
309,SpaceX,"LC-39A, Kennedy Space Center, Florida, USA","Fri May 24, 2024 02:45 UTC",Falcon 9 Block 5 | Starlink Group 6-63,Active,69.75,Success
310,SpaceX,"SLC-40, Cape Canaveral SFS, Florida, USA","Thu May 23, 2024 02:35 UTC",Falcon 9 Block 5 | Starlink Group 6-62,Active,69.75,Success
311,SpaceX,"SLC-4E, Vandenberg SFB, California, USA","Wed May 22, 2024 08:00 UTC",Falcon 9 Block 5 | NROL-146 (USA-354 to 374),Active,69.75,Success
312,ExPace,"Site 95A, Jiuquan Satellite Launch Center, China","Tue May 21, 2024 04:15 UTC",Kuaizhou 11 | Wuhan-1 and others,Active,28.3,Success
313,CASC,"LC-9, Taiyuan Satellite Launch Center, China","Mon May 20, 2024 03:06 UTC",Long March 2D | Beijing 3C,Active,29.75,Success
314,Blue Origin,"Launch Site One, West Texas, Texas, USA","Sun May 19, 2024 14:35 UTC",New Shepard | NS-25,Active,,Success
315,SpaceX,"SLC-40, Cape Canaveral SFS, Florida, USA","Sat May 18, 2024 00:32 UTC",Falcon 9 Block 5 | Starlink Group 6-59,Active,69.75,Success
316,VKS RF,"Site 43/4, Plesetsk Cosmodrome, Russia","Thu May 16, 2024 21:21 UTC",Soyuz 2.1b/Fregat-M | Cosmos 2576,Active,25.0,Success
317,SpaceX,"SLC-4E, Vandenberg SFB, California, USA","Tue May 14, 2024 18:39 UTC",Falcon 9 Block 5 | Starlink Group 8-7,Active,69.75,Success
318,SpaceX,"SLC-40, Cape Canaveral SFS, Florida, USA","Mon May 13, 2024 00:53 UTC",Falcon 9 Block 5 | Starlink Group 6-58,Active,69.75,Success
319,CASC,"Site 9401 (SLS-2), Jiuquan Satellite Launch Center, China","Sat May 11, 2024 23:43 UTC",Long March 4C | Shiyan 23,Active,64.68,Success
320,SpaceX,"SLC-4E, Vandenberg SFB, California, USA","Fri May 10, 2024 04:30 UTC",Falcon 9 Block 5 | Starlink Group 8-2,Active,69.75,Success
321,CASC,"LC-2, Xichang Satellite Launch Center, China","Thu May 09, 2024 01:43 UTC",Long March 3B/E | ZHTW 1-01,Active,29.15,Success
322,SpaceX,"LC-39A, Kennedy Space Center, Florida, USA","Wed May 08, 2024 18:42 UTC",Falcon 9 Block 5 | Starlink Group 6-56,Active,69.75,Success
323,CASC,"LC-9A, Taiyuan Satellite Launch Center, China","Tue May 07, 2024 03:21 UTC",Long March 6C | Maiden Flight,Active,,Success
324,SpaceX,"SLC-40, Cape Canaveral SFS, Florida, USA","Mon May 06, 2024 18:14 UTC",Falcon 9 Block 5 | Starlink Group 6-57,Active,69.75,Success
325,CASC,"LC-101, Wenchang Space Launch Site, China","Fri May 03, 2024 09:27 UTC",Long March 5 | Chang'e 6,Active,,Success
326,SpaceX,"SLC-40, Cape Canaveral SFS, Florida, USA","Fri May 03, 2024 02:37 UTC",Falcon 9 Block 5 | Starlink Group 6-55,Active,69.75,Success
327,SpaceX,"SLC-4E, Vandenberg SFB, California, USA","Thu May 02, 2024 18:36 UTC",Falcon 9 Block 5 | WorldView Legion 1 & 2,Active,69.75,Success
328,SpaceX,"SLC-40, Cape Canaveral SFS, Florida, USA","Sun Apr 28, 2024 22:08 UTC",Falcon 9 Block 5 | Starlink Group 6-54,Active,69.75,Success
329,SpaceX,"LC-39A, Kennedy Space Center, Florida, USA","Sun Apr 28, 2024 00:34 UTC",Falcon 9 Block 5 | Galileo FOC FM25 & FM27,Active,69.75,Success
330,CASC,"Site 901 (SLS-1), Jiuquan Satellite Launch Center, China","Thu Apr 25, 2024 12:59 UTC",Long March 2F/G | Shenzhou 18,Active,,Success
331,Rocket Lab,"Rocket Lab LC-1B, Māhia Peninsula, New Zealand","Tue Apr 23, 2024 22:32 UTC",Electron/Curie | Beginning Of The Swarm,Active,7.5,Success
332,SpaceX,"SLC-40, Cape Canaveral SFS, Florida, USA","Tue Apr 23, 2024 22:17 UTC",Falcon 9 Block 5 | Starlink Group 6-53,Active,69.75,Success
333,CASC,"LC-3, Xichang Satellite Launch Center, China","Sat Apr 20, 2024 23:45 UTC",Long March 2D | Yaogan 42-02,Active,29.75,Success
334,SpaceX,"SLC-40, Cape Canaveral SFS, Florida, USA","Thu Apr 18, 2024 22:40 UTC",Falcon 9 Block 5 | Starlink Group 6-52,Active,69.75,Success
335,SpaceX,"LC-39A, Kennedy Space Center, Florida, USA","Wed Apr 17, 2024 21:26 UTC",Falcon 9 Block 5 | Starlink Group 6-51,Active,69.75,Success
336,CASC,"Site 9401 (SLS-2), Jiuquan Satellite Launch Center, China","Mon Apr 15, 2024 04:12 UTC",Long March 2D | SuperView Neo 3-01,Active,29.75,Success
337,SpaceX,"SLC-40, Cape Canaveral SFS, Florida, USA","Sat Apr 13, 2024 01:40 UTC",Falcon 9 Block 5 | Starlink Group 6-49,Active,69.75,Success
338,SpaceX,"SLC-4E, Vandenberg SFB, California, USA","Thu Apr 11, 2024 14:25 UTC",Falcon 9 Block 5 | USSF-62 (WSF-M 1),Active,69.75,Success
339,Roscosmos,"Site 1A, Vostochny Cosmodrome, Russia","Thu Apr 11, 2024 09:00 UTC",Angara A5/Blok DM-03 | Vostochny Angara Test Flight,Active,100.0,Success
340,SpaceX,"SLC-40, Cape Canaveral SFS, Florida, USA","Wed Apr 10, 2024 05:40 UTC",Falcon 9 Block 5 | Starlink Group 6-48,Active,69.75,Success
341,ULA,"SLC-37B, Cape Canaveral SFS, Florida, USA","Tue Apr 09, 2024 16:53 UTC",Delta IV Heavy | Orion 12 (USA-353) (NROL-70),Retired,350.0,Success
342,SpaceX,"LC-39A, Kennedy Space Center, Florida, USA","Sun Apr 07, 2024 23:16 UTC",Falcon 9 Block 5 | Bandwagon-1,Active,69.75,Success
343,SpaceX,"SLC-4E, Vandenberg SFB, California, USA","Sun Apr 07, 2024 02:25 UTC",Falcon 9 Block 5 | Starlink Group 8-1,Active,69.75,Success
344,SpaceX,"SLC-40, Cape Canaveral SFS, Florida, USA","Fri Apr 05, 2024 09:12 UTC",Falcon 9 Block 5 | Starlink Group 6-47,Active,69.75,Success
345,CASC,"LC-3, Xichang Satellite Launch Center, China","Tue Apr 02, 2024 22:56 UTC",Long March 2D | Yaogan 42-01,Active,29.75,Success
346,SpaceX,"SLC-4E, Vandenberg SFB, California, USA","Tue Apr 02, 2024 02:30 UTC",Falcon 9 Block 5 | Starlink Group 7-18,Active,69.75,Success
347,Roscosmos,"Site 31/6, Baikonur Cosmodrome, Kazakhstan","Sun Mar 31, 2024 09:36 UTC",Soyuz 2.1b | Resurs-P No.4,Active,20.0,Success
348,SpaceX,"SLC-40, Cape Canaveral SFS, Florida, USA","Sun Mar 31, 2024 01:30 UTC",Falcon 9 Block 5 | Starlink Group 6-45,Active,69.75,Success
349,SpaceX,"LC-39A, Kennedy Space Center, Florida, USA","Sat Mar 30, 2024 21:52 UTC",Falcon 9 Block 5 | Eutelsat 36D,Active,69.75,Success
350,CASC,"LC-9A, Taiyuan Satellite Launch Center, China","Tue Mar 26, 2024 22:51 UTC",Long March 6A | Yunhai 3-02,Active,,Success
351,SpaceX,"SLC-40, Cape Canaveral SFS, Florida, USA","Mon Mar 25, 2024 23:42 UTC",Falcon 9 Block 5 | Starlink Group 6-46,Active,69.75,Success
352,SpaceX,"LC-39A, Kennedy Space Center, Florida, USA","Sun Mar 24, 2024 03:09 UTC",Falcon 9 Block 5 | Starlink Group 6-42,Active,69.75,Success
353,Roscosmos,"Site 31/6, Baikonur Cosmodrome, Kazakhstan","Sat Mar 23, 2024 12:36 UTC",Soyuz 2.1a | Soyuz MS-25,Active,17.42,Success
354,SpaceX,"SLC-40, Cape Canaveral SFS, Florida, USA","Thu Mar 21, 2024 20:55 UTC",Falcon 9 Block 5 | CRS SpX-30,Active,69.75,Success
355,Rocket Lab,"Rocket Lab LC-2 (LP-0C), Wallops Flight Facility, Virginia, USA","Thu Mar 21, 2024 07:25 UTC",Electron/Curie | Live and Let Fly (USA-352) (NROL-123) & Others,Active,7.5,Success
356,CASC,"Site 9401 (SLS-2), Jiuquan Satellite Launch Center, China","Thu Mar 21, 2024 05:27 UTC",Long March 2D/YZ-3 | Yunhai-2 Group 02,Active,30.0,Success
357,CASC,"LC-201, Wenchang Space Launch Site, China","Wed Mar 20, 2024 00:31 UTC",Long March 8 | Queqiao-2,Active,27.0,Success
358,SpaceX,"SLC-4E, Vandenberg SFB, California, USA","Tue Mar 19, 2024 02:28 UTC","Falcon 9 Block 5 | Starlink Group 7-16, USA 350, and USA 351",Active,69.75,Success
359,SpaceX,"LC-39A, Kennedy Space Center, Florida, USA","Sat Mar 16, 2024 00:21 UTC",Falcon 9 Block 5 | Starlink Group 6-44,Active,69.75,Success
360,SpaceX,"Orbital Launch Pad A, Starbase, Texas, USA","Thu Mar 14, 2024 13:25 UTC",Starship-Super Heavy Block 1 | Starship Flight 3,Retired,,Success
361,CASC,"LC-3, Xichang Satellite Launch Center, China","Wed Mar 13, 2024 12:51 UTC",Long March 2C/YZ-1S | DRO-A/B,Active,30.8,Partial Failure
362,Space One,"Space One Launch Pad, Space Port Kii, Japan","Wed Mar 13, 2024 02:01 UTC",KAIROS | Maiden Flight,Active,9.0,Failure
363,Rocket Lab,"Rocket Lab LC-1B, Māhia Peninsula, New Zealand","Tue Mar 12, 2024 15:03 UTC",Electron/Curie | Owl Night Long,Active,7.5,Success
364,SpaceX,"SLC-4E, Vandenberg SFB, California, USA","Mon Mar 11, 2024 04:09 UTC",Falcon 9 Block 5 | Starlink Group 7-17,Active,69.75,Success
365,SpaceX,"SLC-40, Cape Canaveral SFS, Florida, USA","Sun Mar 10, 2024 23:05 UTC",Falcon 9 Block 5 | Starlink Group 6-43,Active,69.75,Success
366,SpaceX,"SLC-40, Cape Canaveral SFS, Florida, USA","Mon Mar 04, 2024 23:56 UTC",Falcon 9 Block 5 | Starlink Group 6-41,Active,69.75,Success
367,SpaceX,"SLC-4E, Vandenberg SFB, California, USA","Mon Mar 04, 2024 22:05 UTC",Falcon 9 Block 5 | Transporter 10,Active,69.75,Success
368,SpaceX,"LC-39A, Kennedy Space Center, Florida, USA","Mon Mar 04, 2024 03:53 UTC",Falcon 9 Block 5 | SpaceX Crew-8,Active,69.75,Success
369,SpaceX,"SLC-40, Cape Canaveral SFS, Florida, USA","Thu Feb 29, 2024 15:30 UTC",Falcon 9 Block 5 | Starlink Group 6-40,Active,69.75,Success
370,CASC,"LC-2, Xichang Satellite Launch Center, China","Thu Feb 29, 2024 13:03 UTC",Long March 3B/E | WHG-01,Active,29.15,Success
371,Roscosmos,"Site 1S, Vostochny Cosmodrome, Russia","Thu Feb 29, 2024 05:43 UTC",Soyuz 2.1b/Fregat-M | Meteor-M n°2-4 and others,Active,25.0,Success
372,SpaceX,"SLC-40, Cape Canaveral SFS, Florida, USA","Sun Feb 25, 2024 22:06 UTC",Falcon 9 Block 5 | Starlink Group 6-39,Active,69.75,Success
373,CASC,"LC-101, Wenchang Space Launch Site, China","Fri Feb 23, 2024 11:30 UTC",Long March 5 | TJSW-11,Active,,Success
374,SpaceX,"SLC-4E, Vandenberg SFB, California, USA","Fri Feb 23, 2024 04:11 UTC",Falcon 9 Block 5 | Starlink Group 7-15,Active,69.75,Success
375,SpaceX,"SLC-40, Cape Canaveral SFS, Florida, USA","Tue Feb 20, 2024 20:11 UTC",Falcon 9 Block 5 | HTS-113BT (Merah Putih 2),Active,69.75,Success
376,Rocket Lab,"Rocket Lab LC-1B, Māhia Peninsula, New Zealand","Sun Feb 18, 2024 14:52 UTC",Electron/Curie | On Closer Inspection,Active,7.5,Success
377,ISRO,"Second Launch Pad, Satish Dhawan Space Centre, India","Sat Feb 17, 2024 12:05 UTC",GSLV Mk II | INSAT-3DS,Active,47.0,Success
378,MHI,"LA-Y2, Tanegashima Space Center, Japan","Sat Feb 17, 2024 00:22 UTC","H3-22S | VEP 4, CE-SAT-1E & TIRSAT",Active,50.0,Success
379,SpaceX,"SLC-4E, Vandenberg SFB, California, USA","Thu Feb 15, 2024 21:34 UTC",Falcon 9 Block 5 | Starlink Group 7-14,Active,69.75,Success
380,SpaceX,"LC-39A, Kennedy Space Center, Florida, USA","Thu Feb 15, 2024 06:05 UTC",Falcon 9 Block 5 | Nova-C IM-1,Active,69.75,Success
381,Roscosmos,"Site 31/6, Baikonur Cosmodrome, Kazakhstan","Thu Feb 15, 2024 03:25 UTC",Soyuz 2.1a | Progress MS-26,Active,17.42,Success
382,SpaceX,"SLC-40, Cape Canaveral SFS, Florida, USA","Wed Feb 14, 2024 22:30 UTC",Falcon 9 Block 5 | USSF-124 (HBTSS & Others),Active,69.75,Success
383,SpaceX,"SLC-4E, Vandenberg SFB, California, USA","Sat Feb 10, 2024 00:34 UTC",Falcon 9 Block 5 | Starlink Group 7-13,Active,69.75,Success
384,VKS RF,"Site 43/4, Plesetsk Cosmodrome, Russia","Fri Feb 09, 2024 07:03 UTC",Soyuz 2.1v | Cosmos 2575,Retired,,Success
385,SpaceX,"SLC-40, Cape Canaveral SFS, Florida, USA","Thu Feb 08, 2024 06:33 UTC",Falcon 9 Block 5 | PACE,Active,69.75,Success
386,Chinarocket,"Bo Run Jiu Zhou Barge (Area 2), China Coastal Waters","Sat Feb 03, 2024 03:06 UTC",Jielong 3 | 9 satellites,Active,,Success
387,CASC,"LC-3, Xichang Satellite Launch Center, China","Fri Feb 02, 2024 23:37 UTC",Long March 2C | Geely Constellation Group 02,Active,30.8,Success
388,Rocket Lab,"Rocket Lab LC-1B, Māhia Peninsula, New Zealand","Wed Jan 31, 2024 06:34 UTC",Electron/Curie | Four Of A Kind,Active,7.5,Success
389,SpaceX,"SLC-40, Cape Canaveral SFS, Florida, USA","Tue Jan 30, 2024 17:07 UTC",Falcon 9 Block 5 | CRS NG-20,Active,69.75,Success
390,SpaceX,"SLC-4E, Vandenberg SFB, California, USA","Mon Jan 29, 2024 05:57 UTC",Falcon 9 Block 5 | Starlink Group 7-12,Active,69.75,Success
391,SpaceX,"LC-39A, Kennedy Space Center, Florida, USA","Mon Jan 29, 2024 01:10 UTC",Falcon 9 Block 5 | Starlink Group 6-38,Active,69.75,Success
392,ISA,"Imam Khomeini Spaceport, Semnan Space Center, Iran","Sun Jan 28, 2024 00:04 UTC","Simorgh | Mahda, Keyhan-2 & Hatef-1",Active,,Success
393,Virgin Galactic,"VMS Eve, Spaceport America, New Mexico, USA","Fri Jan 26, 2024 17:42 UTC",SpaceShipTwo | Galactic-06,Retired,,Success
394,SpaceX,"SLC-4E, Vandenberg SFB, California, USA","Wed Jan 24, 2024 00:35 UTC",Falcon 9 Block 5 | Starlink Group 7-11,Active,69.75,Success
395,CAS Space,"Site 130, Jiuquan Satellite Launch Center, China","Tue Jan 23, 2024 04:03 UTC",Kinetica 1 | Third Flight,Active,,Success
396,IRGC,"Launch Platform, Shahrud Missile Test Site, Iran","Sat Jan 20, 2024 06:28 UTC",Qaem 100 | Soraya,Active,,Success
397,SpaceX,"LC-39A, Kennedy Space Center, Florida, USA","Thu Jan 18, 2024 21:49 UTC",Falcon 9 Block 5 | Axiom Mission 3 (Ax-3),Active,69.75,Success
398,CASC,"LC-201, Wenchang Space Launch Site, China","Wed Jan 17, 2024 14:27 UTC",Long March 7 | Tianzhou 7,Active,,Success
399,SpaceX,"SLC-40, Cape Canaveral SFS, Florida, USA","Mon Jan 15, 2024 01:52 UTC",Falcon 9 Block 5 | Starlink Group 6-37,Active,69.75,Success
400,SpaceX,"SLC-4E, Vandenberg SFB, California, USA","Sun Jan 14, 2024 08:59 UTC",Falcon 9 Block 5 | Starlink Group 7-10,Active,69.75,Success
401,MHI,"LA-Y1, Tanegashima Space Center, Japan","Fri Jan 12, 2024 04:44 UTC",H-IIA 202 | IGS-Optical 8,Active,90.0,Success
402,Orienspace,"Haiyang Spaceport, China Coastal Waters","Thu Jan 11, 2024 05:30 UTC",Gravity 1 | Maiden flight,Active,27.22,Success
403,ExPace,"Site 95A, Jiuquan Satellite Launch Center, China","Thu Jan 11, 2024 03:52 UTC",Kuaizhou 1A | Tianxing-1-02,Active,5.8,Success
404,CASC,"LC-3, Xichang Satellite Launch Center, China","Tue Jan 09, 2024 07:03 UTC",Long March 2C | Einstein Probe,Active,30.8,Success
405,ULA,"SLC-41, Cape Canaveral SFS, Florida, USA","Mon Jan 08, 2024 07:18 UTC",Vulcan VC2S | Peregrine Mission One,Active,,Success
406,SpaceX,"SLC-40, Cape Canaveral SFS, Florida, USA","Sun Jan 07, 2024 22:35 UTC",Falcon 9 Block 5 | Starlink Group 6-35,Active,69.75,Success
407,ExPace,"Site 95A, Jiuquan Satellite Launch Center, China","Fri Jan 05, 2024 11:20 UTC",Kuaizhou 1A | Tianmu-1 15-18,Active,5.8,Success
408,SpaceX,"SLC-40, Cape Canaveral SFS, Florida, USA","Wed Jan 03, 2024 23:04 UTC",Falcon 9 Block 5 | Ovzon-3,Active,69.75,Success
409,SpaceX,"SLC-4E, Vandenberg SFB, California, USA","Wed Jan 03, 2024 03:44 UTC",Falcon 9 Block 5 | Starlink Group 7-9,Active,69.75,Success
410,ISRO,"First Launch Pad, Satish Dhawan Space Centre, India","Mon Jan 01, 2024 03:40 UTC",PSLV-DL | XPoSat,Active,,Success
411,CASC,"Site 9401 (SLS-2), Jiuquan Satellite Launch Center, China","Sat Dec 30, 2023 00:13 UTC",Long March 2C/YZ-1S | 3 x SatNet test satellites,Active,30.8,Success
412,SpaceX,"SLC-40, Cape Canaveral SFS, Florida, USA","Fri Dec 29, 2023 04:01 UTC",Falcon 9 Block 5 | Starlink Group 6-36,Active,69.75,Success
413,SpaceX,"LC-39A, Kennedy Space Center, Florida, USA","Fri Dec 29, 2023 01:07 UTC",Falcon Heavy | USSF-52 (OTV-7),Active,97.0,Success
414,VKS RF,"Site 43/4, Plesetsk Cosmodrome, Russia","Wed Dec 27, 2023 07:03 UTC",Soyuz 2.1v | Cosmos 2574,Retired,,Success
415,ExPace,"Site 95A, Jiuquan Satellite Launch Center, China","Wed Dec 27, 2023 06:50 UTC",Kuaizhou 1A | Tianmu-1 19-22,Active,5.8,Success
416,CASC,"LC-2, Xichang Satellite Launch Center, China","Tue Dec 26, 2023 03:26 UTC",Long March 3B/YZ-1 | Beidou-3 M26 & M28,Active,,Success
417,CASC,"Bo Run Jiu Zhou Barge (Area 1), China Coastal Waters","Mon Dec 25, 2023 22:39 UTC",Long March 11H | Shiyan 24C,Active,5.3,Success
418,ExPace,"Site 95A, Jiuquan Satellite Launch Center, China","Mon Dec 25, 2023 01:00 UTC",Kuaizhou 1A | Tianmu-1 11-14,Active,5.8,Success
419,SpaceX,"SLC-4E, Vandenberg SFB, California, USA","Sun Dec 24, 2023 13:11 UTC",Falcon 9 Block 5 | SARah 2 & 3,Active,69.75,Success
420,SpaceX,"SLC-40, Cape Canaveral SFS, Florida, USA","Sat Dec 23, 2023 05:33 UTC",Falcon 9 Block 5 | Starlink Group 6-32,Active,69.75,Success
421,Firefly,"SLC-2W, Vandenberg SFB, California, USA","Fri Dec 22, 2023 17:32 UTC",Alpha | Fly the Lightning,Active,15.0,Partial Failure
422,VKS RF,"Site 43/4, Plesetsk Cosmodrome, Russia","Thu Dec 21, 2023 08:48 UTC",Soyuz 2.1b | Cosmos 2573,Active,20.0,Success
423,Blue Origin,"Launch Site One, West Texas, Texas, USA","Tue Dec 19, 2023 16:42 UTC",New Shepard | NS-24,Active,,Success
424,SpaceX,"SLC-40, Cape Canaveral SFS, Florida, USA","Tue Dec 19, 2023 04:01 UTC",Falcon 9 Block 5 | Starlink Group 6-34,Active,69.75,Success
425,iSpace,"Site 95A, Jiuquan Satellite Launch Center, China","Sun Dec 17, 2023 07:00 UTC",Hyperbola 1 | DEAR-1,Active,,Success
426,Roscosmos,"Site 31/6, Baikonur Cosmodrome, Kazakhstan","Sat Dec 16, 2023 09:17 UTC",Soyuz 2.1b/Fregat-M | Arktika-M n°2,Active,25.0,Success
427,CASC,"LC-101, Wenchang Space Launch Site, China","Fri Dec 15, 2023 13:41 UTC",Long March 5 | Yaogan 41,Active,,Success
428,Rocket Lab,"Rocket Lab LC-1B, Māhia Peninsula, New Zealand","Fri Dec 15, 2023 04:05 UTC",Electron/Curie | The Moon God Awakens,Active,7.5,Success
429,CASC,"Site 901 (SLS-1), Jiuquan Satellite Launch Center, China","Thu Dec 14, 2023 14:12 UTC",Long March 2F/T | Experimental Spaceplane (CSSHQ),Active,,Success
430,CASC,"LC-3, Xichang Satellite Launch Center, China","Sun Dec 10, 2023 01:58 UTC",Long March 2D | Yaogan 39 Group 05,Active,29.75,Success
431,Landspace,"Site 96, Jiuquan Satellite Launch Center, China","Fri Dec 08, 2023 23:39 UTC",ZhuQue-2 | Flight 3,Active,,Success
432,SpaceX,"SLC-4E, Vandenberg SFB, California, USA","Fri Dec 08, 2023 08:03 UTC",Falcon 9 Block 5 | Starlink Group 7-8,Active,69.75,Success
433,SpaceX,"SLC-40, Cape Canaveral SFS, Florida, USA","Thu Dec 07, 2023 05:07 UTC",Falcon 9 Block 5 | Starlink Group 6-33,Active,69.75,Success
434,Chinarocket,"Bo Run Jiu Zhou Barge (Area 1), China Coastal Waters","Tue Dec 05, 2023 19:24 UTC",Jielong 3 | SatNet test satellite,Active,,Success
435,Galactic Energy,"Site 95A, Jiuquan Satellite Launch Center, China","Mon Dec 04, 2023 23:33 UTC",Ceres 1 | We Won’t Stop,Active,4.38,Success
436,ADD,"ADD Offshore launch platform, Jeju Island, South Korea","Mon Dec 04, 2023 05:00 UTC",South Korean ADD Solid-Fuel SLV (3 stage) | S-STEP,Active,,Success
437,CASC,"Site 9401 (SLS-2), Jiuquan Satellite Launch Center, China","Mon Dec 04, 2023 04:10 UTC",Long March 2C | MisrSat-2,Active,30.8,Success
438,SpaceX,"SLC-40, Cape Canaveral SFS, Florida, USA","Sun Dec 03, 2023 04:00 UTC",Falcon 9 Block 5 | Starlink Group 6-31,Active,69.75,Success
439,SpaceX,"SLC-4E, Vandenberg SFB, California, USA","Fri Dec 01, 2023 18:19 UTC",Falcon 9 Block 5 | 425 Project Flight 1 & Rideshares,Active,69.75,Success
440,Roscosmos,"Site 31/6, Baikonur Cosmodrome, Kazakhstan","Fri Dec 01, 2023 09:25 UTC",Soyuz 2.1a | Progress MS-25,Active,17.42,Success
441,SpaceX,"SLC-40, Cape Canaveral SFS, Florida, USA","Tue Nov 28, 2023 04:20 UTC",Falcon 9 Block 5 | Starlink Group 6-30,Active,69.75,Success
442,VKS RF,"Site 43/4, Plesetsk Cosmodrome, Russia","Sat Nov 25, 2023 20:58 UTC",Soyuz 2.1b | Cosmos 2572,Active,20.0,Success
443,CASC,"LC-3, Xichang Satellite Launch Center, China","Thu Nov 23, 2023 10:00 UTC",Long March 2D/YZ-3 | 3 x SatNet test satellites,Active,30.0,Success
444,SpaceX,"SLC-40, Cape Canaveral SFS, Florida, USA","Wed Nov 22, 2023 07:47 UTC",Falcon 9 Block 5 | Starlink Group 6-29,Active,69.75,Success
445,NADA,"Pad 2, Sohae Satellite Launching Station, North Korea","Tue Nov 21, 2023 13:42 UTC",Chŏllima 1 | Manligyeong 1 #3,Active,,Success
446,SpaceX,"SLC-4E, Vandenberg SFB, California, USA","Mon Nov 20, 2023 10:30 UTC",Falcon 9 Block 5 | Starlink Group 7-7,Active,69.75,Success
447,SpaceX,"Orbital Launch Pad A, Starbase, Texas, USA","Sat Nov 18, 2023 13:02 UTC",Starship-Super Heavy Block 1 | Starship Flight Test 2,Retired,,Partial Failure
448,SpaceX,"SLC-40, Cape Canaveral SFS, Florida, USA","Sat Nov 18, 2023 05:05 UTC",Falcon 9 Block 5 | Starlink Group 6-28,Active,69.75,Success
449,CASC,"Site 9401 (SLS-2), Jiuquan Satellite Launch Center, China","Thu Nov 16, 2023 03:55 UTC",Long March 2C/YZ-1S | Haiyang 3-01,Active,30.8,Success
450,SpaceX,"SLC-40, Cape Canaveral SFS, Florida, USA","Sun Nov 12, 2023 21:08 UTC",Falcon 9 Block 5 | O3b mPOWER 5 & 6,Active,69.75,Success
451,SpaceX,"SLC-4E, Vandenberg SFB, California, USA","Sat Nov 11, 2023 18:49 UTC",Falcon 9 Block 5 | Transporter 9,Active,69.75,Success
452,SpaceX,"LC-39A, Kennedy Space Center, Florida, USA","Fri Nov 10, 2023 01:28 UTC",Falcon 9 Block 5 | CRS SpX-29,Active,69.75,Success
453,CASC,"LC-2, Xichang Satellite Launch Center, China","Thu Nov 09, 2023 11:23 UTC",Long March 3B/E | ChinaSat 6E,Active,29.15,Success
454,SpaceX,"SLC-40, Cape Canaveral SFS, Florida, USA","Wed Nov 08, 2023 05:05 UTC",Falcon 9 Block 5 | Starlink Group 6-27,Active,69.75,Success
455,SpaceX,"SLC-40, Cape Canaveral SFS, Florida, USA","Sat Nov 04, 2023 00:37 UTC",Falcon 9 Block 5 | Starlink Group 6-26,Active,69.75,Success
456,CASC,"LC-201, Wenchang Space Launch Site, China","Fri Nov 03, 2023 14:54 UTC",Long March 7A | TJSW-10,Active,,Success
457,Virgin Galactic,"VMS Eve, Spaceport America, New Mexico, USA","Thu Nov 02, 2023 15:44 UTC",SpaceShipTwo | Galactic-05,Retired,,Success
458,CASC,"LC-9A, Taiyuan Satellite Launch Center, China","Tue Oct 31, 2023 22:50 UTC",Long March 6A | Tianhui 5 Group 01,Active,,Success
459,SpaceX,"SLC-40, Cape Canaveral SFS, Florida, USA","Mon Oct 30, 2023 23:20 UTC",Falcon 9 Block 5 | Starlink Group 6-25,Active,69.75,Success
460,SpaceX,"SLC-4E, Vandenberg SFB, California, USA","Sun Oct 29, 2023 09:00 UTC",Falcon 9 Block 5 | Starlink Group 7-6,Active,69.75,Success
461,VKS RF,"Site 43/3, Plesetsk Cosmodrome, Russia","Fri Oct 27, 2023 06:04 UTC",Soyuz 2.1b | Cosmos 2570,Active,20.0,Success
462,CASC,"Site 901 (SLS-1), Jiuquan Satellite Launch Center, China","Thu Oct 26, 2023 03:14 UTC",Long March 2F/G | Shenzhou 17,Active,,Success
463,CASC,"LC-3, Xichang Satellite Launch Center, China","Mon Oct 23, 2023 20:03 UTC",Long March 2D | Yaogan 39 Group 04,Active,29.75,Success
464,SpaceX,"SLC-40, Cape Canaveral SFS, Florida, USA","Sun Oct 22, 2023 02:17 UTC",Falcon 9 Block 5 | Starlink Group 6-24,Active,69.75,Success
465,SpaceX,"SLC-4E, Vandenberg SFB, California, USA","Sat Oct 21, 2023 08:23 UTC",Falcon 9 Block 5 | Starlink Group 7-5,Active,69.75,Success
466,SpaceX,"SLC-40, Cape Canaveral SFS, Florida, USA","Wed Oct 18, 2023 00:39 UTC",Falcon 9 Block 5 | Starlink Group 6-23,Active,69.75,Success
467,CASC,"Site 9401 (SLS-2), Jiuquan Satellite Launch Center, China","Sun Oct 15, 2023 00:54 UTC",Long March 2D | Yunhai-1 04,Active,29.75,Success
468,SpaceX,"SLC-40, Cape Canaveral SFS, Florida, USA","Fri Oct 13, 2023 23:01 UTC",Falcon 9 Block 5 | Starlink Group 6-22,Active,69.75,Success
469,SpaceX,"LC-39A, Kennedy Space Center, Florida, USA","Fri Oct 13, 2023 14:19 UTC",Falcon Heavy | Psyche,Active,97.0,Success
470,SpaceX,"SLC-4E, Vandenberg SFB, California, USA","Mon Oct 09, 2023 07:43 UTC",Falcon 9 Block 5 | Starlink Group 7-4,Active,69.75,Success
471,Arianespace,"ELV, Guiana Space Centre, French Guiana, France","Mon Oct 09, 2023 01:36 UTC","Vega | THEOS-2, TRITON & SSMS n°5",Retired,37.0,Success
472,ULA,"SLC-41, Cape Canaveral SFS, Florida, USA","Fri Oct 06, 2023 18:06 UTC",Atlas V 501 | Project Kuiper Protoflight,Retired,120.0,Success
473,Virgin Galactic,"VMS Eve, Spaceport America, New Mexico, USA","Fri Oct 06, 2023 16:10 UTC",SpaceShipTwo | Galactic-04,Retired,,Success
474,SpaceX,"SLC-40, Cape Canaveral SFS, Florida, USA","Thu Oct 05, 2023 05:36 UTC",Falcon 9 Block 5 | Starlink Group 6-21,Active,69.75,Success
475,CASC,"LC-3, Xichang Satellite Launch Center, China","Thu Oct 05, 2023 00:24 UTC",Long March 2D | Yaogan 39 Group 03,Active,29.75,Success
476,SpaceX,"SLC-40, Cape Canaveral SFS, Florida, USA","Sat Sep 30, 2023 02:00 UTC",Falcon 9 Block 5 | Starlink Group 6-19,Active,69.75,Success
477,IRGC,"Launch Platform, Shahrud Missile Test Site, Iran","Wed Sep 27, 2023 06:00 UTC",Qased | Nour 3,Active,,Success
478,CASC,"Site 9401 (SLS-2), Jiuquan Satellite Launch Center, China","Tue Sep 26, 2023 20:15 UTC",Long March 4C | Yaogan 33-04,Active,64.68,Success
479,SpaceX,"SLC-4E, Vandenberg SFB, California, USA","Mon Sep 25, 2023 08:48 UTC",Falcon 9 Block 5 | Starlink Group 7-3,Active,69.75,Success
480,SpaceX,"SLC-40, Cape Canaveral SFS, Florida, USA","Sun Sep 24, 2023 03:38 UTC",Falcon 9 Block 5 | Starlink Group 6-18,Active,69.75,Success
481,Galactic Energy,"Site 95A, Jiuquan Satellite Launch Center, China","Thu Sep 21, 2023 04:59 UTC",Ceres 1 | Autumn Sonata,Active,4.38,Failure
482,SpaceX,"SLC-40, Cape Canaveral SFS, Florida, USA","Wed Sep 20, 2023 03:38 UTC",Falcon 9 Block 5 | Starlink Group 6-17,Active,69.75,Success
483,Rocket Lab,"Rocket Lab LC-1B, Māhia Peninsula, New Zealand","Tue Sep 19, 2023 06:55 UTC",Electron/Curie | We Will Never Desert You,Active,7.5,Failure
484,CASC,"LC-3, Xichang Satellite Launch Center, China","Sun Sep 17, 2023 04:13 UTC",Long March 2D | Yaogan 39 Group 02,Active,29.75,Success
485,SpaceX,"SLC-40, Cape Canaveral SFS, Florida, USA","Sat Sep 16, 2023 03:38 UTC",Falcon 9 Block 5 | Starlink Group 6-16,Active,69.75,Success
486,Roscosmos,"Site 31/6, Baikonur Cosmodrome, Kazakhstan","Fri Sep 15, 2023 15:44 UTC",Soyuz 2.1a | Soyuz MS-24,Active,17.42,Success
487,Firefly,"SLC-2W, Vandenberg SFB, California, USA","Fri Sep 15, 2023 02:28 UTC",Alpha | VICTUS NOX (TacRS-3),Active,15.0,Success
488,SpaceX,"SLC-4E, Vandenberg SFB, California, USA","Tue Sep 12, 2023 06:57 UTC",Falcon 9 Block 5 | Starlink Group 7-2,Active,69.75,Success
489,ULA,"SLC-41, Cape Canaveral SFS, Florida, USA","Sun Sep 10, 2023 12:47 UTC",Atlas V 551 | Silentbarker 1 to 3 (USA-346 to 348) (NROL-107),Active,153.0,Success
490,CASC,"LC-9A, Taiyuan Satellite Launch Center, China","Sun Sep 10, 2023 04:30 UTC",Long March 6A | Yaogan 40,Active,,Success
491,SpaceX,"SLC-40, Cape Canaveral SFS, Florida, USA","Sat Sep 09, 2023 03:12 UTC",Falcon 9 Block 5 | Starlink Group 6-14,Active,69.75,Success
492,Virgin Galactic,"VMS Eve, Spaceport America, New Mexico, USA","Fri Sep 08, 2023 15:22 UTC",SpaceShipTwo | Galactic-03,Retired,,Success
493,MHI,"LA-Y1, Tanegashima Space Center, Japan","Wed Sep 06, 2023 23:42 UTC",H-IIA 202 | SLIM & XRISM,Active,90.0,Success
494,CASC,"Site 9401 (SLS-2), Jiuquan Satellite Launch Center, China","Wed Sep 06, 2023 18:14 UTC",Long March 4C | Yaogan 33-03,Active,64.68,Success
495,Galactic Energy,"Haiyang Spaceport, China Coastal Waters","Tue Sep 05, 2023 09:34 UTC",Ceres 1S | The Little Mermaid,Active,4.38,Success
496,SpaceX,"LC-39A, Kennedy Space Center, Florida, USA","Mon Sep 04, 2023 02:47 UTC",Falcon 9 Block 5 | Starlink Group 6-12,Active,69.75,Success
497,SpaceX,"SLC-4E, Vandenberg SFB, California, USA","Sat Sep 02, 2023 14:25 UTC","Falcon 9 Block 5 | Transport & Tracking Layer (Tranche 0, Flight 2)",Active,69.75,Success
498,ISRO,"Second Launch Pad, Satish Dhawan Space Centre, India","Sat Sep 02, 2023 06:20 UTC",PSLV-XL | Aditya L1,Active,31.0,Success
499,SpaceX,"SLC-40, Cape Canaveral SFS, Florida, USA","Fri Sep 01, 2023 02:21 UTC",Falcon 9 Block 5 | Starlink Group 6-13,Active,69.75,Success
500,CASC,"LC-3, Xichang Satellite Launch Center, China","Thu Aug 31, 2023 07:36 UTC",Long March 2D | Yaogan 39 Group 01,Active,29.75,Success
501,SpaceX,"SLC-40, Cape Canaveral SFS, Florida, USA","Sun Aug 27, 2023 01:05 UTC",Falcon 9 Block 5 | Starlink Group 6-11,Active,69.75,Success
502,SpaceX,"LC-39A, Kennedy Space Center, Florida, USA","Sat Aug 26, 2023 07:27 UTC",Falcon 9 Block 5 | SpaceX Crew-7,Active,69.75,Success
503,Galactic Energy,"Site 95A, Jiuquan Satellite Launch Center, China","Fri Aug 25, 2023 04:59 UTC",Ceres 1 | Cornfield Chase,Active,4.38,Success
504,Rocket Lab,"Rocket Lab LC-1B, Māhia Peninsula, New Zealand","Wed Aug 23, 2023 23:45 UTC",Electron/Curie | We Love the Nightlife,Active,7.5,Success
505,NADA,"Pad 2, Sohae Satellite Launching Station, North Korea","Wed Aug 23, 2023 18:50 UTC",Chŏllima 1 | Manligyeong 1 #2,Active,,Failure
506,Roscosmos,"Site 31/6, Baikonur Cosmodrome, Kazakhstan","Wed Aug 23, 2023 01:08 UTC",Soyuz 2.1a | Progress MS-24,Active,17.42,Success
507,SpaceX,"SLC-4E, Vandenberg SFB, California, USA","Tue Aug 22, 2023 09:37 UTC",Falcon 9 Block 5 | Starlink Group 7-1,Active,69.75,Success
508,CASC,"Site 9401 (SLS-2), Jiuquan Satellite Launch Center, China","Sun Aug 20, 2023 17:45 UTC",Long March 4C | Gaofen-12 04,Active,64.68,Success
509,SpaceX,"SLC-40, Cape Canaveral SFS, Florida, USA","Thu Aug 17, 2023 03:36 UTC",Falcon 9 Block 5 | Starlink Group 6-10,Active,69.75,Success
510,ExPace,"Mobile Launcher Pad, Xichang Satellite Launch Center, China","Mon Aug 14, 2023 05:32 UTC",Kuaizhou 1A | HEAD-3A/B/C/D/E,Active,5.8,Success
511,CASC,"LC-2, Xichang Satellite Launch Center, China","Sat Aug 12, 2023 17:26 UTC",Long March 3B/E | L-SAR4-01 (LTDC-4A),Active,29.15,Success
512,SpaceX,"SLC-40, Cape Canaveral SFS, Florida, USA","Fri Aug 11, 2023 05:17 UTC",Falcon 9 Block 5 | Starlink Group 6-9,Active,69.75,Success
513,Roscosmos,"Site 1S, Vostochny Cosmodrome, Russia","Thu Aug 10, 2023 23:10 UTC",Soyuz 2.1b/Fregat-M | Luna 25,Active,25.0,Success
514,Virgin Galactic,"VMS Eve, Spaceport America, New Mexico, USA","Thu Aug 10, 2023 15:17 UTC",SpaceShipTwo | Galactic 02,Retired,,Success
515,Galactic Energy,"Site 95A, Jiuquan Satellite Launch Center, China","Thu Aug 10, 2023 04:03 UTC",Ceres 1 | Lucky 7,Active,4.38,Success
516,CASC,"LC-9, Taiyuan Satellite Launch Center, China","Tue Aug 08, 2023 22:53 UTC",Long March 2C | 5 m S-SAR-02 (Huanjing-2F),Active,30.8,Success
517,SpaceX,"SLC-4E, Vandenberg SFB, California, USA","Tue Aug 08, 2023 03:57 UTC",Falcon 9 Block 5 | Starlink Group 6-20,Active,69.75,Success
518,VKS RF,"Site 43/3, Plesetsk Cosmodrome, Russia","Mon Aug 07, 2023 13:19 UTC",Soyuz 2.1b/Fregat-M | Cosmos 2569,Active,25.0,Success
519,SpaceX,"SLC-40, Cape Canaveral SFS, Florida, USA","Mon Aug 07, 2023 02:41 UTC",Falcon 9 Block 5 | Starlink Group 6-8,Active,69.75,Success
520,SpaceX,"SLC-40, Cape Canaveral SFS, Florida, USA","Thu Aug 03, 2023 05:00 UTC",Falcon 9 Block 5 | Galaxy 37,Active,69.75,Success
521,CASC,"Site 9401 (SLS-2), Jiuquan Satellite Launch Center, China","Thu Aug 03, 2023 03:47 UTC",Long March 4C | Fengyun-3F,Active,64.68,Success
522,Northrop,"LP-0A, Wallops Flight Facility, Virginia, USA","Wed Aug 02, 2023 00:31 UTC",Antares 230+ | CRS NG-19,Retired,85.0,Success
523,ISRO,"First Launch Pad, Satish Dhawan Space Centre, India","Sun Jul 30, 2023 01:01 UTC",PSLV-CA | DS-SAR,Active,21.0,Success
524,SpaceX,"LC-39A, Kennedy Space Center, Florida, USA","Sat Jul 29, 2023 03:04 UTC",Falcon Heavy | EchoStar 24 (Jupiter 3),Active,97.0,Success
525,SpaceX,"SLC-40, Cape Canaveral SFS, Florida, USA","Fri Jul 28, 2023 04:01 UTC",Falcon 9 Block 5 | Starlink Group 6-7,Active,69.75,Success
526,CASC,"LC-3, Xichang Satellite Launch Center, China","Wed Jul 26, 2023 20:02 UTC",Long March 2D | Yaogan 36 Group 05,Active,29.75,Success
527,SpaceX,"SLC-40, Cape Canaveral SFS, Florida, USA","Mon Jul 24, 2023 00:50 UTC",Falcon 9 Block 5 | Starlink Group 6-6,Active,69.75,Success
528,CASC,"LC-9, Taiyuan Satellite Launch Center, China","Sun Jul 23, 2023 02:50 UTC",Long March 2D | Skysight AS-01 to 03 & Lingxi-03,Active,29.75,Success
529,Galactic Energy,"Site 95A, Jiuquan Satellite Launch Center, China","Sat Jul 22, 2023 05:07 UTC",Ceres 1 | Lemon Tree,Active,4.38,Success
530,SpaceX,"SLC-4E, Vandenberg SFB, California, USA","Thu Jul 20, 2023 04:09 UTC",Falcon 9 Block 5 | Starlink Group 6-15,Active,69.75,Success
531,ExPace,"Site 95A, Jiuquan Satellite Launch Center, China","Thu Jul 20, 2023 03:20 UTC",Kuaizhou 1A | Tianmu-1 07-10,Active,5.8,Success
532,Rocket Lab,"Rocket Lab LC-1B, Māhia Peninsula, New Zealand","Tue Jul 18, 2023 01:27 UTC",Electron/Curie | Baby Come Back,Active,7.5,Success
533,SpaceX,"SLC-40, Cape Canaveral SFS, Florida, USA","Sun Jul 16, 2023 03:50 UTC",Falcon 9 Block 5 | Starlink Group 5-15,Active,69.75,Success
534,ISRO,"Second Launch Pad, Satish Dhawan Space Centre, India","Fri Jul 14, 2023 09:05 UTC",LVM-3 | Chandrayaan-3,Active,62.0,Success
535,Landspace,"Site 96, Jiuquan Satellite Launch Center, China","Wed Jul 12, 2023 01:00 UTC",ZhuQue-2 | Flight 2,Active,,Success
536,SpaceX,"SLC-40, Cape Canaveral SFS, Florida, USA","Mon Jul 10, 2023 03:58 UTC",Falcon 9 Block 5 | Starlink Group 6-5,Active,69.75,Success
537,CASC,"Site 9401 (SLS-2), Jiuquan Satellite Launch Center, China","Sun Jul 09, 2023 11:00 UTC",Long March 2C/YZ-1S | 2 x SatNet test satellites,Active,30.8,Success
538,SpaceX,"SLC-4E, Vandenberg SFB, California, USA","Fri Jul 07, 2023 19:29 UTC",Falcon 9 Block 5 | Starlink Group 5-13,Active,69.75,Success
539,Arianespace,"ELA-3, Guiana Space Centre, French Guiana, France","Wed Jul 05, 2023 22:00 UTC",Ariane 5 ECA | Syracuse 4B & Heinrich Hertz,Retired,200.0,Success
540,SpaceX,"SLC-40, Cape Canaveral SFS, Florida, USA","Sat Jul 01, 2023 15:12 UTC",Falcon 9 Block 5 | Euclid Telescope,Active,69.75,Success
541,Virgin Galactic,"VMS Eve, Spaceport America, New Mexico, USA","Thu Jun 29, 2023 15:28 UTC",SpaceShipTwo | Galactic 01,Retired,,Success
542,Roscosmos,"Site 1S, Vostochny Cosmodrome, Russia","Tue Jun 27, 2023 11:34 UTC",Soyuz 2.1b/Fregat-M | Meteor-M n°2-3 and others,Active,25.0,Success
543,SpaceX,"SLC-40, Cape Canaveral SFS, Florida, USA","Fri Jun 23, 2023 15:35 UTC",Falcon 9 Block 5 | Starlink Group 5-12,Active,69.75,Success
544,ULA,"SLC-37B, Cape Canaveral SFS, Florida, USA","Thu Jun 22, 2023 09:18 UTC",Delta IV Heavy | Orion 11 (USA-345) (NROL-68),Retired,350.0,Success
545,SpaceX,"SLC-4E, Vandenberg SFB, California, USA","Thu Jun 22, 2023 07:19 UTC",Falcon 9 Block 5 | Starlink Group 5-7,Active,69.75,Success
546,CASC,"LC-16, Taiyuan Satellite Launch Center, China","Tue Jun 20, 2023 03:18 UTC",Long March 6 | Shiyan 25,Active,19.0,Success
547,SpaceX,"SLC-40, Cape Canaveral SFS, Florida, USA","Sun Jun 18, 2023 22:21 UTC",Falcon 9 Block 5 | Satria,Active,69.75,Success
548,Rocket Lab,"Rocket Lab LC-2 (LP-0C), Wallops Flight Facility, Virginia, USA","Sun Jun 18, 2023 01:24 UTC",Electron | Scout's Arrow,Active,7.5,Success
549,CASC,"LC-9, Taiyuan Satellite Launch Center, China","Thu Jun 15, 2023 05:30 UTC",Long March 2D | 41 x Jilin-1,Active,29.75,Success
550,SpaceX,"SLC-4E, Vandenberg SFB, California, USA","Mon Jun 12, 2023 21:35 UTC",Falcon 9 Block 5 | Transporter 8,Active,69.75,Success
551,SpaceX,"SLC-40, Cape Canaveral SFS, Florida, USA","Mon Jun 12, 2023 07:10 UTC",Falcon 9 Block 5 | Starlink Group 5-11,Active,69.75,Success
552,ExPace,"Site 95A, Jiuquan Satellite Launch Center, China","Fri Jun 09, 2023 02:35 UTC",Kuaizhou 1A | Longjiang 3,Active,5.8,Success
553,CAS Space,"Site 130, Jiuquan Satellite Launch Center, China","Wed Jun 07, 2023 04:10 UTC",Kinetica 1 | Second Flight,Active,,Success
554,SpaceX,"LC-39A, Kennedy Space Center, Florida, USA","Mon Jun 05, 2023 15:47 UTC",Falcon 9 Block 5 | CRS SpX-28,Active,69.75,Success
555,SpaceX,"SLC-40, Cape Canaveral SFS, Florida, USA","Sun Jun 04, 2023 12:20 UTC",Falcon 9 Block 5 | Starlink Group 6-4,Active,69.75,Success
556,SpaceX,"SLC-4E, Vandenberg SFB, California, USA","Wed May 31, 2023 06:02 UTC",Falcon 9 Block 5 | Starlink Group 2-10,Active,69.75,Success
557,NADA,"Pad 2, Sohae Satellite Launching Station, North Korea","Tue May 30, 2023 21:27 UTC",Chŏllima 1 | Manligyeong 1 #1,Active,,Failure
558,CASC,"Site 901 (SLS-1), Jiuquan Satellite Launch Center, China","Tue May 30, 2023 01:31 UTC",Long March 2F/G | Shenzhou 16,Active,,Success
559,ISRO,"Second Launch Pad, Satish Dhawan Space Centre, India","Mon May 29, 2023 05:12 UTC",GSLV Mk II | NVS-01 (IRNSS-1J),Active,47.0,Success
560,SpaceX,"SLC-40, Cape Canaveral SFS, Florida, USA","Sat May 27, 2023 04:30 UTC",Falcon 9 Block 5 | Arabsat 7B (Badr 8),Active,69.75,Success
561,Roscosmos,"Site 1S, Vostochny Cosmodrome, Russia","Fri May 26, 2023 21:14 UTC",Soyuz 2.1a/Fregat-M | Kondor-FKA n°1,Active,23.0,Success
562,Rocket Lab,"Rocket Lab LC-1B, Māhia Peninsula, New Zealand","Fri May 26, 2023 03:46 UTC",Electron/Curie | TROPICS Flight 3: Coming to a Storm Near You,Active,7.5,Success
563,Virgin Galactic,"VMS Eve, Spaceport America, New Mexico, USA","Thu May 25, 2023 16:23 UTC",SpaceShipTwo | Unity 25,Retired,,Success
564,KARI,"LC-2, Naro Space Center, South Korea","Thu May 25, 2023 09:24 UTC",KSLV-2 | NEXTSat-2 & Others,Active,,Success
565,Roscosmos,"Site 31/6, Baikonur Cosmodrome, Kazakhstan","Wed May 24, 2023 12:56 UTC",Soyuz 2.1a | Progress MS-23,Active,17.42,Success
566,SpaceX,"LC-39A, Kennedy Space Center, Florida, USA","Sun May 21, 2023 21:37 UTC",Falcon 9 Block 5 | Axiom Mission 2 (Ax-2),Active,69.75,Success
567,CASC,"Site 9401 (SLS-2), Jiuquan Satellite Launch Center, China","Sun May 21, 2023 08:00 UTC",Long March 2C | MUST-1A/B & Luojia-2 01,Active,30.8,Success
568,SpaceX,"SLC-4E, Vandenberg SFB, California, USA","Sat May 20, 2023 13:16 UTC",Falcon 9 Block 5 | Iridium-9 & OneWeb #19,Active,69.75,Success
569,SpaceX,"SLC-40, Cape Canaveral SFS, Florida, USA","Fri May 19, 2023 06:19 UTC",Falcon 9 Block 5 | Starlink Group 6-3,Active,69.75,Success
570,CASC,"LC-2, Xichang Satellite Launch Center, China","Wed May 17, 2023 02:49 UTC",Long March 3B/E | Beidou-3 G4,Active,29.15,Success
571,SpaceX,"SLC-40, Cape Canaveral SFS, Florida, USA","Sun May 14, 2023 05:03 UTC",Falcon 9 Block 5 | Starlink Group 5-9,Active,69.75,Success
572,SpaceX,"SLC-4E, Vandenberg SFB, California, USA","Wed May 10, 2023 20:09 UTC",Falcon 9 Block 5 | Starlink Group 2-9,Active,69.75,Success
573,CASC,"LC-201, Wenchang Space Launch Site, China","Wed May 10, 2023 13:22 UTC",Long March 7 | Tianzhou 6,Active,,Success
574,Rocket Lab,"Rocket Lab LC-1B, Māhia Peninsula, New Zealand","Mon May 08, 2023 01:00 UTC",Electron/Curie | TROPICS Flight 2: Rocket Like A Hurricane,Active,7.5,Success
575,SpaceX,"SLC-40, Cape Canaveral SFS, Florida, USA","Thu May 04, 2023 07:31 UTC",Falcon 9 Block 5 | Starlink Group 5-6,Active,69.75,Success
576,SpaceX,"LC-39A, Kennedy Space Center, Florida, USA","Mon May 01, 2023 00:26 UTC",Falcon Heavy | ViaSat-3 Americas & Others,Active,97.0,Success
577,SpaceX,"SLC-40, Cape Canaveral SFS, Florida, USA","Fri Apr 28, 2023 22:12 UTC",Falcon 9 Block 5 | O3b mPOWER 3 & 4,Active,69.75,Success
578,SpaceX,"SLC-4E, Vandenberg SFB, California, USA","Thu Apr 27, 2023 13:40 UTC",Falcon 9 Block 5 | Starlink Group 3-5,Active,69.75,Success
579,Virgin Galactic,"VMS Eve, Spaceport America, New Mexico, USA","Wed Apr 26, 2023 13:47 UTC",SpaceShipTwo | Unity 24,Retired,,Success
580,ISRO,"First Launch Pad, Satish Dhawan Space Centre, India","Sat Apr 22, 2023 08:50 UTC",PSLV-CA | TeLEOS-2 & Others,Active,21.0,Success
581,SpaceX,"Orbital Launch Pad A, Starbase, Texas, USA","Thu Apr 20, 2023 13:33 UTC",Starship-Super Heavy (Original) | Starship Flight Test 1,Retired,,Failure
582,SpaceX,"SLC-40, Cape Canaveral SFS, Florida, USA","Wed Apr 19, 2023 14:31 UTC",Falcon 9 Block 5 | Starlink Group 6-2,Active,69.75,Success
583,CASC,"Site 9401 (SLS-2), Jiuquan Satellite Launch Center, China","Sun Apr 16, 2023 01:36 UTC",Long March 4B | Fengyun-3G,Active,64.68,Success
584,SpaceX,"SLC-4E, Vandenberg SFB, California, USA","Sat Apr 15, 2023 06:48 UTC",Falcon 9 Block 5 | Transporter 7,Active,69.75,Success
585,Arianespace,"ELA-3, Guiana Space Centre, French Guiana, France","Fri Apr 14, 2023 12:14 UTC",Ariane 5 ECA | JUICE (Jupiter Icy Moons Explorer),Retired,200.0,Success
586,SpaceX,"SLC-40, Cape Canaveral SFS, Florida, USA","Fri Apr 07, 2023 04:30 UTC",Falcon 9 Block 5 | Intelsat 40e/TEMPO,Active,69.75,Success
587,iSpace,"Site 95A, Jiuquan Satellite Launch Center, China","Fri Apr 07, 2023 04:00 UTC",Hyperbola 1 | Dummy Payload,Active,,Success
588,SpaceX,"SLC-4E, Vandenberg SFB, California, USA","Sun Apr 02, 2023 14:29 UTC","Falcon 9 Block 5 | Transport & Tracking Layer (Tranche 0, Flight 1)",Active,69.75,Success
589,Space Pioneer,"Site 120, Jiuquan Satellite Launch Center, China","Sun Apr 02, 2023 08:48 UTC",Tianlong 2 | Demo Flight,Active,,Success
590,CASC,"Site 9401 (SLS-2), Jiuquan Satellite Launch Center, China","Fri Mar 31, 2023 06:27 UTC",Long March 4C | Yaogan 34-04,Active,64.68,Success
591,CASC,"LC-9, Taiyuan Satellite Launch Center, China","Thu Mar 30, 2023 10:50 UTC",Long March 2D | PIESAT-1 x 4,Active,29.75,Success
592,SpaceX,"SLC-40, Cape Canaveral SFS, Florida, USA","Wed Mar 29, 2023 20:01 UTC",Falcon 9 Block 5 | Starlink Group 5-10,Active,69.75,Success
593,VKS RF,"Site 43/4, Plesetsk Cosmodrome, Russia","Wed Mar 29, 2023 19:57 UTC",Soyuz 2.1v | Cosmos 2568,Retired,,Success
594,IAI,"Pad 1, Palmachim Airbase, Israel","Tue Mar 28, 2023 23:10 UTC",Shavit 2 | Ofek-13,Active,,Success
595,ISRO,"Second Launch Pad, Satish Dhawan Space Centre, India","Sun Mar 26, 2023 03:30 UTC",LVM-3 | OneWeb #18,Active,62.0,Success
596,SpaceX,"SLC-40, Cape Canaveral SFS, Florida, USA","Fri Mar 24, 2023 15:43 UTC",Falcon 9 Block 5 | Starlink Group 5-5,Active,69.75,Success
597,Rocket Lab,"Rocket Lab LC-1B, Māhia Peninsula, New Zealand","Fri Mar 24, 2023 09:14 UTC",Electron/Curie | The Beat Goes On,Active,7.5,Success
598,VKS RF,"Site 43/3, Plesetsk Cosmodrome, Russia","Thu Mar 23, 2023 06:40 UTC",Soyuz 2.1a | Cosmos 2567,Active,17.42,Success
599,Relativity Space,"LC-16, Cape Canaveral SFS, Florida, USA","Thu Mar 23, 2023 03:25 UTC","Terran 1 | Good Luck, Have Fun",Retired,12.0,Failure
600,ExPace,"Site 95A, Jiuquan Satellite Launch Center, China","Wed Mar 22, 2023 09:09 UTC",Kuaizhou 1A | Tianmu-1 03-06,Active,5.8,Success
601,SpaceX,"SLC-40, Cape Canaveral SFS, Florida, USA","Fri Mar 17, 2023 23:38 UTC",Falcon 9 Block 5 | SES-18 & SES-19,Active,69.75,Success
602,SpaceX,"SLC-4E, Vandenberg SFB, California, USA","Fri Mar 17, 2023 19:26 UTC",Falcon 9 Block 5 | Starlink Group 2-8,Active,69.75,Success
603,CASC,"LC-2, Xichang Satellite Launch Center, China","Fri Mar 17, 2023 08:33 UTC",Long March 3B/E | Gaofen-13-02,Active,29.15,Success
604,Rocket Lab,"Rocket Lab LC-2 (LP-0C), Wallops Flight Facility, Virginia, USA","Thu Mar 16, 2023 22:38 UTC",Electron/Curie | Stronger Together,Active,7.5,Success
605,CASC,"Site 95A, Jiuquan Satellite Launch Center, China","Wed Mar 15, 2023 11:41 UTC",Long March 11 | Shiyan 19,Active,5.3,Success
606,SpaceX,"LC-39A, Kennedy Space Center, Florida, USA","Wed Mar 15, 2023 00:30 UTC",Falcon 9 Block 5 | CRS SpX-27,Active,69.75,Success
607,CASC,"Site 9401 (SLS-2), Jiuquan Satellite Launch Center, China","Mon Mar 13, 2023 04:02 UTC",Long March 2C | Horus 2,Active,30.8,Success
608,VKS RF,"Site 200/39, Baikonur Cosmodrome, Kazakhstan","Sun Mar 12, 2023 23:13 UTC",Proton-M/Briz-M | Luch-5X (Olymp-K 2),Active,65.0,Success
609,CASC,"LC-9, Taiyuan Satellite Launch Center, China","Thu Mar 09, 2023 22:41 UTC",Long March 4C | Tianhui-6 A/B,Active,64.68,Success
610,SpaceX,"SLC-40, Cape Canaveral SFS, Florida, USA","Thu Mar 09, 2023 19:13 UTC",Falcon 9 Block 5 | OneWeb #17,Active,69.75,Success
611,MHI,"LA-Y2, Tanegashima Space Center, Japan","Tue Mar 07, 2023 01:37 UTC",H3-22S | ALOS-3,Active,50.0,Failure
612,IRGC,"Launch Platform, Shahrud Missile Test Site, Iran","Sat Mar 04, 2023",Qaem 100 | Nahid-1,Active,,Failure
613,SpaceX,"SLC-4E, Vandenberg SFB, California, USA","Fri Mar 03, 2023 18:38 UTC",Falcon 9 Block 5 | Starlink Group 2-7,Active,69.75,Success
614,SpaceX,"LC-39A, Kennedy Space Center, Florida, USA","Thu Mar 02, 2023 05:34 UTC",Falcon 9 Block 5 | SpaceX Crew-6,Active,69.75,Success
615,SpaceX,"SLC-40, Cape Canaveral SFS, Florida, USA","Mon Feb 27, 2023 23:13 UTC",Falcon 9 Block 5 | Starlink Group 6-1,Active,69.75,Success
616,CASC,"Site 9401 (SLS-2), Jiuquan Satellite Launch Center, China","Fri Feb 24, 2023 04:01 UTC",Long March 2C | Horus 1,Active,30.8,Success
617,Roscosmos,"Site 31/6, Baikonur Cosmodrome, Kazakhstan","Fri Feb 24, 2023 00:24 UTC",Soyuz 2.1a | Soyuz MS-23,Active,17.42,Success
618,CASC,"LC-2, Xichang Satellite Launch Center, China","Thu Feb 23, 2023 11:49 UTC",Long March 3B/E | ChinaSat 26,Active,29.15,Success
619,SpaceX,"SLC-40, Cape Canaveral SFS, Florida, USA","Sat Feb 18, 2023 03:59 UTC",Falcon 9 Block 5 | Inmarsat I-6 F2,Active,69.75,Success
620,SpaceX,"SLC-4E, Vandenberg SFB, California, USA","Fri Feb 17, 2023 19:12 UTC",Falcon 9 Block 5 | Starlink Group 2-5,Active,69.75,Success
621,SpaceX,"SLC-40, Cape Canaveral SFS, Florida, USA","Sun Feb 12, 2023 05:10 UTC",Falcon 9 Block 5 | Starlink Group 5-4,Active,69.75,Success
622,ISRO,"First Launch Pad, Satish Dhawan Space Centre, India","Fri Feb 10, 2023 03:48 UTC",SSLV | EOS-07 & Others,Active,,Success
623,Roscosmos,"Site 31/6, Baikonur Cosmodrome, Kazakhstan","Thu Feb 09, 2023 06:15 UTC",Soyuz 2.1a | Progress MS-22,Active,17.42,Success
624,SpaceX,"SLC-40, Cape Canaveral SFS, Florida, USA","Tue Feb 07, 2023 01:32 UTC",Falcon 9 Block 5 | Amazonas Nexus,Active,69.75,Success
625,Roscosmos,"Site 81/24, Baikonur Cosmodrome, Kazakhstan","Sun Feb 05, 2023 09:12 UTC",Proton-M/DM-3 | Elektro-L n°4,Active,65.0,Success
626,SpaceX,"LC-39A, Kennedy Space Center, Florida, USA","Thu Feb 02, 2023 07:58 UTC",Falcon 9 Block 5 | Starlink Group 5-3,Active,69.75,Success
627,SpaceX,"SLC-4E, Vandenberg SFB, California, USA","Tue Jan 31, 2023 16:15 UTC",Falcon 9 Block 5 | Starlink Group 2-6 & ION SCV009,Active,69.75,Success
628,SpaceX,"SLC-40, Cape Canaveral SFS, Florida, USA","Thu Jan 26, 2023 09:32 UTC",Falcon 9 Block 5 | Starlink Group 5-2,Active,69.75,Success
629,MHI,"LA-Y1, Tanegashima Space Center, Japan","Thu Jan 26, 2023 01:50 UTC",H-IIA 202 | IGS-Radar 7,Active,90.0,Success
630,Rocket Lab,"Rocket Lab LC-2 (LP-0C), Wallops Flight Facility, Virginia, USA","Tue Jan 24, 2023 23:00 UTC",Electron/Curie | Virginia is for Launch Lovers,Active,7.5,Success
631,SpaceX,"SLC-4E, Vandenberg SFB, California, USA","Thu Jan 19, 2023 15:43 UTC",Falcon 9 Block 5 | Starlink Group 2-4,Active,69.75,Success
632,SpaceX,"SLC-40, Cape Canaveral SFS, Florida, USA","Wed Jan 18, 2023 12:24 UTC",Falcon 9 Block 5 | GPS III SV06 (USA-343),Active,69.75,Success
633,SpaceX,"LC-39A, Kennedy Space Center, Florida, USA","Sun Jan 15, 2023 22:56 UTC",Falcon Heavy | USSF-67 (CBAS-2 & LDPE-3A),Active,97.0,Success
634,CASC,"LC-9, Taiyuan Satellite Launch Center, China","Sun Jan 15, 2023 03:14 UTC","Long March 2D | 6 x Jilin-1, Qilu-2/3 and others",Active,29.75,Success
635,CASC,"Site 9401 (SLS-2), Jiuquan Satellite Launch Center, China","Fri Jan 13, 2023 07:00 UTC",Long March 2D | Yaogan 37 & Shiyan 22A/B,Active,29.75,Success
636,CASC,"LC-3, Xichang Satellite Launch Center, China","Thu Jan 12, 2023 18:10 UTC",Long March 2C | APStar 6E,Active,30.8,Success
637,ABL SS,"LP-3C, Pacific Spaceport Complex, Kodiak, Alaska, USA","Tue Jan 10, 2023 23:27 UTC",RS1 Block 1 | DEMO-1 (Test Launch),Retired,12.0,Failure
638,SpaceX,"SLC-40, Cape Canaveral SFS, Florida, USA","Tue Jan 10, 2023 04:50 UTC",Falcon 9 Block 5 | OneWeb #16,Active,69.75,Success
639,Virgin Orbit,"Spaceport Cornwall, Newquay Airport in Cornwall, United Kingdom","Mon Jan 09, 2023 23:08 UTC",LauncherOne | Start Me Up,Retired,12.0,Failure
640,Galactic Energy,"Site 95A, Jiuquan Satellite Launch Center, China","Mon Jan 09, 2023 05:04 UTC",Ceres 1 | Give Me Five,Active,4.38,Success
641,CASC,"LC-201, Wenchang Space Launch Site, China","Sun Jan 08, 2023 22:00 UTC",Long March 7A | Shijian 23,Active,,Success
642,SpaceX,"SLC-40, Cape Canaveral SFS, Florida, USA","Tue Jan 03, 2023 14:55 UTC",Falcon 9 Block 5 | Transporter 6,Active,69.75,Success
643,SpaceX,"SLC-4E, Vandenberg SFB, California, USA","Fri Dec 30, 2022 07:38 UTC",Falcon 9 Block 5 | EROS-C3,Active,69.75,Success
644,CASC,"LC-2, Xichang Satellite Launch Center, China","Thu Dec 29, 2022 04:43 UTC",Long March 3B/E | Shiyan 10-02,Active,29.15,Success
645,SpaceX,"SLC-40, Cape Canaveral SFS, Florida, USA","Wed Dec 28, 2022 09:34 UTC",Falcon 9 Block 5 | Starlink Group 5-1,Active,69.75,Success
646,CASC,"LC-9, Taiyuan Satellite Launch Center, China","Tue Dec 27, 2022 07:37 UTC",Long March 4B | Gaofen-11 04,Active,64.68,Success
647,Arianespace,"ELV, Guiana Space Centre, French Guiana, France","Wed Dec 21, 2022 01:47 UTC",Vega C | Pléiades-Néo 5 & 6,Active,,Failure
648,SpaceX,"LC-39A, Kennedy Space Center, Florida, USA","Sat Dec 17, 2022 21:32 UTC",Falcon 9 Block 5 | Starlink Group 4-37,Active,69.75,Success
649,SpaceX,"SLC-40, Cape Canaveral SFS, Florida, USA","Fri Dec 16, 2022 22:48 UTC",Falcon 9 Block 5 | O3b mPOWER 1 & 2,Active,69.75,Success
650,SpaceX,"SLC-4E, Vandenberg SFB, California, USA","Fri Dec 16, 2022 11:46 UTC",Falcon 9 Block 5 | SWOT,Active,69.75,Success
651,CASC,"Mobile Launcher Pad, Xichang Satellite Launch Center, China","Fri Dec 16, 2022 06:17 UTC",Long March 11 | Shiyan 21,Active,5.3,Success
652,CASC,"LC-3, Xichang Satellite Launch Center, China","Wed Dec 14, 2022 18:25 UTC",Long March 2D | Yaogan 36 Group 04,Active,29.75,Success
653,Landspace,"Site 96, Jiuquan Satellite Launch Center, China","Wed Dec 14, 2022 08:30 UTC",ZhuQue-2 | Demo Flight,Active,,Failure
654,Arianespace,"ELA-3, Guiana Space Centre, French Guiana, France","Tue Dec 13, 2022 20:30 UTC","Ariane 5 ECA | Galaxy 35 & 36, MTG-I1",Retired,200.0,Success
655,CASC,"Site 9401 (SLS-2), Jiuquan Satellite Launch Center, China","Mon Dec 12, 2022 08:22 UTC",Long March 4C | Shiyan 20A & 20B,Active,64.68,Success
656,SpaceX,"SLC-40, Cape Canaveral SFS, Florida, USA","Sun Dec 11, 2022 07:38 UTC",Falcon 9 Block 5 | HAKUTO-R Mission 1,Active,69.75,Success
657,Chinarocket,"Tai Rui Barge (Area 3), China Coastal Waters","Fri Dec 09, 2022 06:35 UTC",Jielong 3 | Jilin-1 Gaofen-03D & Others,Active,,Success
658,SpaceX,"LC-39A, Kennedy Space Center, Florida, USA","Thu Dec 08, 2022 22:27 UTC",Falcon 9 Block 5 | OneWeb #15,Active,69.75,Success
659,CASC,"LC-9, Taiyuan Satellite Launch Center, China","Thu Dec 08, 2022 18:31 UTC",Long March 2D | Gaofen-5 01A,Active,29.75,Success
660,ExPace,"Site 95A, Jiuquan Satellite Launch Center, China","Wed Dec 07, 2022 01:15 UTC",Kuaizhou 11 | Xingyun VDES,Active,28.3,Success
661,VKS RF,"Site 43/4, Plesetsk Cosmodrome, Russia","Wed Nov 30, 2022 21:10 UTC",Soyuz 2.1b | Cosmos 2565,Active,20.0,Success
662,CASC,"Site 901 (SLS-1), Jiuquan Satellite Launch Center, China","Tue Nov 29, 2022 15:08 UTC",Long March 2F/G | Shenzhou 15,Active,,Success
663,VKS RF,"Site 43/3, Plesetsk Cosmodrome, Russia","Mon Nov 28, 2022 15:17 UTC",Soyuz 2.1b/Fregat-M | Cosmos 2564,Active,25.0,Success
664,CASC,"LC-3, Xichang Satellite Launch Center, China","Sun Nov 27, 2022 12:23 UTC",Long March 2D | Yaogan 36 Group 03,Active,29.75,Success
665,SpaceX,"LC-39A, Kennedy Space Center, Florida, USA","Sat Nov 26, 2022 19:20 UTC",Falcon 9 Block 5 | CRS SpX-26,Active,69.75,Success
666,ISRO,"First Launch Pad, Satish Dhawan Space Centre, India","Sat Nov 26, 2022 06:26 UTC","PSLV-XL | EOS-06, BhutanSat & Others",Active,31.0,Success
667,SpaceX,"SLC-40, Cape Canaveral SFS, Florida, USA","Wed Nov 23, 2022 02:57 UTC",Falcon 9 Block 5 | Eutelsat 10B,Active,69.75,Success
668,NASA,"LC-39B, Kennedy Space Center, Florida, USA","Wed Nov 16, 2022 06:47 UTC",SLS Block 1 | Artemis I,Active,876.0,Success
669,Galactic Energy,"Site 95A, Jiuquan Satellite Launch Center, China","Wed Nov 16, 2022 06:20 UTC",Ceres 1 | Young For You,Active,4.38,Success
670,CASC,"Site 9401 (SLS-2), Jiuquan Satellite Launch Center, China","Tue Nov 15, 2022 01:38 UTC",Long March 4C | Yaogan 34-03,Active,64.68,Success
671,SpaceX,"SLC-40, Cape Canaveral SFS, Florida, USA","Sat Nov 12, 2022 16:06 UTC",Falcon 9 Block 5 | Galaxy 31 & 32,Active,69.75,Success
672,CASC,"LC-201, Wenchang Space Launch Site, China","Sat Nov 12, 2022 02:03 UTC",Long March 7 | Tianzhou 5,Active,,Success
673,CASC,"LC-9A, Taiyuan Satellite Launch Center, China","Fri Nov 11, 2022 22:52 UTC",Long March 6A | Yunhai 3,Active,,Success
674,ULA,"SLC-3E, Vandenberg SFB, California, USA","Thu Nov 10, 2022 09:49 UTC",Atlas V 401 | JPSS-2,Retired,109.0,Success
675,Northrop,"LP-0A, Wallops Flight Facility, Virginia, USA","Mon Nov 07, 2022 10:32 UTC",Antares 230+ | CRS NG-18,Retired,85.0,Success
676,CASC,"LC-2, Xichang Satellite Launch Center, China","Sat Nov 05, 2022 11:50 UTC",Long March 3B/E | ChinaSat 19,Active,29.15,Success
677,Rocket Lab,"Rocket Lab LC-1B, Māhia Peninsula, New Zealand","Fri Nov 04, 2022 17:27 UTC",Electron/Curie | Catch Me If You Can,Active,7.5,Success
678,SpaceX,"SLC-40, Cape Canaveral SFS, Florida, USA","Thu Nov 03, 2022 05:22 UTC",Falcon 9 Block 5 | Hotbird 13G,Active,69.75,Success
679,VKS RF,"Site 43/4, Plesetsk Cosmodrome, Russia","Wed Nov 02, 2022 06:48 UTC",Soyuz 2.1b/Fregat-M | Cosmos 2563,Active,25.0,Success
680,SpaceX,"LC-39A, Kennedy Space Center, Florida, USA","Tue Nov 01, 2022 13:41 UTC",Falcon Heavy | USSF-44 (Shepherd Demonstration & LDPE-2),Active,97.0,Success
681,CASC,"LC-101, Wenchang Space Launch Site, China","Mon Oct 31, 2022 07:37 UTC",Long March 5B | Mengtian,Active,,Success
682,CASC,"Site 9401 (SLS-2), Jiuquan Satellite Launch Center, China","Sat Oct 29, 2022 01:01 UTC",Long March 2D | Shiyan 20C,Active,29.75,Success
683,SpaceX,"SLC-4E, Vandenberg SFB, California, USA","Fri Oct 28, 2022 01:14 UTC",Falcon 9 Block 5 | Starlink Group 4-31,Active,69.75,Success
684,Roscosmos,"Site 31/6, Baikonur Cosmodrome, Kazakhstan","Wed Oct 26, 2022 00:20 UTC",Soyuz 2.1a | Progress MS-21,Active,17.42,Success
685,Roscosmos,"Site 1S, Vostochny Cosmodrome, Russia","Sat Oct 22, 2022 19:57 UTC",Soyuz 2.1b/Fregat-M | Goniets-M n°33L to 35L & Skif-D,Active,25.0,Success
686,ISRO,"Second Launch Pad, Satish Dhawan Space Centre, India","Sat Oct 22, 2022 18:37 UTC",LVM-3 | OneWeb #14,Active,62.0,Success
687,VKS RF,"Site 43/4, Plesetsk Cosmodrome, Russia","Fri Oct 21, 2022 19:20 UTC",Soyuz 2.1v/Volga | Cosmos 2561 & 2562,Retired,,Success
688,SpaceX,"SLC-40, Cape Canaveral SFS, Florida, USA","Thu Oct 20, 2022 14:50 UTC",Falcon 9 Block 5 | Starlink Group 4-36,Active,69.75,Success
689,VKS RF,"Site 35/1, Plesetsk Cosmodrome, Russia","Sat Oct 15, 2022 19:55 UTC",Angara 1.2 | Cosmos 2560,Active,,Success
690,SpaceX,"SLC-40, Cape Canaveral SFS, Florida, USA","Sat Oct 15, 2022 05:22 UTC",Falcon 9 Block 5 | Hotbird 13F,Active,69.75,Success
691,CASC,"LC-3, Xichang Satellite Launch Center, China","Fri Oct 14, 2022 19:12 UTC",Long March 2D | Yaogan 36 Group 02,Active,29.75,Success
692,CASC,"LC-9, Taiyuan Satellite Launch Center, China","Wed Oct 12, 2022 22:53 UTC",Long March 2C | 5 m S-SAR-01 (Huanjing-2E),Active,30.8,Success
693,Roscosmos,"Site 81/24, Baikonur Cosmodrome, Kazakhstan","Wed Oct 12, 2022 15:00 UTC",Proton-M/DM-3 | Angosat-2,Active,65.0,Success
694,JAXA,"Mu Pad, Uchinoura Space Center, Japan","Wed Oct 12, 2022 00:50 UTC",Epsilon PBS | RAISE-3 & Others,Active,39.0,Failure
695,VKS RF,"Site 43/3, Plesetsk Cosmodrome, Russia","Mon Oct 10, 2022 02:52 UTC",Soyuz 2.1b/Fregat-M | Cosmos 2559,Active,25.0,Success
696,CASC,"Site 9401 (SLS-2), Jiuquan Satellite Launch Center, China","Sat Oct 08, 2022 23:43 UTC",Long March 2D | Advanced Space-borne Solar Observatory (ASO-S),Active,29.75,Success
697,SpaceX,"SLC-40, Cape Canaveral SFS, Florida, USA","Sat Oct 08, 2022 23:05 UTC",Falcon 9 Block 5 | Galaxy 33 & 34,Active,69.75,Success
698,Rocket Lab,"Rocket Lab LC-1B, Māhia Peninsula, New Zealand","Fri Oct 07, 2022 17:09 UTC",Electron/Curie | It Argos Up From Here,Active,7.5,Success
699,CASC,"Haiyang Spaceport, China Coastal Waters","Fri Oct 07, 2022 13:10 UTC",Long March 11H | CentiSpace-1 S5 & S6,Active,5.3,Success
700,SpaceX,"SLC-4E, Vandenberg SFB, California, USA","Wed Oct 05, 2022 23:10 UTC",Falcon 9 Block 5 | Starlink Group 4-29,Active,69.75,Success
701,SpaceX,"LC-39A, Kennedy Space Center, Florida, USA","Wed Oct 05, 2022 16:00 UTC",Falcon 9 Block 5 | SpaceX Crew-5,Active,69.75,Success
702,ULA,"SLC-41, Cape Canaveral SFS, Florida, USA","Tue Oct 04, 2022 21:36 UTC",Atlas V 531 | SES-20 & SES-21,Retired,140.0,Success
703,Firefly,"SLC-2W, Vandenberg SFB, California, USA","Sat Oct 01, 2022 07:01 UTC",Alpha | To The Black,Active,15.0,Partial Failure
704,CASC,"LC-16, Taiyuan Satellite Launch Center, China","Mon Sep 26, 2022 23:50 UTC",Long March 6 | Shiyan 16 A/B & Shiyan 17,Active,19.0,Success
705,CASC,"LC-3, Xichang Satellite Launch Center, China","Mon Sep 26, 2022 13:38 UTC",Long March 2D | Yaogan 36,Active,29.75,Success
706,SpaceX,"SLC-40, Cape Canaveral SFS, Florida, USA","Sat Sep 24, 2022 23:32 UTC",Falcon 9 Block 5 | Starlink Group 4-35,Active,69.75,Success
707,ExPace,"Mobile Launcher Pad, Taiyuan Satellite Launch Center, China","Sat Sep 24, 2022 22:55 UTC",Kuaizhou 1A | Shiyan 14 & Shiyan 15,Active,5.8,Success
708,ULA,"SLC-6, Vandenberg SFB, California, USA","Sat Sep 24, 2022 22:25 UTC",Delta IV Heavy | KH-11 19 (Crystal 19) (USA-338) (NROL-91),Retired,350.0,Success
709,Roscosmos,"Site 31/6, Baikonur Cosmodrome, Kazakhstan","Wed Sep 21, 2022 13:54 UTC",Soyuz 2.1a | Soyuz MS-22,Active,17.42,Success
710,CASC,"Site 9401 (SLS-2), Jiuquan Satellite Launch Center, China","Tue Sep 20, 2022 23:15 UTC",Long March 2D | Yunhai-1 03,Active,29.75,Success
711,SpaceX,"SLC-40, Cape Canaveral SFS, Florida, USA","Mon Sep 19, 2022 00:18 UTC",Falcon 9 Block 5 | Starlink Group 4-34,Active,69.75,Success
712,Rocket Lab,"Rocket Lab LC-1B, Māhia Peninsula, New Zealand","Thu Sep 15, 2022 20:38 UTC",Electron/Curie | The Owl Spreads Its Wings,Active,7.5,Success
713,CASC,"LC-201, Wenchang Space Launch Site, China","Tue Sep 13, 2022 13:18 UTC",Long March 7A | ChinaSat 1E,Active,,Success
714,Blue Origin,"Launch Site One, West Texas, Texas, USA","Mon Sep 12, 2022 14:26 UTC",New Shepard | NS-23,Active,,Failure
715,SpaceX,"LC-39A, Kennedy Space Center, Florida, USA","Sun Sep 11, 2022 01:20 UTC","Falcon 9 Block 5 | Starlink Group 4-2, BlueWalker 3",Active,69.75,Success
716,Arianespace,"ELA-3, Guiana Space Centre, French Guiana, France","Wed Sep 07, 2022 21:45 UTC",Ariane 5 ECA | Eutelsat Konnect VHTS,Retired,200.0,Success
717,CASC,"LC-3, Xichang Satellite Launch Center, China","Tue Sep 06, 2022 04:19 UTC",Long March 2D | Yaogan 35 Group 05,Active,29.75,Success
718,ExPace,"Site 95A, Jiuquan Satellite Launch Center, China","Tue Sep 06, 2022 02:24 UTC",Kuaizhou 1A | CentiSpace-1 S3 & S4,Active,5.8,Success
719,SpaceX,"SLC-40, Cape Canaveral SFS, Florida, USA","Mon Sep 05, 2022 02:09 UTC",Falcon 9 Block 5 | Starlink Group 4-20 and Varuna-TDM,Active,69.75,Success
720,CASC,"Site 9401 (SLS-2), Jiuquan Satellite Launch Center, China","Fri Sep 02, 2022 23:44 UTC",Long March 4C | Yaogan 33-02,Active,64.68,Success
721,SpaceX,"SLC-4E, Vandenberg SFB, California, USA","Wed Aug 31, 2022 05:40 UTC",Falcon 9 Block 5 | Starlink Group 3-4,Active,69.75,Success
722,SpaceX,"SLC-40, Cape Canaveral SFS, Florida, USA","Sun Aug 28, 2022 03:41 UTC",Falcon 9 Block 5 | Starlink Group 4-23,Active,69.75,Success
723,CASC,"LC-9, Taiyuan Satellite Launch Center, China","Wed Aug 24, 2022 03:01 UTC",Long March 2D | Beijing-3B,Active,29.75,Success
724,ExPace,"Mobile Launcher Pad, Xichang Satellite Launch Center, China","Tue Aug 23, 2022 02:36 UTC",Kuaizhou 1A | Chuangxin-16,Active,5.8,Success
725,SpaceX,"SLC-40, Cape Canaveral SFS, Florida, USA","Fri Aug 19, 2022 19:21 UTC",Falcon 9 Block 5 | Starlink Group 4-27,Active,69.75,Success
726,CASC,"LC-3, Xichang Satellite Launch Center, China","Fri Aug 19, 2022 17:37 UTC",Long March 2D | Yaogan 35 Group 04,Active,29.75,Success
727,SpaceX,"SLC-4E, Vandenberg SFB, California, USA","Fri Aug 12, 2022 21:40 UTC",Falcon 9 Block 5 | Starlink Group 3-3,Active,69.75,Success
728,CASC,"LC-16, Taiyuan Satellite Launch Center, China","Wed Aug 10, 2022 04:50 UTC","Long March 6 | Jilin-1 High Resolution 03D-09, 35 to 43 & Infrared A01 to 06",Active,19.0,Success
729,SpaceX,"LC-39A, Kennedy Space Center, Florida, USA","Wed Aug 10, 2022 02:14 UTC",Falcon 9 Block 5 | Starlink Group 4-26,Active,69.75,Success
730,Roscosmos,"Site 31/6, Baikonur Cosmodrome, Kazakhstan","Tue Aug 09, 2022 05:52 UTC",Soyuz 2.1b/Fregat-M | Khayyam and other satellites,Active,25.0,Success
731,Galactic Energy,"Site 95A, Jiuquan Satellite Launch Center, China","Tue Aug 09, 2022 04:11 UTC",Ceres 1 | White is the new black,Active,4.38,Success
732,ISRO,"First Launch Pad, Satish Dhawan Space Centre, India","Sun Aug 07, 2022 03:48 UTC",SSLV | EOS-02 & AzaadiSAT,Active,,Failure
733,SpaceX,"SLC-40, Cape Canaveral SFS, Florida, USA","Thu Aug 04, 2022 23:08 UTC",Falcon 9 Block 5 | Korean Pathfinder Lunar Orbiter (KPLO),Active,69.75,Success
734,CASC,"Site 901 (SLS-1), Jiuquan Satellite Launch Center, China","Thu Aug 04, 2022 16:00 UTC",Long March 2F/T | Experimental Spaceplane (CSSHQ),Active,,Success
735,Blue Origin,"Launch Site One, West Texas, Texas, USA","Thu Aug 04, 2022 13:56 UTC",New Shepard | NS-22,Active,,Success
736,ULA,"SLC-41, Cape Canaveral SFS, Florida, USA","Thu Aug 04, 2022 10:29 UTC",Atlas V 421 | SBIRS GEO-6,Retired,123.0,Success
737,Rocket Lab,"Rocket Lab LC-1B, Māhia Peninsula, New Zealand","Thu Aug 04, 2022 05:00 UTC",Electron/Curie | Antipodean Adventure (USA-335) (NROL-199),Active,7.5,Success
738,CASC,"LC-9, Taiyuan Satellite Launch Center, China","Thu Aug 04, 2022 03:08 UTC",Long March 4B | Terrestrial Ecosystem Carbon Inventory Satellite (TECIS),Active,64.68,Success
739,VKS RF,"Site 43/4, Plesetsk Cosmodrome, Russia","Mon Aug 01, 2022 20:25 UTC",Soyuz 2.1v/Volga | Cosmos 2558,Retired,,Success
740,CASC,"LC-3, Xichang Satellite Launch Center, China","Fri Jul 29, 2022 13:28 UTC",Long March 2D | Yaogan 35 Group 03,Active,29.75,Success
741,CAS Space,"Site 130, Jiuquan Satellite Launch Center, China","Wed Jul 27, 2022 04:12 UTC",Kinetica 1 | Demo Flight,Active,,Success
742,SpaceX,"LC-39A, Kennedy Space Center, Florida, USA","Sun Jul 24, 2022 13:38 UTC",Falcon 9 Block 5 | Starlink Group 4-25,Active,69.75,Success
743,CASC,"LC-101, Wenchang Space Launch Site, China","Sun Jul 24, 2022 06:22 UTC",Long March 5B | Wentian,Active,,Success
744,SpaceX,"SLC-4E, Vandenberg SFB, California, USA","Fri Jul 22, 2022 17:39 UTC",Falcon 9 Block 5 | Starlink Group 3-2,Active,69.75,Success
745,SpaceX,"SLC-40, Cape Canaveral SFS, Florida, USA","Sun Jul 17, 2022 14:20 UTC",Falcon 9 Block 5 | Starlink Group 4-22,Active,69.75,Success
746,CASC,"LC-9, Taiyuan Satellite Launch Center, China","Fri Jul 15, 2022 22:57 UTC",Long March 2C | SuperView Neo 2-01 & 02,Active,30.8,Success
747,SpaceX,"LC-39A, Kennedy Space Center, Florida, USA","Fri Jul 15, 2022 00:44 UTC",Falcon 9 Block 5 | CRS SpX-25,Active,69.75,Success
748,ESA,"ELV, Guiana Space Centre, French Guiana, France","Wed Jul 13, 2022 13:13 UTC",Vega C | LARES 2 & SSMS n°4,Active,,Success
749,Rocket Lab,"Rocket Lab LC-1A, Māhia Peninsula, New Zealand","Wed Jul 13, 2022 06:30 UTC",Electron/Curie | Wise One Looks Ahead (USA-334) (NROL-162),Active,7.5,Success
750,CASC,"LC-2, Xichang Satellite Launch Center, China","Tue Jul 12, 2022 16:30 UTC",Long March 3B/E | Tianlian-2-03,Active,29.15,Success
751,SpaceX,"SLC-4E, Vandenberg SFB, California, USA","Mon Jul 11, 2022 01:39 UTC",Falcon 9 Block 5 | Starlink Group 3-1,Active,69.75,Success
752,SpaceX,"SLC-40, Cape Canaveral SFS, Florida, USA","Thu Jul 07, 2022 13:11 UTC",Falcon 9 Block 5 | Starlink Group 4-21,Active,69.75,Success
753,VKS RF,"Site 43/4, Plesetsk Cosmodrome, Russia","Thu Jul 07, 2022 09:18 UTC",Soyuz 2.1b/Fregat-M | Cosmos 2557,Active,25.0,Success
754,Virgin Orbit,"Cosmic Girl, Mojave Air and Space Port, California, USA","Sat Jul 02, 2022 06:53 UTC",LauncherOne | STP-S28A,Retired,12.0,Success
755,ULA,"SLC-41, Cape Canaveral SFS, Florida, USA","Fri Jul 01, 2022 23:15 UTC",Atlas V 541 | USSF-12 (WFOV & Others),Retired,145.0,Success
756,ISRO,"Second Launch Pad, Satish Dhawan Space Centre, India","Thu Jun 30, 2022 12:32 UTC",PSLV-CA | DS-EO & Others,Active,21.0,Success
757,SpaceX,"SLC-40, Cape Canaveral SFS, Florida, USA","Wed Jun 29, 2022 21:04 UTC",Falcon 9 Block 5 | SES-22,Active,69.75,Success
758,Rocket Lab,"Rocket Lab LC-1B, Māhia Peninsula, New Zealand","Tue Jun 28, 2022 09:55 UTC",Electron/Explorer | CAPSTONE,Active,7.5,Success
759,CASC,"Site 9401 (SLS-2), Jiuquan Satellite Launch Center, China","Mon Jun 27, 2022 15:46 UTC",Long March 4C | Gaofen-12 03,Active,64.68,Success
760,ISA,"Safir Launch Pad, Semnan Space Center, Iran","Sun Jun 26, 2022",Zoljanah | Demo Flight 1,Active,,Success
761,CASC,"LC-3, Xichang Satellite Launch Center, China","Thu Jun 23, 2022 02:22 UTC",Long March 2D | Yaogan 35 Group 02,Active,29.75,Success
762,Arianespace,"ELA-3, Guiana Space Centre, French Guiana, France","Wed Jun 22, 2022 21:50 UTC",Ariane 5 ECA | Measat-3d & GSAT-24,Retired,200.0,Success
763,ExPace,"Site 95A, Jiuquan Satellite Launch Center, China","Wed Jun 22, 2022 02:08 UTC",Kuaizhou 1A | Tianxing-1,Active,5.8,Success
764,KARI,"LC-2, Naro Space Center, South Korea","Tue Jun 21, 2022 07:00 UTC",KSLV-2 | Test Flight 2,Active,,Success
765,SpaceX,"SLC-40, Cape Canaveral SFS, Florida, USA","Sun Jun 19, 2022 04:27 UTC",Falcon 9 Block 5 | Globalstar FM15 & USA 328 to 331,Active,69.75,Success
766,SpaceX,"SLC-4E, Vandenberg SFB, California, USA","Sat Jun 18, 2022 14:19 UTC",Falcon 9 Block 5 | SARah 1,Active,69.75,Success
767,SpaceX,"LC-39A, Kennedy Space Center, Florida, USA","Fri Jun 17, 2022 16:09 UTC",Falcon 9 Block 5 | Starlink Group 4-19,Active,69.75,Success
768,Astra,"SLC-46, Cape Canaveral SFS, Florida, USA","Sun Jun 12, 2022 17:43 UTC",Rocket 3 | TROPICS Flight 1,Retired,2.5,Failure
769,SpaceX,"SLC-40, Cape Canaveral SFS, Florida, USA","Wed Jun 08, 2022 21:04 UTC",Falcon 9 Block 5 | Nilesat-301,Active,69.75,Success
770,CASC,"Site 901 (SLS-1), Jiuquan Satellite Launch Center, China","Sun Jun 05, 2022 02:44 UTC",Long March 2F/G | Shenzhou 14,Active,,Success
771,Blue Origin,"Launch Site One, West Texas, Texas, USA","Sat Jun 04, 2022 13:25 UTC",New Shepard | NS-21,Active,,Success
772,Roscosmos,"Site 31/6, Baikonur Cosmodrome, Kazakhstan","Fri Jun 03, 2022 09:32 UTC",Soyuz 2.1a | Progress MS-20,Active,17.42,Success
773,CASC,"LC-3, Xichang Satellite Launch Center, China","Thu Jun 02, 2022 04:00 UTC",Long March 2C | Geely Constellation Group 01,Active,30.8,Success
774,SpaceX,"SLC-40, Cape Canaveral SFS, Florida, USA","Wed May 25, 2022 18:35 UTC",Falcon 9 Block 5 | Transporter 5,Active,69.75,Success
775,CASC,"Site 9401 (SLS-2), Jiuquan Satellite Launch Center, China","Fri May 20, 2022 10:30 UTC",Long March 2C/YZ-1S | RSW-04 - 06,Active,30.8,Success
776,ULA,"SLC-41, Cape Canaveral SFS, Florida, USA","Thu May 19, 2022 22:54 UTC",Atlas V N22 | Starliner OFT-2,Active,,Success
777,VKS RF,"Site 43/4, Plesetsk Cosmodrome, Russia","Thu May 19, 2022 08:03 UTC",Soyuz 2.1a | Cosmos 2556,Active,17.42,Success
778,SpaceX,"LC-39A, Kennedy Space Center, Florida, USA","Wed May 18, 2022 10:59 UTC",Falcon 9 Block 5 | Starlink Group 4-18,Active,69.75,Success
779,SpaceX,"SLC-40, Cape Canaveral SFS, Florida, USA","Sat May 14, 2022 20:40 UTC",Falcon 9 Block 5 | Starlink Group 4-15,Active,69.75,Success
780,SpaceX,"SLC-4E, Vandenberg SFB, California, USA","Fri May 13, 2022 22:07 UTC",Falcon 9 Block 5 | Starlink Group 4-13,Active,69.75,Success
781,iSpace,"Site 95A, Jiuquan Satellite Launch Center, China","Fri May 13, 2022 07:09 UTC",Hyperbola 1 | Jilin-1 Mofang-01A(R),Active,,Failure
782,CASC,"LC-201, Wenchang Space Launch Site, China","Mon May 09, 2022 17:56 UTC",Long March 7 | Tianzhou 4,Active,,Success
783,SpaceX,"LC-39A, Kennedy Space Center, Florida, USA","Fri May 06, 2022 09:42 UTC",Falcon 9 Block 5 | Starlink Group 4-17,Active,69.75,Success
784,CASC,"LC-9, Taiyuan Satellite Launch Center, China","Thu May 05, 2022 02:38 UTC",Long March 2D | Jilin-1 Wideband-01C & High Resolution 03D-27 to 33,Active,29.75,Success
785,Rocket Lab,"Rocket Lab LC-1A, Māhia Peninsula, New Zealand","Mon May 02, 2022 22:49 UTC",Electron/Curie | There and Back Again,Active,7.5,Success
786,CASC,"Tai Rui Barge (Area 2), China Coastal Waters","Sat Apr 30, 2022 03:30 UTC",Long March 11H | Jilin-1 Gaofen 03D-04 to 07 & 04A,Active,5.3,Success
787,SpaceX,"SLC-40, Cape Canaveral SFS, Florida, USA","Fri Apr 29, 2022 21:27 UTC",Falcon 9 Block 5 | Starlink Group 4-16,Active,69.75,Success
788,VKS RF,"Site 35/1, Plesetsk Cosmodrome, Russia","Fri Apr 29, 2022 19:55 UTC",Angara 1.2 | Cosmos 2555,Active,,Success
789,CASC,"Site 9401 (SLS-2), Jiuquan Satellite Launch Center, China","Fri Apr 29, 2022 04:11 UTC",Long March 2C | SuperView Neo 1-01 & 02,Active,30.8,Success
790,SpaceX,"LC-39A, Kennedy Space Center, Florida, USA","Wed Apr 27, 2022 07:52 UTC",Falcon 9 Block 5 | SpaceX Crew-4,Active,69.75,Success
791,SpaceX,"SLC-40, Cape Canaveral SFS, Florida, USA","Thu Apr 21, 2022 17:51 UTC",Falcon 9 Block 5 | Starlink Group 4-14,Active,69.75,Success
792,SpaceX,"SLC-4E, Vandenberg SFB, California, USA","Sun Apr 17, 2022 13:13 UTC",Falcon 9 Block 5 | NOSS-3 9 (USA-327) (NROL-85),Active,69.75,Success
793,CASC,"LC-9, Taiyuan Satellite Launch Center, China","Fri Apr 15, 2022 18:16 UTC",Long March 4C | Daqi-1 (AEMS),Active,64.68,Success
794,CASC,"LC-2, Xichang Satellite Launch Center, China","Fri Apr 15, 2022 12:00 UTC",Long March 3B/E | ChinaSat 6D,Active,29.15,Success
795,SpaceX,"LC-39A, Kennedy Space Center, Florida, USA","Fri Apr 08, 2022 15:17 UTC",Falcon 9 Block 5 | Axiom Mission 1 (Ax-1),Active,69.75,Success
796,VKS RF,"Site 43/3, Plesetsk Cosmodrome, Russia","Thu Apr 07, 2022 11:20 UTC",Soyuz 2.1b | Cosmos 2554,Active,20.0,Success
797,CASC,"Site 9401 (SLS-2), Jiuquan Satellite Launch Center, China","Wed Apr 06, 2022 23:47 UTC",Long March 4C | Gaofen-3 03,Active,64.68,Success
798,Rocket Lab,"Rocket Lab LC-1A, Māhia Peninsula, New Zealand","Sat Apr 02, 2022 12:41 UTC",Electron/Curie | Without Mission a Beat,Active,7.5,Success
799,SpaceX,"SLC-40, Cape Canaveral SFS, Florida, USA","Fri Apr 01, 2022 16:24 UTC",Falcon 9 Block 5 | Transporter 4,Active,69.75,Success
800,Blue Origin,"Launch Site One, West Texas, Texas, USA","Thu Mar 31, 2022 13:57 UTC",New Shepard | NS-20,Active,,Success
801,CASC,"Site 95A, Jiuquan Satellite Launch Center, China","Wed Mar 30, 2022 02:29 UTC",Long March 11 | Tianping-2 A to C,Active,5.3,Success
802,CASC,"LC-9A, Taiyuan Satellite Launch Center, China","Tue Mar 29, 2022 09:50 UTC",Long March 6A | Pujiang-2 & Tiankun-2,Active,,Success
803,VKS RF,"Site 43/3, Plesetsk Cosmodrome, Russia","Tue Mar 22, 2022 12:48 UTC",Soyuz 2.1a/Fregat-M | Meridian-M n°20L,Active,23.0,Success
804,SpaceX,"SLC-40, Cape Canaveral SFS, Florida, USA","Sat Mar 19, 2022 04:42 UTC",Falcon 9 Block 5 | Starlink Group 4-12,Active,69.75,Success
805,Roscosmos,"Site 31/6, Baikonur Cosmodrome, Kazakhstan","Fri Mar 18, 2022 15:55 UTC",Soyuz 2.1a | Soyuz MS-21,Active,17.42,Success
806,CASC,"Site 9401 (SLS-2), Jiuquan Satellite Launch Center, China","Thu Mar 17, 2022 07:09 UTC",Long March 4C | Yaogan 34-02,Active,64.68,Success
807,Astra,"LP-3B, Pacific Spaceport Complex, Kodiak, Alaska, USA","Tue Mar 15, 2022 16:22 UTC",Rocket 3 | Spaceflight Astra-1,Retired,2.5,Success
808,SpaceX,"SLC-40, Cape Canaveral SFS, Florida, USA","Wed Mar 09, 2022 13:45 UTC",Falcon 9 Block 5 | Starlink Group 4-10,Active,69.75,Success
809,IRGC,"Launch Platform, Shahrud Missile Test Site, Iran","Tue Mar 08, 2022 05:06 UTC",Qased | Nour 2,Active,,Success
810,CASC,"LC-3, Xichang Satellite Launch Center, China","Sat Mar 05, 2022 06:01 UTC",Long March 2C | Yinhe-1 (x6) & Others,Active,30.8,Success
811,SpaceX,"LC-39A, Kennedy Space Center, Florida, USA","Thu Mar 03, 2022 14:25 UTC",Falcon 9 Block 5 | Starlink Group 4-9,Active,69.75,Success
812,ULA,"SLC-41, Cape Canaveral SFS, Florida, USA","Tue Mar 01, 2022 21:38 UTC",Atlas V 541 | GOES-T (GOES-18),Retired,145.0,Success
813,Rocket Lab,"Rocket Lab LC-1B, Māhia Peninsula, New Zealand","Mon Feb 28, 2022 20:37 UTC",Electron/Curie | The Owl’s Night Continues,Active,7.5,Success
814,CASC,"LC-201, Wenchang Space Launch Site, China","Sun Feb 27, 2022 03:06 UTC","Long March 8 (Core Only) | Hainan-1, Jilin Gaofen-03D & Others",Active,27.0,Success
815,CASC,"Site 9401 (SLS-2), Jiuquan Satellite Launch Center, China","Sat Feb 26, 2022 23:44 UTC",Long March 4C | L-SAR 01B,Active,64.68,Success
816,SpaceX,"SLC-4E, Vandenberg SFB, California, USA","Fri Feb 25, 2022 17:12 UTC",Falcon 9 Block 5 | Starlink Group 4-11,Active,69.75,Success
817,SpaceX,"SLC-40, Cape Canaveral SFS, Florida, USA","Mon Feb 21, 2022 14:44 UTC",Falcon 9 Block 5 | Starlink Group 4-8,Active,69.75,Success
818,Northrop,"LP-0A, Wallops Flight Facility, Virginia, USA","Sat Feb 19, 2022 17:40 UTC",Antares 230+ | CRS NG-17,Retired,85.0,Success
819,Roscosmos,"Site 31/6, Baikonur Cosmodrome, Kazakhstan","Tue Feb 15, 2022 04:25 UTC",Soyuz 2.1a | Progress MS-19,Active,17.42,Success
820,ISRO,"First Launch Pad, Satish Dhawan Space Centre, India","Mon Feb 14, 2022 00:29 UTC",PSLV-XL | EOS-04 & Others,Active,31.0,Success
821,Astra,"SLC-46, Cape Canaveral SFS, Florida, USA","Thu Feb 10, 2022 20:00 UTC",Rocket 3 | VCLS Demo-2A,Retired,2.5,Failure
822,Arianespace,"ELS, Guiana Space Centre, French Guiana, France","Thu Feb 10, 2022 18:09 UTC",Soyuz ST-B/Fregat-MT | OneWeb #13,Active,30.0,Success
823,VKS RF,"Site 43/4, Plesetsk Cosmodrome, Russia","Sat Feb 05, 2022 07:00 UTC",Soyuz 2.1a/Fregat-M | Cosmos 2553,Active,23.0,Success
824,SpaceX,"LC-39A, Kennedy Space Center, Florida, USA","Thu Feb 03, 2022 18:13 UTC",Falcon 9 Block 5 | Starlink Group 4-7,Active,69.75,Success
825,SpaceX,"SLC-4E, Vandenberg SFB, California, USA","Wed Feb 02, 2022 20:27 UTC",Falcon 9 Block 5 | NROL-87 (USA-326),Active,69.75,Success
826,SpaceX,"SLC-40, Cape Canaveral SFS, Florida, USA","Mon Jan 31, 2022 23:11 UTC",Falcon 9 Block 5 | CSG-2,Active,69.75,Success
827,CASC,"Site 9401 (SLS-2), Jiuquan Satellite Launch Center, China","Tue Jan 25, 2022 23:44 UTC",Long March 4C | L-SAR 01A,Active,64.68,Success
828,ULA,"SLC-41, Cape Canaveral SFS, Florida, USA","Fri Jan 21, 2022 19:00 UTC",Atlas V 511 | USSF-8 (GSSAP 5 & 6),Retired,130.0,Success
829,SpaceX,"LC-39A, Kennedy Space Center, Florida, USA","Wed Jan 19, 2022 02:02 UTC",Falcon 9 Block 5 | Starlink Group 4-6,Active,69.75,Success
830,CASC,"LC-9, Taiyuan Satellite Launch Center, China","Mon Jan 17, 2022 02:35 UTC",Long March 2D | Shiyan 13,Active,29.75,Success
831,Virgin Orbit,"Cosmic Girl, Mojave Air and Space Port, California, USA","Thu Jan 13, 2022 22:52 UTC",LauncherOne | STP-27VPB/Above the Clouds,Retired,12.0,Success
832,SpaceX,"SLC-40, Cape Canaveral SFS, Florida, USA","Thu Jan 13, 2022 15:25 UTC",Falcon 9 Block 5 | Transporter 3,Active,69.75,Success
833,SpaceX,"LC-39A, Kennedy Space Center, Florida, USA","Thu Jan 06, 2022 21:49 UTC",Falcon 9 Block 5 | Starlink Group 4-5,Active,69.75,Success
834,ISA,"Imam Khomeini Spaceport, Semnan Space Center, Iran","Thu Dec 30, 2021 03:30 UTC",Simorgh | 3 Unknown payloads,Active,,Failure
835,CASC,"LC-2, Xichang Satellite Launch Center, China","Wed Dec 29, 2021 16:43 UTC",Long March 3B/E | TJSW-9,Active,29.15,Success
836,CASC,"Site 9401 (SLS-2), Jiuquan Satellite Launch Center, China","Wed Dec 29, 2021 11:13 UTC",Long March 2D | Tianhui 4,Active,29.75,Success
837,VKS RF,"Site 35/1, Plesetsk Cosmodrome, Russia","Mon Dec 27, 2021 19:00 UTC",Angara A5/Blok DM-03 | MGM n°3,Active,100.0,Failure
838,Starsem,"Site 31/6, Baikonur Cosmodrome, Kazakhstan","Mon Dec 27, 2021 13:10 UTC",Soyuz 2.1b/Fregat | OneWeb #12,Active,25.0,Success
839,CASC,"LC-9, Taiyuan Satellite Launch Center, China","Sun Dec 26, 2021 03:11 UTC",Long March 4C | Ziyuan-1 02E & CAS-9,Active,64.68,Success
840,Arianespace,"ELA-3, Guiana Space Centre, French Guiana, France","Sat Dec 25, 2021 12:20 UTC",Ariane 5 ECA | James Webb Space Telescope (JWST),Retired,200.0,Success
841,CASC,"LC-201, Wenchang Space Launch Site, China","Thu Dec 23, 2021 10:12 UTC",Long March 7A | Shiyan 12-01 & 02,Active,,Success
842,MHI,"LA-Y1, Tanegashima Space Center, Japan","Wed Dec 22, 2021 15:32 UTC",H-IIA 204 | Inmarsat I-6 F1,Retired,,Success
843,SpaceX,"LC-39A, Kennedy Space Center, Florida, USA","Tue Dec 21, 2021 10:07 UTC",Falcon 9 Block 5 | CRS SpX-24,Active,69.75,Success
844,SpaceX,"SLC-40, Cape Canaveral SFS, Florida, USA","Sun Dec 19, 2021 03:58 UTC",Falcon 9 Block 5 | Türksat 5B,Active,69.75,Success
845,SpaceX,"SLC-4E, Vandenberg SFB, California, USA","Sat Dec 18, 2021 12:41 UTC",Falcon 9 Block 5 | Starlink Group 4-4,Active,69.75,Success
846,ExPace,"Site 95A, Jiuquan Satellite Launch Center, China","Wed Dec 15, 2021 02:00 UTC",Kuaizhou 1A | GeeSAT-1A & 1B,Active,5.8,Failure
847,CASC,"LC-3, Xichang Satellite Launch Center, China","Mon Dec 13, 2021 16:09 UTC",Long March 3B/E | Tianlian-2-02,Active,29.15,Success
848,Roscosmos,"Site 200/39, Baikonur Cosmodrome, Kazakhstan","Mon Dec 13, 2021 12:07 UTC",Proton-M/Briz-M | Ekspress-AMU3 & AMU7,Active,65.0,Partial Failure
849,Blue Origin,"Launch Site One, West Texas, Texas, USA","Sat Dec 11, 2021 15:00 UTC",New Shepard | NS-19,Active,,Success
850,CASC,"Site 9401 (SLS-2), Jiuquan Satellite Launch Center, China","Fri Dec 10, 2021 00:11 UTC",Long March 4B | Shijian 6 Group 05,Active,64.68,Success
851,SpaceX,"LC-39A, Kennedy Space Center, Florida, USA","Thu Dec 09, 2021 06:00 UTC",Falcon 9 Block 5 | IXPE,Active,69.75,Success
852,Rocket Lab,"Rocket Lab LC-1A, Māhia Peninsula, New Zealand","Thu Dec 09, 2021 00:02 UTC",Electron/Curie | A Data With Destiny,Active,7.5,Success
853,Roscosmos,"Site 31/6, Baikonur Cosmodrome, Kazakhstan","Wed Dec 08, 2021 07:38 UTC",Soyuz 2.1a | Soyuz MS-20 / Space Adventures,Active,17.42,Success
854,ULA,"SLC-41, Cape Canaveral SFS, Florida, USA","Tue Dec 07, 2021 10:19 UTC",Atlas V 551 | STP-3 (STPSat-6 & LDPE-1),Active,153.0,Success
855,Galactic Energy,"Site 95A, Jiuquan Satellite Launch Center, China","Tue Dec 07, 2021 04:12 UTC",Ceres 1 | Keep On Moving,Active,4.38,Success
856,Arianespace,"ELS, Guiana Space Centre, French Guiana, France","Sun Dec 05, 2021 00:19 UTC",Soyuz ST-B/Fregat-MT | Galileo FOC FM23-FM24,Active,30.0,Success
857,SpaceX,"SLC-40, Cape Canaveral SFS, Florida, USA","Thu Dec 02, 2021 23:12 UTC",Falcon 9 Block 5 | Starlink Group 4-3 & BlackSky,Active,69.75,Success
858,CASC,"LC-2, Xichang Satellite Launch Center, China","Fri Nov 26, 2021 16:40 UTC",Long March 3B/E | ChinaSat 1D,Active,29.15,Success
859,VKS RF,"Site 43/4, Plesetsk Cosmodrome, Russia","Thu Nov 25, 2021 01:09 UTC",Soyuz 2.1b/Fregat | Cosmos 2552,Active,25.0,Success
860,ExPace,"Site 95A, Jiuquan Satellite Launch Center, China","Wed Nov 24, 2021 23:41 UTC",Kuaizhou 1A | Shiyan 11,Active,5.8,Success
861,Roscosmos,"Site 31/6, Baikonur Cosmodrome, Kazakhstan","Wed Nov 24, 2021 13:06 UTC",Soyuz 2.1b | Progress M-UM Prichal,Active,20.0,Success
862,SpaceX,"SLC-4E, Vandenberg SFB, California, USA","Wed Nov 24, 2021 06:21 UTC",Falcon 9 Block 5 | DART,Active,69.75,Success
863,CASC,"Site 9401 (SLS-2), Jiuquan Satellite Launch Center, China","Mon Nov 22, 2021 23:45 UTC",Long March 4C | Gaofen-3 02,Active,64.68,Success
864,Astra,"LP-3B, Pacific Spaceport Complex, Kodiak, Alaska, USA","Sat Nov 20, 2021 06:16 UTC",Rocket 3 | STP-27AD2,Retired,2.5,Success
865,CASC,"LC-9, Taiyuan Satellite Launch Center, China","Sat Nov 20, 2021 01:51 UTC",Long March 4B | Gaofen-11 03,Active,64.68,Success
866,Rocket Lab,"Rocket Lab LC-1A, Māhia Peninsula, New Zealand","Thu Nov 18, 2021 01:38 UTC",Electron/Curie | Love At First Insight,Active,7.5,Success
867,Arianespace,"ELV, Guiana Space Centre, French Guiana, France","Tue Nov 16, 2021 09:27 UTC","Vega | CERES 1, 2 & 3",Retired,37.0,Success
868,SpaceX,"SLC-40, Cape Canaveral SFS, Florida, USA","Sat Nov 13, 2021 12:19 UTC",Falcon 9 Block 5 | Starlink Group 4-1,Active,69.75,Success
869,SpaceX,"LC-39A, Kennedy Space Center, Florida, USA","Thu Nov 11, 2021 02:03 UTC",Falcon 9 Block 5 | SpaceX Crew-3,Active,69.75,Success
870,JAXA,"Mu Pad, Uchinoura Space Center, Japan","Tue Nov 09, 2021 00:55 UTC",Epsilon PBS | RAISE-2 & Others,Active,39.0,Success
871,CASC,"LC-3, Xichang Satellite Launch Center, China","Sat Nov 06, 2021 03:00 UTC",Long March 2D | Yaogan 35 A/B/C,Active,29.75,Success
872,CASC,"LC-16, Taiyuan Satellite Launch Center, China","Fri Nov 05, 2021 02:19 UTC",Long March 6 | SDGSAT-1,Active,19.0,Success
873,CASC,"Site 9401 (SLS-2), Jiuquan Satellite Launch Center, China","Wed Nov 03, 2021 07:43 UTC",Long March 2C/YZ-1S | Yaogan-32 02,Active,30.8,Success
874,Roscosmos,"Site 31/6, Baikonur Cosmodrome, Kazakhstan","Thu Oct 28, 2021 00:00 UTC",Soyuz 2.1a | Progress MS-18,Active,17.42,Success
875,ExPace,"Site 95A, Jiuquan Satellite Launch Center, China","Wed Oct 27, 2021 06:19 UTC",Kuaizhou 1A | Jilin-1 High Resolution 02F,Active,5.8,Success
876,MHI,"LA-Y1, Tanegashima Space Center, Japan","Tue Oct 26, 2021 02:19 UTC",H-IIA 202 | QZS-1R,Active,90.0,Success
877,Arianespace,"ELA-3, Guiana Space Centre, French Guiana, France","Sun Oct 24, 2021 02:10 UTC",Ariane 5 ECA | SES-17 & Syracuse-4A,Retired,200.0,Success
878,CASC,"LC-2, Xichang Satellite Launch Center, China","Sun Oct 24, 2021 01:27 UTC",Long March 3B/E | Shijian 21,Active,29.15,Success
879,KARI,"LC-2, Naro Space Center, South Korea","Thu Oct 21, 2021 08:00 UTC",KSLV-2 | Test Flight,Active,,Failure
880,ULA,"SLC-41, Cape Canaveral SFS, Florida, USA","Sat Oct 16, 2021 09:34 UTC",Atlas V 401 | Lucy,Retired,109.0,Success
881,CASC,"Site 901 (SLS-1), Jiuquan Satellite Launch Center, China","Fri Oct 15, 2021 16:23 UTC",Long March 2F/G | Shenzhou 13,Active,,Success
882,CASC,"LC-9, Taiyuan Satellite Launch Center, China","Thu Oct 14, 2021 10:51 UTC",Long March 2D | CHASE (Chinese Hα Solar Explorer) & Tianyuan-1,Active,29.75,Success
883,Starsem,"Site 1S, Vostochny Cosmodrome, Russia","Thu Oct 14, 2021 09:40 UTC",Soyuz 2.1b/Fregat | OneWeb #11,Active,25.0,Success
884,Blue Origin,"Launch Site One, West Texas, Texas, USA","Wed Oct 13, 2021 14:49 UTC",New Shepard | NS-18,Active,,Success
885,Roscosmos,"Site 31/6, Baikonur Cosmodrome, Kazakhstan","Tue Oct 05, 2021 08:55 UTC",Soyuz 2.1a | Soyuz MS-19,Active,17.42,Success
886,ULA,"SLC-3E, Vandenberg SFB, California, USA","Mon Sep 27, 2021 18:12 UTC",Atlas V 401 | Landsat 9 & Others,Retired,109.0,Success
887,CASC,"LC-3, Xichang Satellite Launch Center, China","Mon Sep 27, 2021 08:20 UTC",Long March 3B/E | Shiyan 10,Active,29.15,Success
888,ExPace,"Site 95A, Jiuquan Satellite Launch Center, China","Mon Sep 27, 2021 06:19 UTC",Kuaizhou 1A | Jilin-1 High Resolution 02D,Active,5.8,Success
889,CASC,"LC-201, Wenchang Space Launch Site, China","Mon Sep 20, 2021 07:10 UTC",Long March 7 | Tianzhou 3,Active,,Success
890,SpaceX,"LC-39A, Kennedy Space Center, Florida, USA","Thu Sep 16, 2021 00:02 UTC",Falcon 9 Block 5 | Inspiration4,Active,69.75,Success
891,Starsem,"Site 31/6, Baikonur Cosmodrome, Kazakhstan","Tue Sep 14, 2021 18:07 UTC",Soyuz 2.1b/Fregat | OneWeb #10,Active,25.0,Success
892,SpaceX,"SLC-4E, Vandenberg SFB, California, USA","Tue Sep 14, 2021 03:55 UTC",Falcon 9 Block 5 | Starlink Group 2-1,Active,69.75,Success
893,VKS RF,"Site 43/4, Plesetsk Cosmodrome, Russia","Thu Sep 09, 2021 19:59 UTC",Soyuz 2.1v/Volga | Cosmos 2551,Retired,,Success
894,CASC,"LC-2, Xichang Satellite Launch Center, China","Thu Sep 09, 2021 11:50 UTC",Long March 3B/E | ChinaSat 9B (Zhongxing-9B),Active,29.15,Success
895,CASC,"LC-9, Taiyuan Satellite Launch Center, China","Tue Sep 07, 2021 03:01 UTC",Long March 4C | Gaofen-5 02,Active,64.68,Success
896,Firefly,"SLC-2W, Vandenberg SFB, California, USA","Fri Sep 03, 2021 01:59 UTC",Alpha | DREAM (Demo Flight),Active,15.0,Failure
897,SpaceX,"LC-39A, Kennedy Space Center, Florida, USA","Sun Aug 29, 2021 07:14 UTC",Falcon 9 Block 5 | CRS SpX-23,Active,69.75,Success
898,Astra,"LP-3B, Pacific Spaceport Complex, Kodiak, Alaska, USA","Sat Aug 28, 2021 22:35 UTC",Rocket 3 | STP-27AD1,Retired,2.5,Failure
899,Blue Origin,"Launch Site One, West Texas, Texas, USA","Thu Aug 26, 2021 14:31 UTC",New Shepard | NS-17,Active,,Success
900,CASC,"LC-3, Xichang Satellite Launch Center, China","Tue Aug 24, 2021 15:41 UTC",Long March 3B/E | TJSW-7,Active,29.15,Success
901,CASC,"Site 9401 (SLS-2), Jiuquan Satellite Launch Center, China","Tue Aug 24, 2021 11:15 UTC",Long March 2C/YZ-1S | RSW-01 - 03,Active,30.8,Success
902,Starsem,"Site 31/6, Baikonur Cosmodrome, Kazakhstan","Sat Aug 21, 2021 22:13 UTC",Soyuz 2.1b/Fregat | OneWeb #9,Active,25.0,Success
903,CASC,"LC-9, Taiyuan Satellite Launch Center, China","Wed Aug 18, 2021 22:32 UTC",Long March 4B | Tianhui-2 2A & 2B,Active,64.68,Success
904,Arianespace,"ELV, Guiana Space Centre, French Guiana, France","Tue Aug 17, 2021 01:47 UTC",Vega | Pléiades-Néo 4 & SSMS n°3,Retired,37.0,Success
905,ISRO,"Second Launch Pad, Satish Dhawan Space Centre, India","Thu Aug 12, 2021 00:13 UTC",GSLV Mk II | EOS-03,Active,47.0,Failure
906,Northrop,"LP-0A, Wallops Flight Facility, Virginia, USA","Tue Aug 10, 2021 22:01 UTC",Antares 230+ | CRS NG-16,Retired,85.0,Success
907,CASC,"LC-2, Xichang Satellite Launch Center, China","Thu Aug 05, 2021 16:30 UTC",Long March 3B/E | Zhongxing-2E,Active,29.15,Success
908,CASC,"LC-16, Taiyuan Satellite Launch Center, China","Wed Aug 04, 2021 11:01 UTC",Long March 6 | KL-Beta A & B,Active,19.0,Success
909,iSpace,"Site 95A, Jiuquan Satellite Launch Center, China","Tue Aug 03, 2021 07:39 UTC",Hyperbola 1 | Jilin-1 Mofang-01A (?),Active,,Failure
910,Arianespace,"ELA-3, Guiana Space Centre, French Guiana, France","Fri Jul 30, 2021 21:00 UTC",Ariane 5 ECA | Eutelsat Quantum & Star One D2,Retired,200.0,Success
911,Rocket Lab,"Rocket Lab LC-1A, Māhia Peninsula, New Zealand","Thu Jul 29, 2021 06:00 UTC",Electron/Curie | It’s a Little Chile Up Here,Active,7.5,Success
912,CASC,"Site 9401 (SLS-2), Jiuquan Satellite Launch Center, China","Thu Jul 29, 2021 04:01 UTC",Long March 2D | Tianhui-1 04,Active,29.75,Success
913,Roscosmos,"Site 200/39, Baikonur Cosmodrome, Kazakhstan","Wed Jul 21, 2021 14:58 UTC",Proton-M | MLM-U Nauka,Active,65.0,Success
914,Blue Origin,"Launch Site One, West Texas, Texas, USA","Tue Jul 20, 2021 13:11 UTC",New Shepard | NS-16,Active,,Success
915,CASC,"LC-3, Xichang Satellite Launch Center, China","Mon Jul 19, 2021 00:19 UTC",Long March 2C | Yaogan-30 10,Active,30.8,Success
916,Virgin Galactic,"VMS Eve, Spaceport America, New Mexico, USA","Sun Jul 11, 2021 15:25 UTC",SpaceShipTwo | Unity 22,Retired,,Success
917,CASC,"LC-16, Taiyuan Satellite Launch Center, China","Fri Jul 09, 2021 11:59 UTC",Long March 6 | Zhongzi Group 02 (Ningxia-1-02),Active,19.0,Success
918,CASC,"LC-2, Xichang Satellite Launch Center, China","Tue Jul 06, 2021 15:53 UTC",Long March 3C/E | Tianlian 1-05,Active,20.0,Success
919,CASC,"Site 9401 (SLS-2), Jiuquan Satellite Launch Center, China","Sun Jul 04, 2021 23:28 UTC",Long March 4C | Fengyun-3E,Active,64.68,Success
920,CASC,"LC-9, Taiyuan Satellite Launch Center, China","Sat Jul 03, 2021 02:51 UTC",Long March 2D | Jilin-1 Wideband-01B & High Resolution 03D,Active,29.75,Success
921,Starsem,"Site 1S, Vostochny Cosmodrome, Russia","Thu Jul 01, 2021 12:48 UTC",Soyuz 2.1b/Fregat | OneWeb #8,Active,25.0,Success
922,SpaceX,"SLC-40, Cape Canaveral SFS, Florida, USA","Wed Jun 30, 2021 19:31 UTC",Falcon 9 Block 5 | Transporter 2,Active,69.75,Success
923,Virgin Orbit,"Cosmic Girl, Mojave Air and Space Port, California, USA","Wed Jun 30, 2021 14:47 UTC","LauncherOne | Tubular Bells, Part One",Retired,12.0,Success
924,Roscosmos,"Site 31/6, Baikonur Cosmodrome, Kazakhstan","Tue Jun 29, 2021 23:27 UTC",Soyuz 2.1a | Progress MS-17,Active,17.42,Success
925,VKS RF,"Site 43/4, Plesetsk Cosmodrome, Russia","Fri Jun 25, 2021 19:50 UTC",Soyuz 2.1b | Cosmos 2550,Active,20.0,Success
926,CASC,"LC-3, Xichang Satellite Launch Center, China","Fri Jun 18, 2021 06:30 UTC",Long March 2C | Yaogan-30 09 & Apocalypse 14,Active,30.8,Success
927,SpaceX,"SLC-40, Cape Canaveral SFS, Florida, USA","Thu Jun 17, 2021 16:09 UTC",Falcon 9 Block 5 | GPS III SV05 (USA-319),Active,69.75,Success
928,CASC,"Site 901 (SLS-1), Jiuquan Satellite Launch Center, China","Thu Jun 17, 2021 01:22 UTC",Long March 2F/G | Shenzhou 12,Active,,Success
929,Northrop,"LP-0B, Wallops Flight Facility, Virginia, USA","Tue Jun 15, 2021 13:35 UTC",Minotaur I | Shakespeare 1 to 3 (USA-316 to USA-318) (NROL-111),Active,40.0,Success
930,Northrop,"Stargazer, Vandenberg SFB, California, USA","Sun Jun 13, 2021 08:11 UTC",Pegasus XL | Odyssey (TacRL-2),Active,40.0,Success
931,CASC,"LC-9, Taiyuan Satellite Launch Center, China","Fri Jun 11, 2021 03:03 UTC","Long March 2D | Beijing-3, Haisi-2 & Others",Active,29.75,Success
932,SpaceX,"SLC-40, Cape Canaveral SFS, Florida, USA","Sun Jun 06, 2021 04:26 UTC",Falcon 9 Block 5 | SXM-8,Active,69.75,Success
933,SpaceX,"LC-39A, Kennedy Space Center, Florida, USA","Thu Jun 03, 2021 17:29 UTC",Falcon 9 Block 5 | CRS SpX-22,Active,69.75,Success
934,CASC,"LC-2, Xichang Satellite Launch Center, China","Wed Jun 02, 2021 16:17 UTC",Long March 3B/E | Fengyun-4B,Active,29.15,Success
935,CASC,"LC-201, Wenchang Space Launch Site, China","Sat May 29, 2021 12:55 UTC",Long March 7 | Tianzhou 2,Active,,Success
936,Starsem,"Site 1S, Vostochny Cosmodrome, Russia","Fri May 28, 2021 17:38 UTC",Soyuz 2.1b/Fregat | OneWeb #7,Active,25.0,Success
937,SpaceX,"SLC-40, Cape Canaveral SFS, Florida, USA","Wed May 26, 2021 18:59 UTC",Falcon 9 Block 5 | Starlink V1 L28,Active,69.75,Success
938,Virgin Galactic,"VMS Eve, Spaceport America, New Mexico, USA","Sat May 22, 2021 15:26 UTC",SpaceShipTwo | VF-03,Retired,,Success
939,CASC,"Site 9401 (SLS-2), Jiuquan Satellite Launch Center, China","Wed May 19, 2021 04:03 UTC",Long March 4B | Haiyang 2D,Active,64.68,Success
940,ULA,"SLC-41, Cape Canaveral SFS, Florida, USA","Tue May 18, 2021 17:37 UTC",Atlas V 421 | SBIRS GEO-5,Retired,123.0,Success
941,SpaceX,"LC-39A, Kennedy Space Center, Florida, USA","Sat May 15, 2021 22:56 UTC",Falcon 9 Block 5 | Starlink V1 L26 & Rideshares,Active,69.75,Success
942,Rocket Lab,"Rocket Lab LC-1A, Māhia Peninsula, New Zealand","Sat May 15, 2021 11:11 UTC",Electron/Curie | Running Out Of Toes,Active,7.5,Failure
943,SpaceX,"SLC-40, Cape Canaveral SFS, Florida, USA","Sun May 09, 2021 06:42 UTC",Falcon 9 Block 5 | Starlink V1 L27,Active,69.75,Success
944,CASC,"LC-3, Xichang Satellite Launch Center, China","Thu May 06, 2021 18:11 UTC",Long March 2C | Yaogan-30 08 & Apocalypse 12,Active,30.8,Success
945,SpaceX,"Suborbital Pad A, Starbase, Texas, USA","Wed May 05, 2021 22:25 UTC",Starship Prototype | 10-Kilometer Test Flight,Active,,Success
946,SpaceX,"LC-39A, Kennedy Space Center, Florida, USA","Tue May 04, 2021 19:01 UTC",Falcon 9 Block 5 | Starlink V1 L25,Active,69.75,Success
947,CASC,"Site 9401 (SLS-2), Jiuquan Satellite Launch Center, China","Fri Apr 30, 2021 07:27 UTC",Long March 4C | Yaogan 34,Active,64.68,Success
948,SpaceX,"SLC-40, Cape Canaveral SFS, Florida, USA","Thu Apr 29, 2021 03:44 UTC",Falcon 9 Block 5 | Starlink V1 L24,Active,69.75,Success
949,CASC,"LC-101, Wenchang Space Launch Site, China","Thu Apr 29, 2021 03:23 UTC",Long March 5B | Tianhe,Active,,Success
950,Arianespace,"ELV, Guiana Space Centre, French Guiana, France","Thu Apr 29, 2021 01:50 UTC",Vega | Pléiades-Néo 3 & SSMS n°2,Retired,37.0,Success
951,CASC,"LC-16, Taiyuan Satellite Launch Center, China","Tue Apr 27, 2021 03:20 UTC","Long March 6 | Qilu-1, 4 & Rideshares",Active,19.0,Success
952,ULA,"SLC-6, Vandenberg SFB, California, USA","Mon Apr 26, 2021 20:47 UTC",Delta IV Heavy | KH-11 18 (Crystal 18) (USA-314) (NROL-82),Retired,350.0,Success
953,Starsem,"Site 1S, Vostochny Cosmodrome, Russia","Sun Apr 25, 2021 22:14 UTC",Soyuz 2.1b/Fregat | OneWeb #6,Active,25.0,Success
954,SpaceX,"LC-39A, Kennedy Space Center, Florida, USA","Fri Apr 23, 2021 09:49 UTC",Falcon 9 Block 5 | SpaceX Crew-2,Active,69.75,Success
955,Blue Origin,"Launch Site One, West Texas, Texas, USA","Wed Apr 14, 2021 16:51 UTC",New Shepard | NS-15,Active,,Success
956,Roscosmos,"Site 31/6, Baikonur Cosmodrome, Kazakhstan","Fri Apr 09, 2021 07:42 UTC",Soyuz 2.1a | Soyuz MS-18,Active,17.42,Success
957,CASC,"LC-9, Taiyuan Satellite Launch Center, China","Thu Apr 08, 2021 23:01 UTC",Long March 4B | Shiyan-6 03,Active,64.68,Success
958,SpaceX,"SLC-40, Cape Canaveral SFS, Florida, USA","Wed Apr 07, 2021 16:34 UTC",Falcon 9 Block 5 | Starlink V1 L23,Active,69.75,Success
959,CASC,"Site 9401 (SLS-2), Jiuquan Satellite Launch Center, China","Tue Mar 30, 2021 22:45 UTC",Long March 4C | Gaofen-12 02,Active,64.68,Success
960,SpaceX,"Suborbital Pad B, Starbase, Texas, USA","Tue Mar 30, 2021 13:00 UTC",Starship Prototype | 10-Kilometer Test Flight,Active,,Failure
961,Starsem,"Site 1S, Vostochny Cosmodrome, Russia","Thu Mar 25, 2021 02:47 UTC",Soyuz 2.1b/Fregat | OneWeb #5,Active,25.0,Success
962,SpaceX,"SLC-40, Cape Canaveral SFS, Florida, USA","Wed Mar 24, 2021 08:28 UTC",Falcon 9 Block 5 | Starlink V1 L22,Active,69.75,Success
963,Rocket Lab,"Rocket Lab LC-1A, Māhia Peninsula, New Zealand","Mon Mar 22, 2021 22:30 UTC",Electron/Photon | They Go Up So Fast,Active,7.5,Success
964,GK LS,"Site 31/6, Baikonur Cosmodrome, Kazakhstan","Mon Mar 22, 2021 06:07 UTC",Soyuz 2.1a/Fregat-M | CAS500-1 & Others,Active,23.0,Success
965,SpaceX,"LC-39A, Kennedy Space Center, Florida, USA","Sun Mar 14, 2021 10:01 UTC",Falcon 9 Block 5 | Starlink V1 L21,Active,69.75,Success
966,CASC,"Site 9401 (SLS-2), Jiuquan Satellite Launch Center, China","Sat Mar 13, 2021 02:19 UTC",Long March 4C | Yaogan-31 04,Active,64.68,Success
967,CASC,"LC-201, Wenchang Space Launch Site, China","Thu Mar 11, 2021 17:51 UTC",Long March 7A | Shiyan 9,Active,,Success
968,SpaceX,"SLC-40, Cape Canaveral SFS, Florida, USA","Thu Mar 11, 2021 08:13 UTC",Falcon 9 Block 5 | Starlink V1 L20,Active,69.75,Success
969,SpaceX,"LC-39A, Kennedy Space Center, Florida, USA","Thu Mar 04, 2021 08:24 UTC",Falcon 9 Block 5 | Starlink V1 L17,Active,69.75,Success
970,SpaceX,"Suborbital Pad A, Starbase, Texas, USA","Wed Mar 03, 2021 23:14 UTC",Starship Prototype | 10-Kilometer Test Flight,Active,,Partial Failure
971,Roscosmos,"Site 31/6, Baikonur Cosmodrome, Kazakhstan","Sun Feb 28, 2021 06:55 UTC",Soyuz 2.1b/Fregat-M | Arktika-M n°1,Active,25.0,Success
972,ISRO,"First Launch Pad, Satish Dhawan Space Centre, India","Sun Feb 28, 2021 04:54 UTC",PSLV-DL | Amazônia 1 & Others,Active,,Success
973,CASC,"Site 9401 (SLS-2), Jiuquan Satellite Launch Center, China","Wed Feb 24, 2021 02:22 UTC",Long March 4C | Yaogan-31 03,Active,64.68,Success
974,Northrop,"LP-0A, Wallops Flight Facility, Virginia, USA","Sat Feb 20, 2021 17:36 UTC",Antares 230+ | CRS NG-15,Retired,85.0,Success
975,SpaceX,"SLC-40, Cape Canaveral SFS, Florida, USA","Tue Feb 16, 2021 03:59 UTC",Falcon 9 Block 5 | Starlink V1 L19,Active,69.75,Success
976,Roscosmos,"Site 31/6, Baikonur Cosmodrome, Kazakhstan","Mon Feb 15, 2021 04:45 UTC",Soyuz 2.1a | Progress MS-16,Active,17.42,Success
977,CASC,"LC-3, Xichang Satellite Launch Center, China","Thu Feb 04, 2021 15:36 UTC",Long March 3B/E | TJS-6,Active,29.15,Success
978,SpaceX,"SLC-40, Cape Canaveral SFS, Florida, USA","Thu Feb 04, 2021 06:19 UTC",Falcon 9 Block 5 | Starlink V1 L18,Active,69.75,Success
979,VKS RF,"Site 43/4, Plesetsk Cosmodrome, Russia","Tue Feb 02, 2021 20:45 UTC",Soyuz 2.1b | Cosmos 2549,Active,20.0,Success
980,SpaceX,"Suborbital Pad B, Starbase, Texas, USA","Tue Feb 02, 2021 20:25 UTC",Starship Prototype | 10-Kilometer Test Flight,Active,,Partial Failure
981,ISA,"Safir Launch Pad, Semnan Space Center, Iran","Mon Feb 01, 2021",Zoljanah | Demo Flight 2,Active,,Success
982,iSpace,"Site 95A, Jiuquan Satellite Launch Center, China","Mon Feb 01, 2021 08:15 UTC",Hyperbola 1 | 6 Unknown Payloads,Active,,Failure
983,CASC,"Site 9401 (SLS-2), Jiuquan Satellite Launch Center, China","Fri Jan 29, 2021 04:47 UTC",Long March 4C | Yaogan-31 02,Active,64.68,Success
984,SpaceX,"SLC-40, Cape Canaveral SFS, Florida, USA","Sun Jan 24, 2021 15:00 UTC",Falcon 9 Block 5 | Transporter 1,Active,69.75,Success
985,SpaceX,"LC-39A, Kennedy Space Center, Florida, USA","Wed Jan 20, 2021 13:02 UTC",Falcon 9 Block 5 | Starlink V1 L16,Active,69.75,Success
986,Rocket Lab,"Rocket Lab LC-1A, Māhia Peninsula, New Zealand","Wed Jan 20, 2021 07:26 UTC",Electron/Curie | Another One Leaves The Crust,Active,7.5,Success
987,CASC,"LC-2, Xichang Satellite Launch Center, China","Tue Jan 19, 2021 16:25 UTC",Long March 3B/E | Tiantong-1 03,Active,29.15,Success
988,Virgin Orbit,"Cosmic Girl, Mojave Air and Space Port, California, USA","Sun Jan 17, 2021 19:38 UTC",LauncherOne | ELaNa XX,Retired,12.0,Success
989,Blue Origin,"Launch Site One, West Texas, Texas, USA","Thu Jan 14, 2021 17:19 UTC",New Shepard | NS-14,Active,,Success
990,SpaceX,"SLC-40, Cape Canaveral SFS, Florida, USA","Fri Jan 08, 2021 02:15 UTC",Falcon 9 Block 5 | Türksat 5A,Active,69.75,Success
991,Arianespace,"ELS, Guiana Space Centre, French Guiana, France","Tue Dec 29, 2020 16:42 UTC",Soyuz ST-A/Fregat-M | CSO-2,Active,30.0,Success
992,CASC,"Site 9401 (SLS-2), Jiuquan Satellite Launch Center, China","Sun Dec 27, 2020 15:44 UTC",Long March 4C | Yaogan-33(R) & Weina 2,Active,64.68,Success
993,CASC,"LC-201, Wenchang Space Launch Site, China","Tue Dec 22, 2020 04:37 UTC","Long March 8 | XJY-7, Haisi-1 & Others",Active,27.0,Success
994,SpaceX,"LC-39A, Kennedy Space Center, Florida, USA","Sat Dec 19, 2020 14:00 UTC",Falcon 9 Block 5 | NROL-108 (USA-312 & USA-313),Active,69.75,Success
995,Starsem,"Site 1S, Vostochny Cosmodrome, Russia","Fri Dec 18, 2020 12:26 UTC",Soyuz 2.1b/Fregat | OneWeb #4,Active,25.0,Success
996,ISRO,"Second Launch Pad, Satish Dhawan Space Centre, India","Thu Dec 17, 2020 10:09 UTC",PSLV-XL | CMS-01,Active,31.0,Success
997,Astra,"LP-3B, Pacific Spaceport Complex, Kodiak, Alaska, USA","Tue Dec 15, 2020 20:55 UTC",Rocket 3 | Rocket 3.2 Orbital Launch Attempt,Retired,2.5,Failure
998,Rocket Lab,"Rocket Lab LC-1A, Māhia Peninsula, New Zealand","Tue Dec 15, 2020 10:09 UTC",Electron/Curie | The Owl’s Night Begins,Active,7.5,Success
999,VKS RF,"Site 35/1, Plesetsk Cosmodrome, Russia","Mon Dec 14, 2020 05:50 UTC",Angara A5/Briz-M | MGM n°2,Active,100.0,Success
1000,SpaceX,"SLC-40, Cape Canaveral SFS, Florida, USA","Sun Dec 13, 2020 17:30 UTC",Falcon 9 Block 5 | SXM-7,Active,69.75,Success
1001,Virgin Galactic,"VMS Eve, Spaceport America, New Mexico, USA","Sat Dec 12, 2020 16:16 UTC",SpaceShipTwo | VF-02,Retired,,Partial Failure
1002,ULA,"SLC-37B, Cape Canaveral SFS, Florida, USA","Fri Dec 11, 2020 01:09 UTC",Delta IV Heavy | Orion 10 (USA-311) (NROL-44),Retired,350.0,Success
1003,SpaceX,"Suborbital Pad A, Starbase, Texas, USA","Wed Dec 09, 2020 22:45 UTC",Starship Prototype | 12.5-Kilometer Test Flight,Active,,Partial Failure
1004,CASC,"Mobile Launcher Pad, Xichang Satellite Launch Center, China","Wed Dec 09, 2020 20:14 UTC",Long March 11 | GECAM 1 & 2,Active,5.3,Success
1005,SpaceX,"LC-39A, Kennedy Space Center, Florida, USA","Sun Dec 06, 2020 16:17 UTC",Falcon 9 Block 5 | CRS SpX-21,Active,69.75,Success
1006,CASC,"LC-3, Xichang Satellite Launch Center, China","Sun Dec 06, 2020 03:58 UTC",Long March 3B/E | Gaofen 14,Active,29.15,Success
1007,VKS RF,"Site 43/3, Plesetsk Cosmodrome, Russia","Thu Dec 03, 2020 01:14 UTC",Soyuz 2.1b/Fregat-M | Goniets-M n°30L to 32L & Cosmos 2548,Active,25.0,Success
1008,Arianespace,"ELS, Guiana Space Centre, French Guiana, France","Wed Dec 02, 2020 01:33 UTC",Soyuz ST-A/Fregat-M | Falcon Eye 2,Active,30.0,Success
1009,MHI,"LA-Y1, Tanegashima Space Center, Japan","Sun Nov 29, 2020 07:25 UTC",H-IIA 202 | JDRS-1,Active,90.0,Success
1010,SpaceX,"SLC-40, Cape Canaveral SFS, Florida, USA","Wed Nov 25, 2020 02:13 UTC",Falcon 9 Block 5 | Starlink V1 L15,Active,69.75,Success
1011,CASC,"LC-101, Wenchang Space Launch Site, China","Mon Nov 23, 2020 20:30 UTC",Long March 5 | Chang'e 5,Active,,Success
1012,SpaceX,"SLC-4E, Vandenberg SFB, California, USA","Sat Nov 21, 2020 17:17 UTC",Falcon 9 Block 5 | Sentinel-6A Michael Freilich,Active,69.75,Success
1013,Rocket Lab,"Rocket Lab LC-1A, Māhia Peninsula, New Zealand","Fri Nov 20, 2020 02:20 UTC",Electron/Curie | Return To Sender,Active,7.5,Success
1014,Arianespace,"ELV, Guiana Space Centre, French Guiana, France","Tue Nov 17, 2020 01:52 UTC",Vega | Taranis & Seosat,Retired,37.0,Failure
1015,SpaceX,"LC-39A, Kennedy Space Center, Florida, USA","Mon Nov 16, 2020 00:27 UTC",Falcon 9 Block 5 | SpaceX Crew-1,Active,69.75,Success
1016,ULA,"SLC-41, Cape Canaveral SFS, Florida, USA","Fri Nov 13, 2020 22:32 UTC",Atlas V 531 | NROL-101 (USA-310),Retired,140.0,Success
1017,CASC,"LC-2, Xichang Satellite Launch Center, China","Thu Nov 12, 2020 15:59 UTC",Long March 3B/E | Tiantong-1 02,Active,29.15,Success
1018,ISRO,"First Launch Pad, Satish Dhawan Space Centre, India","Sat Nov 07, 2020 09:41 UTC",PSLV-DL | EOS-01 & Rideshares,Active,,Success
1019,Galactic Energy,"Site 95A, Jiuquan Satellite Launch Center, China","Sat Nov 07, 2020 07:12 UTC",Ceres 1 | I Believe I Can Fly,Active,4.38,Success
1020,CASC,"LC-16, Taiyuan Satellite Launch Center, China","Fri Nov 06, 2020 03:19 UTC",Long March 6 | ÑuSat 9 to 18 & Others,Active,19.0,Success
1021,SpaceX,"SLC-40, Cape Canaveral SFS, Florida, USA","Thu Nov 05, 2020 23:24 UTC",Falcon 9 Block 5 | GPS III SV04 (USA-309),Active,69.75,Success
1022,Rocket Lab,"Rocket Lab LC-1A, Māhia Peninsula, New Zealand","Wed Oct 28, 2020 21:21 UTC",Electron/Curie | In Focus,Active,7.5,Success
1023,CASC,"LC-3, Xichang Satellite Launch Center, China","Mon Oct 26, 2020 15:19 UTC",Long March 2C | Yaogan-30 07 & Apocalypse-6,Active,30.8,Success
1024,VKS RF,"Site 43/4, Plesetsk Cosmodrome, Russia","Sun Oct 25, 2020 19:08 UTC",Soyuz 2.1b/Fregat-M | Cosmos 2547,Active,25.0,Success
1025,SpaceX,"SLC-40, Cape Canaveral SFS, Florida, USA","Sat Oct 24, 2020 15:31 UTC",Falcon 9 Block 5 | Starlink V1 L14,Active,69.75,Success
1026,SpaceX,"LC-39A, Kennedy Space Center, Florida, USA","Sun Oct 18, 2020 12:25 UTC",Falcon 9 Block 5 | Starlink V1 L13,Active,69.75,Success
1027,Roscosmos,"Site 31/6, Baikonur Cosmodrome, Kazakhstan","Wed Oct 14, 2020 05:45 UTC",Soyuz 2.1a | Soyuz MS-17,Active,17.42,Success
1028,Blue Origin,"Launch Site One, West Texas, Texas, USA","Tue Oct 13, 2020 13:36 UTC",New Shepard | NS-13,Active,,Success
1029,CASC,"LC-2, Xichang Satellite Launch Center, China","Sun Oct 11, 2020 16:57 UTC",Long March 3B/E | Gaofen-13,Active,29.15,Success
1030,SpaceX,"LC-39A, Kennedy Space Center, Florida, USA","Tue Oct 06, 2020 11:29 UTC",Falcon 9 Block 5 | Starlink V1 L12,Active,69.75,Success
1031,Northrop,"LP-0A, Wallops Flight Facility, Virginia, USA","Sat Oct 03, 2020 01:16 UTC",Antares 230+ | CRS NG-14,Retired,85.0,Success
1032,VKS RF,"Site 43/4, Plesetsk Cosmodrome, Russia","Mon Sep 28, 2020 11:20 UTC",Soyuz 2.1b/Fregat | Goniets-M n°27L to 29L & Others,Active,25.0,Success
1033,CASC,"LC-9, Taiyuan Satellite Launch Center, China","Sun Sep 27, 2020 03:23 UTC",Long March 4B | Huanjing-2A & 2B,Active,64.68,Success
1034,CASC,"Site 9401 (SLS-2), Jiuquan Satellite Launch Center, China","Mon Sep 21, 2020 05:40 UTC",Long March 4B | Haiyang 2C,Active,64.68,Success
1035,CASC,"DeBo 3 Barge, China Coastal Waters","Tue Sep 15, 2020 01:23 UTC",Long March 11H | Jilin-1 High Resolution 03,Active,5.3,Success
1036,ExPace,"Site 95A, Jiuquan Satellite Launch Center, China","Sat Sep 12, 2020 05:02 UTC",Kuaizhou 1A | Jilin-1 High Resolution 02C,Active,5.8,Failure
1037,Astra,"LP-3B, Pacific Spaceport Complex, Kodiak, Alaska, USA","Sat Sep 12, 2020 03:19 UTC",Rocket 3 | Rocket 3.1 Orbital Launch Attempt,Retired,2.5,Failure
1038,CASC,"LC-9, Taiyuan Satellite Launch Center, China","Mon Sep 07, 2020 05:57 UTC",Long March 4B | Gaofen-11 02,Active,64.68,Success
1039,CASC,"Site 901 (SLS-1), Jiuquan Satellite Launch Center, China","Fri Sep 04, 2020 07:30 UTC",Long March 2F/T | Experimental Spaceplane (CSSHQ),Active,,Success
1040,SpaceX,"LC-39A, Kennedy Space Center, Florida, USA","Thu Sep 03, 2020 12:46 UTC",Falcon 9 Block 5 | Starlink V1 L11,Active,69.75,Success
1041,Arianespace,"ELV, Guiana Space Centre, French Guiana, France","Thu Sep 03, 2020 01:51 UTC",Vega | SSMS n°1 PoC,Retired,37.0,Success
1042,Rocket Lab,"Rocket Lab LC-1A, Māhia Peninsula, New Zealand","Mon Aug 31, 2020 03:05 UTC",Electron/Photon | I Can’t Believe It’s Not Optical,Active,7.5,Success
1043,SpaceX,"SLC-40, Cape Canaveral SFS, Florida, USA","Sun Aug 30, 2020 23:18 UTC",Falcon 9 Block 5 | SAOCOM 1B & Rideshares,Active,69.75,Success
1044,CASC,"Site 9401 (SLS-2), Jiuquan Satellite Launch Center, China","Sun Aug 23, 2020 02:27 UTC","Long March 2D | Gaofen-9 05, Tiantuo-5 & MTS",Active,29.75,Success
1045,SpaceX,"SLC-40, Cape Canaveral SFS, Florida, USA","Tue Aug 18, 2020 14:31 UTC",Falcon 9 Block 5 | Starlink V1 L10 & SkySat 19 to 21,Active,69.75,Success
1046,Arianespace,"ELA-3, Guiana Space Centre, French Guiana, France","Sat Aug 15, 2020 22:04 UTC","Ariane 5 ECA | BSat 4b & Galaxy 30, MEV-2",Retired,200.0,Success
1047,SpaceX,"LC-39A, Kennedy Space Center, Florida, USA","Fri Aug 07, 2020 05:12 UTC",Falcon 9 Block 5 | Starlink V1 L9 & BlackSky,Active,69.75,Success
1048,CASC,"Site 9401 (SLS-2), Jiuquan Satellite Launch Center, China","Thu Aug 06, 2020 04:01 UTC",Long March 2D | Gaofen-9 04 & Q-SAT,Active,29.75,Success
1049,Roscosmos,"Site 200/39, Baikonur Cosmodrome, Kazakhstan","Thu Jul 30, 2020 21:25 UTC",Proton-M/Briz-M | Ekspress-80 & Ekspress-103,Active,65.0,Success
1050,ULA,"SLC-41, Cape Canaveral SFS, Florida, USA","Thu Jul 30, 2020 11:50 UTC",Atlas V 541 | Perseverance,Retired,145.0,Success
1051,CASC,"LC-9, Taiyuan Satellite Launch Center, China","Sat Jul 25, 2020 03:13 UTC","Long March 4B | Ziyuan-3 03, Apocalypse-10 & NJU-HKU 1",Active,64.68,Success
1052,Roscosmos,"Site 31/6, Baikonur Cosmodrome, Kazakhstan","Thu Jul 23, 2020 14:26 UTC",Soyuz 2.1a | Progress MS-15,Active,17.42,Success
1053,CASC,"LC-101, Wenchang Space Launch Site, China","Thu Jul 23, 2020 04:41 UTC",Long March 5 | Tianwen-1,Active,,Success
1054,SpaceX,"SLC-40, Cape Canaveral SFS, Florida, USA","Mon Jul 20, 2020 21:30 UTC",Falcon 9 Block 5 | ANASIS-II,Active,69.75,Success
1055,MHI,"LA-Y1, Tanegashima Space Center, Japan","Sun Jul 19, 2020 21:58 UTC",H-IIA 202 | Al-Amal (Hope),Active,90.0,Success
1056,Northrop,"LP-0B, Wallops Flight Facility, Virginia, USA","Wed Jul 15, 2020 13:46 UTC",Minotaur IV | NROL-129 (USA-305 to 308),Active,46.0,Success
1057,ExPace,"Site 95A, Jiuquan Satellite Launch Center, China","Fri Jul 10, 2020 04:17 UTC",Kuaizhou 11 | Jilin-1 02E & CentiSpace-1 S2,Active,28.3,Failure
1058,CASC,"LC-3, Xichang Satellite Launch Center, China","Thu Jul 09, 2020 12:11 UTC",Long March 3B/E | Apstar-6D,Active,29.15,Success
1059,IAI,"Pad 1, Palmachim Airbase, Israel","Mon Jul 06, 2020 01:00 UTC",Shavit 2 | Ofek-16,Active,,Success
1060,CASC,"Site 9401 (SLS-2), Jiuquan Satellite Launch Center, China","Sat Jul 04, 2020 23:44 UTC",Long March 2D | Shiyan-6 02,Active,29.75,Success
1061,Rocket Lab,"Rocket Lab LC-1A, Māhia Peninsula, New Zealand","Sat Jul 04, 2020 21:19 UTC",Electron/Curie | Pics Or It Didn’t Happen,Active,7.5,Failure
1062,CASC,"LC-9, Taiyuan Satellite Launch Center, China","Fri Jul 03, 2020 03:10 UTC",Long March 4B | Gaofen Duomo & BY-02,Active,64.68,Success
1063,SpaceX,"SLC-40, Cape Canaveral SFS, Florida, USA","Tue Jun 30, 2020 20:10 UTC",Falcon 9 Block 5 | GPS III SV03 (USA-304),Active,69.75,Success
1064,CASC,"LC-2, Xichang Satellite Launch Center, China","Tue Jun 23, 2020 01:43 UTC",Long March 3B/E | Beidou-3 G3,Active,29.15,Success
1065,CASC,"Site 9401 (SLS-2), Jiuquan Satellite Launch Center, China","Wed Jun 17, 2020 07:19 UTC","Long March 2D | Gaofen-9 03, Pixing III A & HEAD-5",Active,29.75,Success
1066,SpaceX,"SLC-40, Cape Canaveral SFS, Florida, USA","Sat Jun 13, 2020 09:21 UTC",Falcon 9 Block 5 | Starlink V1 L8 & SkySat 16 to 18,Active,69.75,Success
1067,Rocket Lab,"Rocket Lab LC-1A, Māhia Peninsula, New Zealand","Sat Jun 13, 2020 05:12 UTC",Electron/Curie | Don't Stop Me Now,Active,7.5,Success
1068,CASC,"LC-9, Taiyuan Satellite Launch Center, China","Wed Jun 10, 2020 18:31 UTC",Long March 2C | Haiyang-1D,Active,30.8,Success
1069,SpaceX,"SLC-40, Cape Canaveral SFS, Florida, USA","Thu Jun 04, 2020 01:25 UTC",Falcon 9 Block 5 | Starlink V1 L7,Active,69.75,Success
1070,CASC,"Site 9401 (SLS-2), Jiuquan Satellite Launch Center, China","Sun May 31, 2020 08:53 UTC",Long March 2D | Gaofen-9 02 & HEAD-4,Active,29.75,Success
1071,SpaceX,"LC-39A, Kennedy Space Center, Florida, USA","Sat May 30, 2020 19:22 UTC",Falcon 9 Block 5 | SpaceX Demo-2,Active,69.75,Success
1072,CASC,"Mobile Launcher Pad, Xichang Satellite Launch Center, China","Fri May 29, 2020 20:13 UTC",Long March 11 | XJS-G & XJS-H,Active,5.3,Success
1073,Virgin Orbit,"Cosmic Girl, Mojave Air and Space Port, California, USA","Mon May 25, 2020 19:50 UTC",LauncherOne | Demo Flight,Retired,12.0,Failure
1074,VKS RF,"Site 43/4, Plesetsk Cosmodrome, Russia","Fri May 22, 2020 07:31 UTC",Soyuz 2.1b/Fregat-M | Cosmos 2546,Active,25.0,Success
1075,MHI,"LA-Y2, Tanegashima Space Center, Japan","Wed May 20, 2020 17:31 UTC",H-IIB | HTV-9,Retired,112.5,Success
1076,ULA,"SLC-41, Cape Canaveral SFS, Florida, USA","Sun May 17, 2020 13:14 UTC",Atlas V 501 | USSF-7 (OTV-6),Retired,120.0,Success
1077,ExPace,"Site 95A, Jiuquan Satellite Launch Center, China","Tue May 12, 2020 01:16 UTC",Kuaizhou 1A | Xingyun-2 01 (Wuhan) & 02,Active,5.8,Success
1078,CASC,"LC-101, Wenchang Space Launch Site, China","Tue May 05, 2020 10:00 UTC",Long March 5B | Demo Flight (XZF-SC & RCS-FC-SC),Active,,Success
1079,Roscosmos,"Site 31/6, Baikonur Cosmodrome, Kazakhstan","Sat Apr 25, 2020 01:51 UTC",Soyuz 2.1a | Progress MS-14,Active,17.42,Success
1080,SpaceX,"LC-39A, Kennedy Space Center, Florida, USA","Wed Apr 22, 2020 19:30 UTC",Falcon 9 Block 5 | Starlink V1 L6,Active,69.75,Success
1081,IRGC,"Launch Platform, Shahrud Missile Test Site, Iran","Wed Apr 22, 2020 03:58 UTC",Qased | Nour 1,Active,,Success
1082,CASC,"LC-2, Xichang Satellite Launch Center, China","Thu Apr 09, 2020 11:46 UTC",Long March 3B/E | Nusantara Dua,Active,29.15,Failure
1083,Roscosmos,"Site 31/6, Baikonur Cosmodrome, Kazakhstan","Thu Apr 09, 2020 08:05 UTC",Soyuz 2.1a | Soyuz MS-16,Active,17.42,Success
1084,ULA,"SLC-41, Cape Canaveral SFS, Florida, USA","Thu Mar 26, 2020 20:18 UTC",Atlas V 551 | AEHF 6 & TDO 2,Active,153.0,Success
1085,CASC,"LC-3, Xichang Satellite Launch Center, China","Tue Mar 24, 2020 03:43 UTC",Long March 2C | Yaogan-30 06,Active,30.8,Success
1086,Starsem,"Site 31/6, Baikonur Cosmodrome, Kazakhstan","Sat Mar 21, 2020 17:06 UTC",Soyuz 2.1b/Fregat | OneWeb #3,Active,25.0,Success
1087,SpaceX,"LC-39A, Kennedy Space Center, Florida, USA","Wed Mar 18, 2020 12:16 UTC",Falcon 9 Block 5 | Starlink V1 L5,Active,69.75,Success
1088,VKS RF,"Site 43/4, Plesetsk Cosmodrome, Russia","Mon Mar 16, 2020 18:28 UTC",Soyuz 2.1b/Fregat-M | Cosmos 2545,Active,25.0,Success
1089,CASC,"LC-201, Wenchang Space Launch Site, China","Mon Mar 16, 2020 13:34 UTC",Long March 7A | XJY-6,Active,,Failure
1090,CASC,"LC-2, Xichang Satellite Launch Center, China","Mon Mar 09, 2020 11:55 UTC",Long March 3B/E | Beidou-3 G2,Active,29.15,Success
1091,SpaceX,"SLC-40, Cape Canaveral SFS, Florida, USA","Sat Mar 07, 2020 04:50 UTC",Falcon 9 Block 5 | CRS SpX-20,Active,69.75,Success
1092,VKS RF,"Site 43/3, Plesetsk Cosmodrome, Russia","Thu Feb 20, 2020 08:24 UTC",Soyuz 2.1a/Fregat-M | Meridian-M n°19L,Active,23.0,Success
1093,CASC,"LC-3, Xichang Satellite Launch Center, China","Wed Feb 19, 2020 21:07 UTC",Long March 2D | XJS-C to F,Active,29.75,Success
1094,Arianespace,"ELA-3, Guiana Space Centre, French Guiana, France","Tue Feb 18, 2020 22:18 UTC",Ariane 5 ECA | JCSAT-17 & GEO-KOMPSAT 2B,Retired,200.0,Success
1095,SpaceX,"SLC-40, Cape Canaveral SFS, Florida, USA","Mon Feb 17, 2020 15:05 UTC",Falcon 9 Block 5 | Starlink V1 L4,Active,69.75,Success
1096,Northrop,"LP-0A, Wallops Flight Facility, Virginia, USA","Sat Feb 15, 2020 20:21 UTC",Antares 230+ | CRS NG-13,Retired,85.0,Success
1097,ULA,"SLC-41, Cape Canaveral SFS, Florida, USA","Mon Feb 10, 2020 04:03 UTC",Atlas V 411 | Solar Orbiter,Retired,115.0,Success
1098,ISA,"Imam Khomeini Spaceport, Semnan Space Center, Iran","Sun Feb 09, 2020 15:48 UTC",Simorgh | Zafar 1,Active,,Failure
1099,MHI,"LA-Y1, Tanegashima Space Center, Japan","Sun Feb 09, 2020 01:34 UTC",H-IIA 202 | IGS-Optical 7,Active,90.0,Success
1100,Starsem,"Site 31/6, Baikonur Cosmodrome, Kazakhstan","Thu Feb 06, 2020 21:42 UTC",Soyuz 2.1b/Fregat | OneWeb #2,Active,25.0,Success
1101,Rocket Lab,"Rocket Lab LC-1A, Māhia Peninsula, New Zealand","Fri Jan 31, 2020 02:56 UTC",Electron/Curie | Birds of a Feather (USA-294) (NROL-151),Active,7.5,Success
1102,SpaceX,"SLC-40, Cape Canaveral SFS, Florida, USA","Wed Jan 29, 2020 14:06 UTC",Falcon 9 Block 5 | Starlink V1 L3,Active,69.75,Success
1103,SpaceX,"LC-39A, Kennedy Space Center, Florida, USA","Sun Jan 19, 2020 15:30 UTC",Falcon 9 Block 5 | Crew Dragon Inflight Abort Test,Active,69.75,Success
1104,Arianespace,"ELA-3, Guiana Space Centre, French Guiana, France","Thu Jan 16, 2020 21:05 UTC",Ariane 5 ECA | Eutelsat Konnect BB4A & GSAT-30,Retired,200.0,Success
1105,ExPace,"Site 95A, Jiuquan Satellite Launch Center, China","Thu Jan 16, 2020 03:02 UTC",Kuaizhou 1A | Yinhe-1 #0,Active,5.8,Success
1106,CASC,"LC-9, Taiyuan Satellite Launch Center, China","Wed Jan 15, 2020 02:53 UTC","Long March 2D | Jilin-1 Kuanfu 01, ÑuSat-7/8 & Apocalypse 5",Active,29.75,Success
1107,CASC,"LC-2, Xichang Satellite Launch Center, China","Tue Jan 07, 2020 15:20 UTC",Long March 3B/E | TJSW-5,Active,29.15,Success
1108,SpaceX,"SLC-40, Cape Canaveral SFS, Florida, USA","Tue Jan 07, 2020 02:19 UTC",Falcon 9 Block 5 | Starlink V1 L2,Active,69.75,Success
1109,CASC,"LC-101, Wenchang Space Launch Site, China","Fri Dec 27, 2019 12:45 UTC",Long March 5 | Shijian-20,Active,,Success
1110,VKS RF,"Site 133/3, Plesetsk Cosmodrome, Russia","Thu Dec 26, 2019 23:11 UTC",Rokot/Briz KM | Goniets-M n°24L to 26L & Blits-M1,Retired,13.0,Success
1111,Roscosmos,"Site 81/24, Baikonur Cosmodrome, Kazakhstan","Tue Dec 24, 2019 12:03 UTC",Proton-M/DM-3 | Elektro-L n°3,Active,65.0,Success
1112,ULA,"SLC-41, Cape Canaveral SFS, Florida, USA","Fri Dec 20, 2019 11:36 UTC",Atlas V N22 | Starliner OFT-1,Active,,Success
1113,CASC,"LC-9, Taiyuan Satellite Launch Center, China","Fri Dec 20, 2019 03:22 UTC","Long March 4B | CBERS-4A, ETRSS-1 & Others",Active,64.68,Success
1114,Arianespace,"ELS, Guiana Space Centre, French Guiana, France","Wed Dec 18, 2019 08:54 UTC","Soyuz ST-A/Fregat-M | CSG-1, CHEOPS & Others",Active,30.0,Success
1115,SpaceX,"SLC-40, Cape Canaveral SFS, Florida, USA","Tue Dec 17, 2019 00:10 UTC",Falcon 9 Block 5 | JCSAT-18 / Kacific-1,Active,69.75,Success
1116,CASC,"LC-3, Xichang Satellite Launch Center, China","Mon Dec 16, 2019 07:22 UTC",Long March 3B/YZ-1 | Beidou-3 M19 & M20,Active,,Success
1117,Blue Origin,"Launch Site One, West Texas, Texas, USA","Wed Dec 11, 2019 17:53 UTC",New Shepard | NS-12,Active,,Success
1118,ISRO,"First Launch Pad, Satish Dhawan Space Centre, India","Wed Dec 11, 2019 09:55 UTC",PSLV-QL | RISAT 2BR1 & Rideshares,Active,21.0,Success
1119,VKS RF,"Site 43/3, Plesetsk Cosmodrome, Russia","Wed Dec 11, 2019 08:54 UTC",Soyuz 2.1b/Fregat | Cosmos 2544,Active,25.0,Success
1120,ExPace,"LC-16, Taiyuan Satellite Launch Center, China","Sat Dec 07, 2019 08:52 UTC","Kuaizhou 1A | HEAD-2A/B, SpaceTY 16/17 & Apocalypse 4A/B",Active,5.8,Success
1121,ExPace,"Mobile Launcher Pad, Taiyuan Satellite Launch Center, China","Sat Dec 07, 2019 02:55 UTC",Kuaizhou 1A | Jilin-1 Gaofen-02B,Active,5.8,Success
1122,Roscosmos,"Site 31/6, Baikonur Cosmodrome, Kazakhstan","Fri Dec 06, 2019 09:34 UTC",Soyuz 2.1a | Progress MS-13,Active,17.42,Success
1123,Rocket Lab,"Rocket Lab LC-1A, Māhia Peninsula, New Zealand","Fri Dec 06, 2019 08:18 UTC",Electron/Curie | Running Out Of Fingers,Active,7.5,Success
1124,SpaceX,"SLC-40, Cape Canaveral SFS, Florida, USA","Thu Dec 05, 2019 17:29 UTC",Falcon 9 Block 5 | CRS SpX-19,Active,69.75,Success
1125,CASC,"LC-9, Taiyuan Satellite Launch Center, China","Wed Nov 27, 2019 23:52 UTC",Long March 4C | Gaofen-12,Active,64.68,Success
1126,ISRO,"Second Launch Pad, Satish Dhawan Space Centre, India","Wed Nov 27, 2019 03:58 UTC",PSLV-XL | Cartosat-3 & Rideshares,Active,31.0,Success
1127,Arianespace,"ELA-3, Guiana Space Centre, French Guiana, France","Tue Nov 26, 2019 21:23 UTC",Ariane 5 ECA | Inmarsat 5 F5 & TIBA-1,Retired,200.0,Success
1128,VKS RF,"Site 43/4, Plesetsk Cosmodrome, Russia","Mon Nov 25, 2019 17:52 UTC",Soyuz 2.1v/Volga | Cosmos 2542 & 2543,Retired,,Success
1129,CASC,"LC-3, Xichang Satellite Launch Center, China","Sat Nov 23, 2019 00:55 UTC",Long March 3B/YZ-1 | Beidou-3 M21 & M22,Active,,Success
1130,ExPace,"Site 95A, Jiuquan Satellite Launch Center, China","Sun Nov 17, 2019 10:00 UTC",Kuaizhou 1A | KL-Alpha A & KL-Alpha B,Active,5.8,Success
1131,CASC,"LC-16, Taiyuan Satellite Launch Center, China","Wed Nov 13, 2019 06:35 UTC",Long March 6 | Ningxia-1 (x5),Active,19.0,Success
1132,ExPace,"Site 95A, Jiuquan Satellite Launch Center, China","Wed Nov 13, 2019 03:40 UTC",Kuaizhou 1A | Jilin 1-02A,Active,5.8,Success
1133,SpaceX,"SLC-40, Cape Canaveral SFS, Florida, USA","Mon Nov 11, 2019 14:56 UTC",Falcon 9 Block 5 | Starlink V1 L1,Active,69.75,Success
1134,CASC,"LC-2, Xichang Satellite Launch Center, China","Mon Nov 04, 2019 17:43 UTC",Long March 3B/E | Beidou-3 IGSO-3,Active,29.15,Success
1135,CASC,"LC-9, Taiyuan Satellite Launch Center, China","Sun Nov 03, 2019 03:22 UTC",Long March 4B | Gaofen-7 & Others,Active,64.68,Success
1136,Northrop,"LP-0A, Wallops Flight Facility, Virginia, USA","Sat Nov 02, 2019 13:59 UTC",Antares 230+ | CRS NG-12,Retired,85.0,Success
1137,CASC,"LC-3, Xichang Satellite Launch Center, China","Thu Oct 17, 2019 15:21 UTC",Long March 3B/E | TJSW-4,Active,29.15,Success
1138,Rocket Lab,"Rocket Lab LC-1A, Māhia Peninsula, New Zealand","Thu Oct 17, 2019 01:22 UTC",Electron/Curie | As The Crow Flies,Active,7.5,Success
1139,Northrop,"Stargazer, Cape Canaveral SFS, Florida, USA","Fri Oct 11, 2019 01:59 UTC",Pegasus XL | ICON,Active,40.0,Success
1140,ILS,"Site 200/39, Baikonur Cosmodrome, Kazakhstan","Wed Oct 09, 2019 10:17 UTC",Proton-M/Briz-M | Eutelsat 5 West B & MEV-1,Active,65.0,Success
1141,CASC,"LC-9, Taiyuan Satellite Launch Center, China","Fri Oct 04, 2019 18:51 UTC",Long March 4C | Gaofen 10(R),Active,64.68,Success
1142,VKS RF,"Site 43/4, Plesetsk Cosmodrome, Russia","Thu Sep 26, 2019 07:46 UTC",Soyuz 2.1b/Fregat | Cosmos 2541,Active,25.0,Success
1143,Roscosmos,"Site 1/5, Baikonur Cosmodrome, Kazakhstan","Wed Sep 25, 2019 13:57 UTC",Soyuz FG | Soyuz MS-15,Retired,,Success
1144,CASC,"Site 9401 (SLS-2), Jiuquan Satellite Launch Center, China","Wed Sep 25, 2019 00:54 UTC",Long March 2D | Yunhai-1 02,Active,29.75,Success
1145,MHI,"LA-Y2, Tanegashima Space Center, Japan","Tue Sep 24, 2019 16:05 UTC",H-IIB | HTV-8,Retired,112.5,Success
1146,CASC,"LC-2, Xichang Satellite Launch Center, China","Sun Sep 22, 2019 21:10 UTC",Long March 3B/YZ-1 | Beidou-3 M23 & M24,Active,,Success
1147,CASC,"Site 95A, Jiuquan Satellite Launch Center, China","Thu Sep 19, 2019 06:42 UTC",Long March 11 | Zhuhai-1 Group 03,Active,5.3,Success
1148,CASC,"LC-9, Taiyuan Satellite Launch Center, China","Thu Sep 12, 2019 03:26 UTC","Long March 4B | Ziyuan-2D, BNU-1 & Taurus-1",Active,64.68,Success
1149,ExPace,"Site 95A, Jiuquan Satellite Launch Center, China","Fri Aug 30, 2019 23:41 UTC",Kuaizhou 1A | KX-09 & Others,Active,5.8,Success
1150,VKS RF,"Site 133/3, Plesetsk Cosmodrome, Russia","Fri Aug 30, 2019 14:00 UTC",Rokot/Briz KM | Cosmos 2540,Retired,13.0,Success
1151,ISA,"Safir Launch Pad, Semnan Space Center, Iran","Thu Aug 29, 2019",Safir-1B+ | Nahid-1,Active,,Prelaunch Failure
1152,ULA,"SLC-37B, Cape Canaveral SFS, Florida, USA","Thu Aug 22, 2019 13:06 UTC","Delta IV Medium+ (4,2) | GPS III SV02 (USA-293)",Retired,164.0,Success
1153,Roscosmos,"Site 31/6, Baikonur Cosmodrome, Kazakhstan","Thu Aug 22, 2019 03:38 UTC",Soyuz 2.1a | Soyuz MS-14 (60S),Active,17.42,Success
1154,Rocket Lab,"Rocket Lab LC-1A, Māhia Peninsula, New Zealand","Mon Aug 19, 2019 12:12 UTC","Electron/Curie | Look Ma, No Hands",Active,7.5,Success
1155,CASC,"LC-2, Xichang Satellite Launch Center, China","Mon Aug 19, 2019 12:03 UTC",Long March 3B/E | ChinaSat-18,Active,29.15,Success
1156,Chinarocket,"Site 95A, Jiuquan Satellite Launch Center, China","Sat Aug 17, 2019 04:11 UTC","Jielong 1 | Apocalypse 2, Qiancheng 1 & Xingshidai 5",Active,7.5,Success
1157,ULA,"SLC-41, Cape Canaveral SFS, Florida, USA","Thu Aug 08, 2019 10:13 UTC",Atlas V 551 | AEHF 5 & TDO 1,Active,153.0,Success
1158,SpaceX,"SLC-40, Cape Canaveral SFS, Florida, USA","Tue Aug 06, 2019 23:23 UTC",Falcon 9 Block 5 | AMOS-17,Active,69.75,Success
1159,Arianespace,"ELA-3, Guiana Space Centre, French Guiana, France","Tue Aug 06, 2019 19:30 UTC",Ariane 5 ECA | EDRS-C/HYLAS 3 & Intelsat 39,Retired,200.0,Success
1160,Roscosmos,"Site 81/24, Baikonur Cosmodrome, Kazakhstan","Mon Aug 05, 2019 21:56 UTC",Proton-M/Briz-M | Cosmos 2539,Active,65.0,Success
1161,Roscosmos,"Site 31/6, Baikonur Cosmodrome, Kazakhstan","Wed Jul 31, 2019 12:10 UTC",Soyuz 2.1a | Progress MS-12,Active,17.42,Success
1162,VKS RF,"Site 43/4, Plesetsk Cosmodrome, Russia","Tue Jul 30, 2019 05:57 UTC",Soyuz 2.1a/Fregat-M | Meridian-M n°18L,Active,23.0,Success
1163,CASC,"LC-3, Xichang Satellite Launch Center, China","Fri Jul 26, 2019 03:57 UTC",Long March 2C | Yaogan-30 05,Active,30.8,Success
1164,SpaceX,"SLC-40, Cape Canaveral SFS, Florida, USA","Thu Jul 25, 2019 22:01 UTC",Falcon 9 Block 5 | CRS SpX-18,Active,69.75,Success
1165,iSpace,"Site 95A, Jiuquan Satellite Launch Center, China","Thu Jul 25, 2019 05:00 UTC",Hyperbola 1 | CAS-7B & Hangtian KKG Sat,Active,,Success
1166,ISRO,"Second Launch Pad, Satish Dhawan Space Centre, India","Mon Jul 22, 2019 09:13 UTC",LVM-3 | Chandrayaan-2,Active,62.0,Success
1167,Roscosmos,"Site 1/5, Baikonur Cosmodrome, Kazakhstan","Sat Jul 20, 2019 16:28 UTC",Soyuz FG | Soyuz MS-13,Retired,,Success
1168,Roscosmos,"Site 81/24, Baikonur Cosmodrome, Kazakhstan","Sat Jul 13, 2019 12:30 UTC",Proton-M/DM-3 | Spektr-RG,Active,65.0,Success
1169,Arianespace,"ELV, Guiana Space Centre, French Guiana, France","Thu Jul 11, 2019 01:53 UTC",Vega | Falcon Eye 1,Retired,37.0,Failure
1170,VKS RF,"Site 43/4, Plesetsk Cosmodrome, Russia","Wed Jul 10, 2019 17:14 UTC",Soyuz 2.1v/Volga | Cosmos 2535 to 2538,Retired,,Success
1171,Roscosmos,"Site 1S, Vostochny Cosmodrome, Russia","Fri Jul 05, 2019 05:41 UTC","Soyuz 2.1b/Fregat-M | Meteor-M No.2-2, Landmapper-BC 5 & 6, & Others",Active,25.0,Success
1172,Rocket Lab,"Rocket Lab LC-1A, Māhia Peninsula, New Zealand","Sat Jun 29, 2019 04:30 UTC",Electron/Curie | Make It Rain,Active,7.5,Success
1173,SpaceX,"LC-39A, Kennedy Space Center, Florida, USA","Tue Jun 25, 2019 06:30 UTC",Falcon Heavy | STP-2,Active,97.0,Success
1174,CASC,"LC-3, Xichang Satellite Launch Center, China","Mon Jun 24, 2019 18:09 UTC",Long March 3B/E | Beidou-3 IGSO-2,Active,29.15,Success
1175,Arianespace,"ELA-3, Guiana Space Centre, French Guiana, France","Thu Jun 20, 2019 21:43 UTC",Ariane 5 ECA | Eutelsat 7C &  AT&T T-16,Retired,200.0,Success
1176,SpaceX,"SLC-4E, Vandenberg SFB, California, USA","Wed Jun 12, 2019 14:17 UTC",Falcon 9 Block 5 | RADARSAT Constellation,Active,69.75,Success
1177,CASC,"Tai Rui Barge (Area 1), China Coastal Waters","Wed Jun 05, 2019 04:06 UTC",Long March 11H | Jilin-1 & Others,Active,5.3,Success
1178,Roscosmos,"Site 200/39, Baikonur Cosmodrome, Kazakhstan","Thu May 30, 2019 17:42 UTC",Proton-M/Briz-M | Yamal 601,Active,65.0,Success
1179,Roscosmos,"Site 43/4, Plesetsk Cosmodrome, Russia","Mon May 27, 2019 06:23 UTC",Soyuz 2.1b/Fregat-M | Cosmos 2534,Active,25.0,Success
1180,SpaceX,"SLC-40, Cape Canaveral SFS, Florida, USA","Fri May 24, 2019 02:30 UTC",Falcon 9 Block 5 | Starlink V0.9,Active,69.75,Success
1181,CASC,"LC-9, Taiyuan Satellite Launch Center, China","Wed May 22, 2019 22:49 UTC",Long March 4C | Yaogan-33,Active,64.68,Failure
1182,ISRO,"First Launch Pad, Satish Dhawan Space Centre, India","Wed May 22, 2019 00:00 UTC",PSLV-CA | RISAT-2B,Active,21.0,Success
1183,CASC,"LC-2, Xichang Satellite Launch Center, China","Fri May 17, 2019 15:48 UTC",Long March 3C/E | Beidou-2 G8,Active,20.0,Success
1184,Rocket Lab,"Rocket Lab LC-1A, Māhia Peninsula, New Zealand","Sun May 05, 2019 06:00 UTC",Electron/Curie | That's a Funny Looking Cactus,Active,7.5,Success
1185,SpaceX,"SLC-40, Cape Canaveral SFS, Florida, USA","Sat May 04, 2019 06:48 UTC",Falcon 9 Block 5 | CRS SpX-17,Active,69.75,Success
1186,Blue Origin,"Launch Site One, West Texas, Texas, USA","Thu May 02, 2019 13:32 UTC",New Shepard | NS-11,Active,,Success
1187,CASC,"LC-9, Taiyuan Satellite Launch Center, China","Mon Apr 29, 2019 22:52 UTC",Long March 4B | Tianhui-2 1A & 1B,Active,64.68,Success
1188,CASC,"LC-3, Xichang Satellite Launch Center, China","Sat Apr 20, 2019 14:41 UTC",Long March 3B/E | Beidou-3 IGSO-1,Active,29.15,Success
1189,Northrop,"LP-0A, Wallops Flight Facility, Virginia, USA","Wed Apr 17, 2019 20:46 UTC",Antares 230 | CRS NG-11,Retired,85.0,Success
1190,SpaceX,"LC-39A, Kennedy Space Center, Florida, USA","Thu Apr 11, 2019 22:35 UTC",Falcon Heavy | ArabSat 6A,Active,97.0,Success
1191,Arianespace,"ELS, Guiana Space Centre, French Guiana, France","Thu Apr 04, 2019 17:04 UTC",Soyuz ST-B/Fregat-MT | O3b FM17-FM20,Active,30.0,Success
1192,Roscosmos,"Site 31/6, Baikonur Cosmodrome, Kazakhstan","Thu Apr 04, 2019 11:01 UTC",Soyuz 2.1a | Progress MS-11,Active,17.42,Success
1193,ISRO,"Second Launch Pad, Satish Dhawan Space Centre, India","Mon Apr 01, 2019 03:57 UTC",PSLV-QL | EMISAT & Rideshares,Active,21.0,Success
1194,CASC,"LC-2, Xichang Satellite Launch Center, China","Sun Mar 31, 2019 15:51 UTC",Long March 3B/E | Tianlian-2-01,Active,29.15,Success
1195,Rocket Lab,"Rocket Lab LC-1A, Māhia Peninsula, New Zealand","Thu Mar 28, 2019 23:27 UTC",Electron/Curie | Two Thumbs Up,Active,7.5,Success
1196,OneSpace,"Site 95A, Jiuquan Satellite Launch Center, China","Wed Mar 27, 2019 09:39 UTC",OS-M1 | Lingque 1B,Retired,,Failure
1197,Arianespace,"ELV, Guiana Space Centre, French Guiana, France","Fri Mar 22, 2019 01:50 UTC",Vega | PRISMA,Retired,37.0,Success
1198,ULA,"SLC-37B, Cape Canaveral SFS, Florida, USA","Sat Mar 16, 2019 00:26 UTC","Delta IV Medium+ (5,4) | WGS-10 (USA-291)",Retired,,Success
1199,Roscosmos,"Site 1/5, Baikonur Cosmodrome, Kazakhstan","Thu Mar 14, 2019 19:14 UTC",Soyuz FG | Soyuz MS-12,Retired,,Success
1200,CASC,"LC-3, Xichang Satellite Launch Center, China","Sat Mar 09, 2019 16:28 UTC",Long March 3B/E | ChinaSat-6C,Active,29.15,Success
1201,SpaceX,"LC-39A, Kennedy Space Center, Florida, USA","Sat Mar 02, 2019 07:49 UTC",Falcon 9 Block 5 | SpaceX Demo-1,Active,69.75,Success
1202,Arianespace,"ELS, Guiana Space Centre, French Guiana, France","Wed Feb 27, 2019 21:37 UTC",Soyuz ST-B/Fregat-M | OneWeb #1,Active,30.0,Success
1203,Virgin Galactic,"VMS Eve, Mojave Air and Space Port, California, USA","Fri Feb 22, 2019 16:53 UTC",SpaceShipTwo | VF-01,Retired,,Success
1204,SpaceX,"SLC-40, Cape Canaveral SFS, Florida, USA","Fri Feb 22, 2019 01:45 UTC",Falcon 9 Block 5 | Nusantara Satu & Beresheet,Active,69.75,Success
1205,VKS RF,"Site 31/6, Baikonur Cosmodrome, Kazakhstan","Thu Feb 21, 2019 16:47 UTC",Soyuz 2.1b/Fregat-M | EgyptSat-A,Active,25.0,Success
1206,ISA,"Safir Launch Pad, Semnan Space Center, Iran","Tue Feb 05, 2019 21:01 UTC",Safir-1B+ | Dousti,Active,,Failure
1207,Arianespace,"ELA-3, Guiana Space Centre, French Guiana, France","Tue Feb 05, 2019 21:01 UTC",Ariane 5 ECA | GSAT-31 & Hellas-Sat-4,Retired,200.0,Success
1208,ISRO,"First Launch Pad, Satish Dhawan Space Centre, India","Thu Jan 24, 2019 18:07 UTC",PSLV-DL | Microsat-R & Kalamsat v2,Active,,Success
1209,Blue Origin,"Launch Site One, West Texas, Texas, USA","Wed Jan 23, 2019 15:05 UTC",New Shepard | NS-10,Active,,Success
1210,CASC,"Site 95A, Jiuquan Satellite Launch Center, China","Mon Jan 21, 2019 05:42 UTC",Long March 11 | Jilin-1 Hyperspectral & Others,Active,5.3,Success
1211,ULA,"SLC-6, Vandenberg SFB, California, USA","Sat Jan 19, 2019 19:10 UTC",Delta IV Heavy | KH-11 17 (Crystal 17) (USA-290) (NROL-71),Retired,350.0,Success
1212,JAXA,"Mu Pad, Uchinoura Space Center, Japan","Fri Jan 18, 2019 00:50 UTC",Epsilon PBS | Innovative Satellite Technology Demonstration-1,Active,39.0,Success
1213,ISA,"Imam Khomeini Spaceport, Semnan Space Center, Iran","Tue Jan 15, 2019 00:30 UTC",Simorgh | Payam-e Amirkabir,Active,,Failure
1214,SpaceX,"SLC-4E, Vandenberg SFB, California, USA","Fri Jan 11, 2019 15:31 UTC",Falcon 9 Block 5 | Iridium-8,Active,69.75,Success
1215,CASC,"LC-2, Xichang Satellite Launch Center, China","Thu Jan 10, 2019 17:11 UTC",Long March 3B/E | ChinaSat-2D,Active,29.15,Success
1216,CASC,"Site 9401 (SLS-2), Jiuquan Satellite Launch Center, China","Sat Dec 29, 2018 08:00 UTC",Long March 2D/YZ-3 | Hongyan-1 & Yunhai-2 01 to 06,Active,30.0,Success
1217,Roscosmos,"Site 1S, Vostochny Cosmodrome, Russia","Thu Dec 27, 2018 02:07 UTC",Soyuz 2.1a/Fregat | Kanopus-V No. 5-6 & Rideshares,Active,23.0,Success
1218,CASC,"LC-3, Xichang Satellite Launch Center, China","Mon Dec 24, 2018 16:53 UTC",Long March 3C/E | TJS-3,Active,20.0,Success
1219,SpaceX,"SLC-40, Cape Canaveral SFS, Florida, USA","Sun Dec 23, 2018 13:51 UTC",Falcon 9 Block 5 | GPS III SV01 (USA-289),Active,69.75,Success
1220,CASC,"Site 95A, Jiuquan Satellite Launch Center, China","Fri Dec 21, 2018 23:51 UTC",Long March 11 | Hongyun-1,Active,5.3,Success
1221,Roscosmos,"Site 200/39, Baikonur Cosmodrome, Kazakhstan","Fri Dec 21, 2018 00:20 UTC",Proton-M/Briz-M | Cosmos 2533,Active,65.0,Success
1222,Arianespace,"ELS, Guiana Space Centre, French Guiana, France","Wed Dec 19, 2018 16:37 UTC",Soyuz ST-A/Fregat-M | CSO-1,Active,30.0,Success
1223,ISRO,"Second Launch Pad, Satish Dhawan Space Centre, India","Wed Dec 19, 2018 10:40 UTC",GSLV Mk II | GSAT-7A,Active,47.0,Success
1224,Rocket Lab,"Rocket Lab LC-1A, Māhia Peninsula, New Zealand","Sun Dec 16, 2018 06:33 UTC",Electron/Curie | This One's for Pickering,Active,7.5,Success
1225,Virgin Galactic,"VMS Eve, Mojave Air and Space Port, California, USA","Thu Dec 13, 2018 15:59 UTC",SpaceShipTwo | VP-03 (PF04),Retired,,Success
1226,CASC,"LC-2, Xichang Satellite Launch Center, China","Fri Dec 07, 2018 18:23 UTC",Long March 3B/E | Chang'e 4,Active,29.15,Success
1227,CASC,"Site 9401 (SLS-2), Jiuquan Satellite Launch Center, China","Fri Dec 07, 2018 04:12 UTC","Long March 2D | Saudisat 5A, 5B & Others",Active,29.75,Success
1228,SpaceX,"SLC-40, Cape Canaveral SFS, Florida, USA","Wed Dec 05, 2018 18:16 UTC",Falcon 9 Block 5 | CRS SpX-16,Active,69.75,Success
1229,Arianespace,"ELA-3, Guiana Space Centre, French Guiana, France","Tue Dec 04, 2018 20:37 UTC",Ariane 5 ECA | GSAT-11 & GEO-KOMPSAT 2A,Retired,200.0,Success
1230,SpaceX,"SLC-4E, Vandenberg SFB, California, USA","Mon Dec 03, 2018 18:34 UTC",Falcon 9 Block 5 | Spaceflight SSO-A,Active,69.75,Success
1231,Roscosmos,"Site 1/5, Baikonur Cosmodrome, Kazakhstan","Mon Dec 03, 2018 11:31 UTC",Soyuz FG | Soyuz MS-11,Retired,,Success
1232,VKS RF,"Site 133/3, Plesetsk Cosmodrome, Russia","Fri Nov 30, 2018 02:27 UTC",Rokot/Briz KM | Cosmos 2530 to 2532,Retired,13.0,Success
1233,ISRO,"First Launch Pad, Satish Dhawan Space Centre, India","Thu Nov 29, 2018 04:27 UTC",PSLV-CA | HySIS & Rideshares,Active,21.0,Success
1234,Arianespace,"ELV, Guiana Space Centre, French Guiana, France","Wed Nov 21, 2018 01:42 UTC",Vega | Mohammed VI-B,Retired,37.0,Success
1235,CASC,"Site 9401 (SLS-2), Jiuquan Satellite Launch Center, China","Mon Nov 19, 2018 23:40 UTC","Long March 2D | Shiyan-6, Jiading-1 & Others",Active,29.75,Success
1236,CASC,"LC-3, Xichang Satellite Launch Center, China","Sun Nov 18, 2018 18:07 UTC",Long March 3B/YZ-1 | Beidou-3 M17 & M18,Active,,Success
1237,Northrop,"LP-0A, Wallops Flight Facility, Virginia, USA","Sat Nov 17, 2018 09:01 UTC",Antares 230 | CRS NG-10,Retired,85.0,Success
1238,Roscosmos,"Site 31/6, Baikonur Cosmodrome, Kazakhstan","Fri Nov 16, 2018 18:14 UTC",Soyuz FG | Progress MS-10,Retired,,Success
1239,SpaceX,"LC-39A, Kennedy Space Center, Florida, USA","Thu Nov 15, 2018 20:46 UTC",Falcon 9 Block 5 | Es'hail 2,Active,69.75,Success
1240,ISRO,"Second Launch Pad, Satish Dhawan Space Centre, India","Wed Nov 14, 2018 11:38 UTC",LVM-3 | GSAT 29,Active,62.0,Success
1241,Rocket Lab,"Rocket Lab LC-1A, Māhia Peninsula, New Zealand","Sun Nov 11, 2018 03:50 UTC",Electron/Curie | It's Business Time,Active,7.5,Success
1242,Arianespace,"ELS, Guiana Space Centre, French Guiana, France","Wed Nov 07, 2018 00:47 UTC",Soyuz ST-B/Fregat-M | MetOp C,Active,30.0,Success
1243,VKS RF,"Site 43/4, Plesetsk Cosmodrome, Russia","Sat Nov 03, 2018 20:17 UTC",Soyuz 2.1b/Fregat | Cosmos 2529,Active,25.0,Success
1244,CASC,"LC-2, Xichang Satellite Launch Center, China","Thu Nov 01, 2018 15:57 UTC",Long March 3B/E | Beidou-3 G1,Active,29.15,Success
1245,MHI,"LA-Y1, Tanegashima Space Center, Japan","Mon Oct 29, 2018 04:08 UTC","H-IIA 202 | Ibuki 2, KhalifaSat & Others",Active,90.0,Success
1246,CASC,"Site 9401 (SLS-2), Jiuquan Satellite Launch Center, China","Mon Oct 29, 2018 00:43 UTC","Long March 2C | CFOSAT, Zhaojin-1 & Others",Active,30.8,Success
1247,Landspace,"Site 95A, Jiuquan Satellite Launch Center, China","Sat Oct 27, 2018 08:00 UTC",ZhuQue-1 | Weilai 1,Retired,,Failure
1248,Roscosmos,"Site 43/4, Plesetsk Cosmodrome, Russia","Thu Oct 25, 2018 00:15 UTC",Soyuz 2.1b | Cosmos 2528,Active,20.0,Success
1249,CASC,"LC-9, Taiyuan Satellite Launch Center, China","Wed Oct 24, 2018 22:57 UTC",Long March 4B | Haiyang-2B & Tangguo Guan,Active,64.68,Success
1250,Arianespace,"ELA-3, Guiana Space Centre, French Guiana, France","Sat Oct 20, 2018 01:45 UTC",Ariane 5 ECA | BepiColombo,Retired,200.0,Success
1251,ULA,"SLC-41, Cape Canaveral SFS, Florida, USA","Wed Oct 17, 2018 04:15 UTC",Atlas V 551 | AEHF-4,Active,153.0,Success
1252,CASC,"LC-3, Xichang Satellite Launch Center, China","Mon Oct 15, 2018 04:23 UTC",Long March 3B/YZ-1 | Beidou-3 M15 & M16,Active,,Success
1253,Roscosmos,"Site 1/5, Baikonur Cosmodrome, Kazakhstan","Thu Oct 11, 2018 08:40 UTC",Soyuz FG | Soyuz MS-10,Retired,,Failure
1254,CASC,"Site 9401 (SLS-2), Jiuquan Satellite Launch Center, China","Tue Oct 09, 2018 02:43 UTC",Long March 2C/YZ-1S | Yaogan-32 01,Active,30.8,Success
1255,SpaceX,"SLC-4E, Vandenberg SFB, California, USA","Mon Oct 08, 2018 02:21 UTC",Falcon 9 Block 5 | SAOCOM 1A,Active,69.75,Success
1256,ExPace,"Site 95A, Jiuquan Satellite Launch Center, China","Sat Sep 29, 2018 04:13 UTC",Kuaizhou 1A | CentiSpace-1 S1,Active,5.8,Success
1257,Arianespace,"ELA-3, Guiana Space Centre, French Guiana, France","Tue Sep 25, 2018 22:38 UTC",Ariane 5 ECA | Horizons-3e & Azerspace 2/Intelsat 38,Retired,200.0,Success
1258,MHI,"LA-Y2, Tanegashima Space Center, Japan","Sat Sep 22, 2018 17:52 UTC",H-IIB | HTV-7,Retired,112.5,Success
1259,CASC,"LC-2, Xichang Satellite Launch Center, China","Wed Sep 19, 2018 14:07 UTC",Long March 3B/YZ-1 | Beidou-3 M13 & M14,Active,,Success
1260,ISRO,"First Launch Pad, Satish Dhawan Space Centre, India","Sun Sep 16, 2018 16:38 UTC",PSLV-CA | SSTL-1 & NovaSAR-S,Active,21.0,Success
1261,ULA,"SLC-2W, Vandenberg SFB, California, USA","Sat Sep 15, 2018 13:02 UTC",Delta II 7420-10C | ICESat-2 & Others,Retired,,Success
1262,SpaceX,"SLC-40, Cape Canaveral SFS, Florida, USA","Mon Sep 10, 2018 04:45 UTC",Falcon 9 Block 5 | Telstar 18V / APStar 5C,Active,69.75,Success
1263,CASC,"LC-9, Taiyuan Satellite Launch Center, China","Fri Sep 07, 2018 03:15 UTC",Long March 2C | Haiyang-1C,Active,30.8,Success
1264,CASC,"LC-3, Xichang Satellite Launch Center, China","Fri Aug 24, 2018 23:52 UTC",Long March 3B/YZ-1 | Beidou-3 M11 & M12,Active,,Success
1265,Arianespace,"ELV, Guiana Space Centre, French Guiana, France","Wed Aug 22, 2018 21:20 UTC",Vega | ADM-Aeolus,Retired,37.0,Success
1266,ULA,"SLC-37B, Cape Canaveral SFS, Florida, USA","Sun Aug 12, 2018 07:31 UTC",Delta IV Heavy | Parker Solar Probe,Retired,350.0,Success
1267,SpaceX,"SLC-40, Cape Canaveral SFS, Florida, USA","Tue Aug 07, 2018 05:18 UTC",Falcon 9 Block 5 | Merah Putih (Telkom-4),Active,69.75,Success
1268,CASC,"LC-9, Taiyuan Satellite Launch Center, China","Tue Jul 31, 2018 03:00 UTC",Long March 4B | Gaofen-11 01,Active,64.68,Success
1269,CASC,"LC-3, Xichang Satellite Launch Center, China","Sun Jul 29, 2018 01:48 UTC",Long March 3B/YZ-1 | Beidou-3 M5 & M6,Active,,Success
1270,Virgin Galactic,"VMS Eve, Mojave Air and Space Port, California, USA","Thu Jul 26, 2018",SpaceShipTwo | PF03,Retired,,Success
1271,SpaceX,"SLC-4E, Vandenberg SFB, California, USA","Wed Jul 25, 2018 11:39 UTC",Falcon 9 Block 5 | Iridium-7,Active,69.75,Success
1272,Arianespace,"ELA-3, Guiana Space Centre, French Guiana, France","Wed Jul 25, 2018 11:25 UTC",Ariane 5 ES | Galileo FOC FM19-FM22,Retired,,Success
1273,SpaceX,"SLC-40, Cape Canaveral SFS, Florida, USA","Sun Jul 22, 2018 05:50 UTC",Falcon 9 Block 5 | Telstar 19V,Active,69.75,Success
1274,Blue Origin,"Launch Site One, West Texas, Texas, USA","Wed Jul 18, 2018 15:11 UTC",New Shepard | Mission 9 (Inflight Escape Test),Active,,Success
1275,Roscosmos,"Site 31/6, Baikonur Cosmodrome, Kazakhstan","Mon Jul 09, 2018 21:51 UTC",Soyuz 2.1a | Progress MS-09,Active,17.42,Success
1276,CASC,"LC-2, Xichang Satellite Launch Center, China","Mon Jul 09, 2018 20:58 UTC",Long March 3A | Beidou-2 I7,Retired,69.7,Success
1277,CASC,"Site 9401 (SLS-2), Jiuquan Satellite Launch Center, China","Mon Jul 09, 2018 03:56 UTC",Long March 2C/SMA | PRSS-1 & PakTES-1A,Retired,30.8,Success
1278,SpaceX,"SLC-40, Cape Canaveral SFS, Florida, USA","Fri Jun 29, 2018 09:42 UTC",Falcon 9 Block 4 | CRS SpX-15,Retired,62.0,Success
1279,CASC,"LC-3, Xichang Satellite Launch Center, China","Wed Jun 27, 2018 03:30 UTC",Long March 2C | XJSS A & B,Active,30.8,Success
1280,VKS RF,"Site 43/4, Plesetsk Cosmodrome, Russia","Sun Jun 17, 2018 21:46 UTC",Soyuz 2.1b/Fregat-M | Cosmos 2527,Active,25.0,Success
1281,MHI,"LA-Y1, Tanegashima Space Center, Japan","Tue Jun 12, 2018 04:20 UTC",H-IIA 202 | IGS-Radar 6,Active,90.0,Success
1282,Roscosmos,"Site 1/5, Baikonur Cosmodrome, Kazakhstan","Wed Jun 06, 2018 11:12 UTC",Soyuz FG | Soyuz MS-09,Retired,,Success
1283,CASC,"LC-2, Xichang Satellite Launch Center, China","Tue Jun 05, 2018 13:07 UTC",Long March 3A | Fengyun-2H,Retired,69.7,Success
1284,SpaceX,"SLC-40, Cape Canaveral SFS, Florida, USA","Mon Jun 04, 2018 04:45 UTC",Falcon 9 Block 4 | SES-12,Retired,62.0,Success
1285,CASC,"Site 9401 (SLS-2), Jiuquan Satellite Launch Center, China","Sat Jun 02, 2018 04:13 UTC",Long March 2D | Gaofen 6 & Luojia 1,Active,29.75,Success
1286,Virgin Galactic,"VMS Eve, Mojave Air and Space Port, California, USA","Tue May 29, 2018",SpaceShipTwo | PF02,Retired,,Success
1287,SpaceX,"SLC-4E, Vandenberg SFB, California, USA","Tue May 22, 2018 19:47 UTC",Falcon 9 Block 4 | Iridium-6 & GRACE-FO,Retired,62.0,Success
1288,Northrop,"LP-0A, Wallops Flight Facility, Virginia, USA","Mon May 21, 2018 08:44 UTC",Antares 230 | CRS OA-9E,Retired,85.0,Success
1289,CASC,"LC-3, Xichang Satellite Launch Center, China","Sun May 20, 2018 21:28 UTC","Long March 4C | Queqiao, Longjiang 1 & 2",Active,64.68,Success
1290,SpaceX,"LC-39A, Kennedy Space Center, Florida, USA","Fri May 11, 2018 20:14 UTC",Falcon 9 Block 5 | Bangabandhu-1,Active,69.75,Success
1291,CASC,"LC-9, Taiyuan Satellite Launch Center, China","Tue May 08, 2018 18:28 UTC",Long March 4C | Gaofen 5,Active,64.68,Success
1292,ULA,"SLC-3E, Vandenberg SFB, California, USA","Sat May 05, 2018 11:05 UTC",Atlas V 401 | InSight,Retired,109.0,Success
1293,CASC,"LC-2, Xichang Satellite Launch Center, China","Thu May 03, 2018 16:06 UTC",Long March 3B/E | Apstar 6C,Active,29.15,Success
1294,Blue Origin,"Launch Site One, West Texas, Texas, USA","Sun Apr 29, 2018 17:06 UTC",New Shepard | Mission 8,Active,,Success
1295,CASC,"Site 95A, Jiuquan Satellite Launch Center, China","Thu Apr 26, 2018 04:42 UTC",Long March 11 | Zhuhai-1 2A to 2D,Active,5.3,Success
1296,Eurockot,"Site 133/3, Plesetsk Cosmodrome, Russia","Wed Apr 25, 2018 17:57 UTC",Rokot/Briz KM | Sentinel-3B,Retired,13.0,Success
1297,SpaceX,"SLC-40, Cape Canaveral SFS, Florida, USA","Wed Apr 18, 2018 22:51 UTC",Falcon 9 Block 4 | TESS,Retired,62.0,Success
1298,Roscosmos,"Site 81/24, Baikonur Cosmodrome, Kazakhstan","Wed Apr 18, 2018 22:12 UTC",Proton-M/Briz-M | Cosmos 2526,Active,65.0,Success
1299,ULA,"SLC-41, Cape Canaveral SFS, Florida, USA","Sat Apr 14, 2018 23:13 UTC",Atlas V 551 | AFSPC-11 (CBAS & EAGLE),Active,153.0,Success
1300,ISRO,"First Launch Pad, Satish Dhawan Space Centre, India","Wed Apr 11, 2018 22:34 UTC",PSLV-XL | IRNSS-1I,Active,31.0,Success
1301,CASC,"Site 9401 (SLS-2), Jiuquan Satellite Launch Center, China","Tue Apr 10, 2018 04:25 UTC",Long March 4C | Yaogan-31 01 & Weina 1B,Active,64.68,Success
1302,Virgin Galactic,"VMS Eve, Mojave Air and Space Port, California, USA","Thu Apr 05, 2018",SpaceShipTwo | PF01,Retired,,Success
1303,Arianespace,"ELA-3, Guiana Space Centre, French Guiana, France","Thu Apr 05, 2018 21:34 UTC",Ariane 5 ECA | Superbird-B3/DSN-1 & HYLAS-4,Retired,200.0,Success
1304,SpaceX,"SLC-40, Cape Canaveral SFS, Florida, USA","Mon Apr 02, 2018 20:30 UTC",Falcon 9 Block 4 | CRS SpX-14,Retired,62.0,Success
1305,CASC,"LC-9, Taiyuan Satellite Launch Center, China","Sat Mar 31, 2018 03:22 UTC","Long March 4C | Gaofen-1 02, 03 & 04",Active,64.68,Success
1306,SpaceX,"SLC-4E, Vandenberg SFB, California, USA","Fri Mar 30, 2018 14:13 UTC",Falcon 9 Block 4 | Iridium-5,Retired,62.0,Success
1307,CASC,"LC-2, Xichang Satellite Launch Center, China","Thu Mar 29, 2018 17:56 UTC",Long March 3B/YZ-1 | Beidou-3 M9 & M10,Active,,Success
1308,Roscosmos,"Site 43/4, Plesetsk Cosmodrome, Russia","Thu Mar 29, 2018 17:38 UTC",Soyuz 2.1v | Cosmos 2525,Retired,,Success
1309,ISRO,"Second Launch Pad, Satish Dhawan Space Centre, India","Thu Mar 29, 2018 11:26 UTC",GSLV Mk II | GSAT-6A,Active,47.0,Success
1310,Roscosmos,"Site 1/5, Baikonur Cosmodrome, Kazakhstan","Wed Mar 21, 2018 17:44 UTC",Soyuz FG | Soyuz MS-08,Retired,,Success
1311,CASC,"Site 9401 (SLS-2), Jiuquan Satellite Launch Center, China","Sat Mar 17, 2018 07:10 UTC",Long March 2D | LKW-4,Active,29.75,Success
1312,Arianespace,"ELS, Guiana Space Centre, French Guiana, France","Fri Mar 09, 2018 17:10 UTC",Soyuz ST-B/Fregat-MT | O3b FM13-FM16,Active,30.0,Success
1313,SpaceX,"SLC-40, Cape Canaveral SFS, Florida, USA","Tue Mar 06, 2018 05:33 UTC",Falcon 9 Block 4 | Hispasat 30W-6,Retired,62.0,Success
1314,ULA,"SLC-41, Cape Canaveral SFS, Florida, USA","Thu Mar 01, 2018 22:02 UTC",Atlas V 541 | GOES-S (GOES-17),Retired,145.0,Success
1315,MHI,"LA-Y1, Tanegashima Space Center, Japan","Tue Feb 27, 2018 04:34 UTC",H-IIA 202 | IGS-Optical 6,Active,90.0,Success
1316,SpaceX,"SLC-4E, Vandenberg SFB, California, USA","Thu Feb 22, 2018 14:17 UTC","Falcon 9 Block 3 (v1.2/FT) | PAZ & Tintin A, Tintin B",Retired,62.0,Success
1317,Roscosmos,"Site 31/6, Baikonur Cosmodrome, Kazakhstan","Tue Feb 13, 2018 08:13 UTC",Soyuz 2.1a | Progress MS-08,Active,17.42,Success
1318,CASC,"LC-2, Xichang Satellite Launch Center, China","Mon Feb 12, 2018 05:03 UTC",Long March 3B/YZ-1 | Beidou-3 M3 & M4,Active,,Success
1319,SpaceX,"LC-39A, Kennedy Space Center, Florida, USA","Tue Feb 06, 2018 20:45 UTC",Falcon Heavy | Test Flight,Active,97.0,Success
1320,JAXA,"Lambda Pad, Uchinoura Space Center, Japan","Sat Feb 03, 2018 05:03 UTC",SS-520 | Tricom-1R,Retired,,Success
1321,CASC,"Site 9401 (SLS-2), Jiuquan Satellite Launch Center, China","Fri Feb 02, 2018 07:51 UTC",Long March 2D | Zhangheng 1 & Others,Active,29.75,Success
1322,Roscosmos,"Site 1S, Vostochny Cosmodrome, Russia","Thu Feb 01, 2018 02:07 UTC",Soyuz 2.1a/Fregat-M | Kanopus-V 3-4 & Rideshares,Active,23.0,Success
1323,SpaceX,"SLC-40, Cape Canaveral SFS, Florida, USA","Wed Jan 31, 2018 21:25 UTC",Falcon 9 Block 3 (v1.2/FT) | GovSat-1 / SES-16,Retired,62.0,Success
1324,Arianespace,"ELA-3, Guiana Space Centre, French Guiana, France","Thu Jan 25, 2018 22:20 UTC",Ariane 5 ECA | SES-14/GOLD & Al Yah-3,Retired,200.0,Partial Failure
1325,CASC,"LC-3, Xichang Satellite Launch Center, China","Thu Jan 25, 2018 05:39 UTC",Long March 2C | Yaogan-30 04,Active,30.8,Success
1326,Rocket Lab,"Rocket Lab LC-1A, Māhia Peninsula, New Zealand","Sun Jan 21, 2018 01:43 UTC",Electron/Curie | Still Testing,Active,7.5,Success
1327,ULA,"SLC-41, Cape Canaveral SFS, Florida, USA","Sat Jan 20, 2018 00:48 UTC",Atlas V 411 | SBIRS GEO-4,Retired,115.0,Success
1328,CASC,"Site 95A, Jiuquan Satellite Launch Center, China","Fri Jan 19, 2018 04:12 UTC","Long March 11 | Jilin-1 07, 08 & Others",Active,5.3,Success
1329,JAXA,"Mu Pad, Uchinoura Space Center, Japan","Wed Jan 17, 2018 21:06 UTC",Epsilon PBS | ASNARO 2,Active,39.0,Success
1330,CASC,"Site 9401 (SLS-2), Jiuquan Satellite Launch Center, China","Sat Jan 13, 2018 07:10 UTC",Long March 2D | LKW-3,Active,29.75,Success
1331,ULA,"SLC-6, Vandenberg SFB, California, USA","Fri Jan 12, 2018 22:11 UTC","Delta IV Medium+ (5,2) | Topaz 5 (USA-281) (NROL-47)",Retired,,Success
1332,ISRO,"First Launch Pad, Satish Dhawan Space Centre, India","Fri Jan 12, 2018 03:59 UTC",PSLV-XL | Cartosat-2F & Rideshares,Active,31.0,Success
1333,CASC,"LC-2, Xichang Satellite Launch Center, China","Thu Jan 11, 2018 23:18 UTC",Long March 3B/YZ-1 | Beidou-3 M7 & M8,Active,,Success
1334,CASC,"LC-9, Taiyuan Satellite Launch Center, China","Tue Jan 09, 2018 03:24 UTC",Long March 2D | GaoJing 03 & 04,Active,29.75,Success
1335,SpaceX,"SLC-40, Cape Canaveral SFS, Florida, USA","Mon Jan 08, 2018 01:00 UTC",Falcon 9 Block 4 | Zuma,Retired,62.0,Success
1336,Roscosmos,"Site 45/1, Baikonur Cosmodrome, Kazakhstan","Tue Dec 26, 2017 19:00 UTC",Zenit-3 SLBF | AngoSat 1,Retired,,Success
1337,CASC,"LC-3, Xichang Satellite Launch Center, China","Mon Dec 25, 2017 19:44 UTC",Long March 2C | Yaogan-30 03,Active,30.8,Success
1338,CASC,"Site 9401 (SLS-2), Jiuquan Satellite Launch Center, China","Sat Dec 23, 2017 04:14 UTC",Long March 2D | LKW-2,Active,29.75,Success
1339,SpaceX,"SLC-4E, Vandenberg SFB, California, USA","Sat Dec 23, 2017 01:27 UTC",Falcon 9 Block 3 (v1.2/FT) | Iridium-4,Retired,62.0,Success
1340,MHI,"LA-Y1, Tanegashima Space Center, Japan","Sat Dec 23, 2017 01:26 UTC",H-IIA 202 | GCOM-C & SLATS,Active,90.0,Success
1341,Roscosmos,"Site 1/5, Baikonur Cosmodrome, Kazakhstan","Sun Dec 17, 2017 07:21 UTC",Soyuz FG | Soyuz MS-07,Retired,,Success
1342,SpaceX,"SLC-40, Cape Canaveral SFS, Florida, USA","Fri Dec 15, 2017 15:36 UTC",Falcon 9 Block 3 (v1.2/FT) | CRS SpX-13,Retired,62.0,Success
1343,Arianespace,"ELA-3, Guiana Space Centre, French Guiana, France","Tue Dec 12, 2017 18:36 UTC",Ariane 5 ES | Galileo FOC FM15-FM18,Retired,,Success
1344,Blue Origin,"Launch Site One, West Texas, Texas, USA","Tue Dec 12, 2017 16:59 UTC",New Shepard | Mission 7,Active,,Success
1345,CASC,"LC-2, Xichang Satellite Launch Center, China","Sun Dec 10, 2017 16:40 UTC",Long March 3B/E | Alcomsat-1,Active,29.15,Success
1346,CASC,"Site 9401 (SLS-2), Jiuquan Satellite Launch Center, China","Sun Dec 03, 2017 04:11 UTC",Long March 2D | LKW-1,Active,29.75,Success
1347,VKS RF,"Site 43/4, Plesetsk Cosmodrome, Russia","Sat Dec 02, 2017 10:43 UTC",Soyuz 2.1b | Cosmos 2524,Active,20.0,Success
1348,Roscosmos,"Site 1S, Vostochny Cosmodrome, Russia","Tue Nov 28, 2017 05:41 UTC",Soyuz 2.1b/Fregat-M | Meteor-M No.2-1 & Rideshares,Active,25.0,Failure
1349,CASC,"LC-3, Xichang Satellite Launch Center, China","Fri Nov 24, 2017 18:10 UTC",Long March 2C | Yaogan-30 02,Active,30.8,Success
1350,CASC,"LC-16, Taiyuan Satellite Launch Center, China","Tue Nov 21, 2017 04:50 UTC","Long March 6 | Jilin-1 Video 04, 05 & 06",Active,19.0,Success
1351,ULA,"SLC-2W, Vandenberg SFB, California, USA","Sat Nov 18, 2017 09:47 UTC",Delta II 7920-10C | JPSS-1,Retired,,Success
1352,CASC,"LC-9, Taiyuan Satellite Launch Center, China","Tue Nov 14, 2017 18:35 UTC",Long March 4C | Fengyun-3D & HEAD-1,Active,64.68,Success
1353,Northrop,"LP-0A, Wallops Flight Facility, Virginia, USA","Sun Nov 12, 2017 12:19 UTC",Antares 230 | CRS OA-8E,Retired,85.0,Success
1354,Arianespace,"ELV, Guiana Space Centre, French Guiana, France","Wed Nov 08, 2017 01:42 UTC",Vega | Mohammed VI-A,Retired,37.0,Success
1355,CASC,"LC-2, Xichang Satellite Launch Center, China","Sun Nov 05, 2017 11:45 UTC",Long March 3B/YZ-1 | Beidou-3 M1 & M2,Active,,Success
1356,Northrop,"SLC-576E, Vandenberg SFB, California, USA","Tue Oct 31, 2017 21:37 UTC",Minotaur C (Taurus) | SkySat 8 to 13 & Flock-3m 1 to 4,Active,45.0,Success
1357,SpaceX,"LC-39A, Kennedy Space Center, Florida, USA","Mon Oct 30, 2017 19:34 UTC",Falcon 9 Block 4 | Koreasat 5A,Retired,62.0,Success
1358,ULA,"SLC-41, Cape Canaveral SFS, Florida, USA","Sun Oct 15, 2017 07:28 UTC",Atlas V 421 | Quasar-21 (USA-279) (NROL-52),Retired,123.0,Success
1359,Roscosmos,"Site 31/6, Baikonur Cosmodrome, Kazakhstan","Sat Oct 14, 2017 08:46 UTC",Soyuz 2.1a | Progress MS-07,Active,17.42,Success
1360,Eurockot,"Site 133/3, Plesetsk Cosmodrome, Russia","Fri Oct 13, 2017 09:27 UTC",Rokot/Briz KM | Sentinel-5P,Retired,13.0,Success
1361,SpaceX,"LC-39A, Kennedy Space Center, Florida, USA","Wed Oct 11, 2017 22:53 UTC",Falcon 9 Block 3 (v1.2/FT) | SES-11 / EchoStar 105,Retired,62.0,Success
1362,MHI,"LA-Y1, Tanegashima Space Center, Japan","Mon Oct 09, 2017 22:01 UTC",H-IIA 202 | Michibiki 4,Active,90.0,Success
1363,SpaceX,"SLC-4E, Vandenberg SFB, California, USA","Mon Oct 09, 2017 12:37 UTC",Falcon 9 Block 4 | Iridium-3,Retired,62.0,Success
1364,CASC,"Site 9401 (SLS-2), Jiuquan Satellite Launch Center, China","Mon Oct 09, 2017 04:13 UTC",Long March 2D | VRSS-2,Active,29.75,Success
1365,Arianespace,"ELA-3, Guiana Space Centre, French Guiana, France","Fri Sep 29, 2017 21:56 UTC",Ariane 5 ECA | Intelsat 37e & BSAT-4a,Retired,200.0,Success
1366,CASC,"LC-3, Xichang Satellite Launch Center, China","Fri Sep 29, 2017 04:21 UTC",Long March 2C | Yaogan-30 01,Active,30.8,Success
1367,ILS,"Site 200/39, Baikonur Cosmodrome, Kazakhstan","Thu Sep 28, 2017 18:52 UTC",Proton-M/Briz-M | AsiaSat 9,Active,65.0,Success
1368,ULA,"SLC-3E, Vandenberg SFB, California, USA","Sun Sep 24, 2017 05:49 UTC",Atlas V 541 | Trumpet-7 (USA-278) (NROL-42),Retired,145.0,Success
1369,VKS RF,"Site 43/4, Plesetsk Cosmodrome, Russia","Fri Sep 22, 2017 00:02 UTC",Soyuz 2.1b/Fregat-M | Cosmos 2522,Active,25.0,Success
1370,Roscosmos,"Site 1/5, Baikonur Cosmodrome, Kazakhstan","Tue Sep 12, 2017 21:17 UTC",Soyuz FG | Soyuz MS-06,Retired,,Success
1371,ILS,"Site 200/39, Baikonur Cosmodrome, Kazakhstan","Mon Sep 11, 2017 19:23 UTC",Proton-M/Briz-M | Amazonas 5,Active,65.0,Success
1372,SpaceX,"LC-39A, Kennedy Space Center, Florida, USA","Thu Sep 07, 2017 14:00 UTC",Falcon 9 Block 4 | OTV-5,Retired,62.0,Success
1373,ISRO,"First Launch Pad, Satish Dhawan Space Centre, India","Thu Aug 31, 2017 13:30 UTC",PSLV-XL | IRNSS-1H,Active,31.0,Failure
1374,Northrop,"SLC-46, Cape Canaveral SFS, Florida, USA","Sat Aug 26, 2017 06:04 UTC",Minotaur IV | ORS-5,Active,46.0,Success
1375,SpaceX,"SLC-4E, Vandenberg SFB, California, USA","Thu Aug 24, 2017 18:51 UTC",Falcon 9 Block 3 (v1.2/FT) | Formosat-5,Retired,62.0,Success
1376,MHI,"LA-Y1, Tanegashima Space Center, Japan","Sat Aug 19, 2017 05:29 UTC",H-IIA 204 | Michibiki 3,Retired,,Success
1377,ULA,"SLC-41, Cape Canaveral SFS, Florida, USA","Fri Aug 18, 2017 12:29 UTC",Atlas V 401 | TDRS-M (TDRS-13),Retired,109.0,Success
1378,Roscosmos,"Site 81/24, Baikonur Cosmodrome, Kazakhstan","Wed Aug 16, 2017 22:07 UTC",Proton-M/Briz-M | Cosmos 2520,Active,65.0,Success
1379,SpaceX,"LC-39A, Kennedy Space Center, Florida, USA","Mon Aug 14, 2017 16:31 UTC",Falcon 9 Block 4 | CRS SpX-12,Retired,62.0,Success
1380,Arianespace,"ELV, Guiana Space Centre, French Guiana, France","Wed Aug 02, 2017 01:58 UTC",Vega | OPSAT 3000 & VENµS,Retired,37.0,Success
1381,Roscosmos,"Site 1/5, Baikonur Cosmodrome, Kazakhstan","Fri Jul 28, 2017 15:41 UTC",Soyuz FG | Soyuz MS-05,Retired,,Success
1382,ISA,"Imam Khomeini Spaceport, Semnan Space Center, Iran","Thu Jul 27, 2017 09:30 UTC",Simorgh | Toloo,Active,,Failure
1383,Roscosmos,"Site 31/6, Baikonur Cosmodrome, Kazakhstan","Fri Jul 14, 2017 06:36 UTC",Soyuz 2.1a/Fregat | Kanopus-V IK & Others,Active,23.0,Success
1384,SpaceX,"LC-39A, Kennedy Space Center, Florida, USA","Wed Jul 05, 2017 23:38 UTC",Falcon 9 Block 3 (v1.2/FT) | Intelsat 35e,Retired,62.0,Success
1385,CASC,"LC-101, Wenchang Space Launch Site, China","Sun Jul 02, 2017 11:23 UTC",Long March 5 | Shijian-18,Active,,Failure
1386,Arianespace,"ELA-3, Guiana Space Centre, French Guiana, France","Wed Jun 28, 2017 21:15 UTC",Ariane 5 ECA | Hellas Sat 3 & GSAT-17,Retired,200.0,Success
1387,SpaceX,"SLC-4E, Vandenberg SFB, California, USA","Sun Jun 25, 2017 20:25 UTC",Falcon 9 Block 3 (v1.2/FT) | Iridium-2,Retired,62.0,Success
1388,SpaceX,"LC-39A, Kennedy Space Center, Florida, USA","Fri Jun 23, 2017 19:10 UTC",Falcon 9 Block 3 (v1.2/FT) | BulgariaSat-1,Retired,62.0,Success
1389,VKS RF,"Site 43/4, Plesetsk Cosmodrome, Russia","Fri Jun 23, 2017 18:04 UTC","Soyuz 2.1v/Volga | Cosmos 2519, 2521 and 2523",Retired,,Success
1390,ISRO,"First Launch Pad, Satish Dhawan Space Centre, India","Fri Jun 23, 2017 03:59 UTC",PSLV-XL | Cartosat-2E & Rideshares,Active,31.0,Success
1391,CASC,"LC-2, Xichang Satellite Launch Center, China","Sun Jun 18, 2017 16:11 UTC",Long March 3B/E | ChinaSat-9A,Active,29.15,Partial Failure
1392,CASC,"Site 9401 (SLS-2), Jiuquan Satellite Launch Center, China","Thu Jun 15, 2017 03:00 UTC","Long March 4B | HXMT, ÑuSat 3, Zhuhai-1 OVS 1A & 1B",Active,64.68,Success
1393,Roscosmos,"Site 31/6, Baikonur Cosmodrome, Kazakhstan","Wed Jun 14, 2017 09:20 UTC",Soyuz 2.1a | Progress MS-06,Active,17.42,Success
1394,ILS,"Site 81/24, Baikonur Cosmodrome, Kazakhstan","Thu Jun 08, 2017 03:45 UTC",Proton-M/Briz-M | Echostar 21,Active,65.0,Success
1395,ISRO,"Second Launch Pad, Satish Dhawan Space Centre, India","Mon Jun 05, 2017 11:58 UTC",LVM-3 | GSAT-19,Active,62.0,Success
1396,SpaceX,"LC-39A, Kennedy Space Center, Florida, USA","Sat Jun 03, 2017 21:07 UTC",Falcon 9 Block 3 (v1.2/FT) | CRS SpX-11,Retired,62.0,Success
1397,Arianespace,"ELA-3, Guiana Space Centre, French Guiana, France","Thu Jun 01, 2017 23:45 UTC",Ariane 5 ECA | ViaSat 2 & Eutelsat 172B,Retired,200.0,Success
1398,MHI,"LA-Y1, Tanegashima Space Center, Japan","Thu Jun 01, 2017 00:17 UTC",H-IIA 202 | Michibiki 2,Active,90.0,Success
1399,VKS RF,"Site 43/4, Plesetsk Cosmodrome, Russia","Thu May 25, 2017 06:33 UTC",Soyuz 2.1b/Fregat-M | Cosmos 2518,Active,25.0,Success
1400,Rocket Lab,"Rocket Lab LC-1A, Māhia Peninsula, New Zealand","Thu May 25, 2017 04:20 UTC",Electron | It's a Test,Active,7.5,Failure
1401,Arianespace,"ELS, Guiana Space Centre, French Guiana, France","Thu May 18, 2017 11:54 UTC",Soyuz ST-A/Fregat-M | SES-15,Active,30.0,Success
1402,SpaceX,"LC-39A, Kennedy Space Center, Florida, USA","Mon May 15, 2017 23:21 UTC",Falcon 9 Block 3 (v1.2/FT) | Inmarsat-5 F4,Retired,62.0,Success
1403,ISRO,"Second Launch Pad, Satish Dhawan Space Centre, India","Fri May 05, 2017 11:27 UTC",GSLV Mk II | GSAT-9,Active,47.0,Success
1404,Arianespace,"ELA-3, Guiana Space Centre, French Guiana, France","Thu May 04, 2017 21:50 UTC",Ariane 5 ECA | Koreasat 7 & SGDC-1,Retired,200.0,Success
1405,SpaceX,"LC-39A, Kennedy Space Center, Florida, USA","Mon May 01, 2017 11:15 UTC",Falcon 9 Block 3 (v1.2/FT) | NROL-76 (USA-276),Retired,62.0,Success
1406,CASC,"LC-201, Wenchang Space Launch Site, China","Thu Apr 20, 2017 11:41 UTC",Long March 7 | Tianzhou 1,Active,,Success
1407,Roscosmos,"Site 1/5, Baikonur Cosmodrome, Kazakhstan","Thu Apr 20, 2017 07:13 UTC",Soyuz FG | Soyuz MS-04,Retired,,Success
1408,ULA,"SLC-41, Cape Canaveral SFS, Florida, USA","Tue Apr 18, 2017 15:11 UTC",Atlas V 401 | CRS OA-7,Retired,109.0,Success
1409,CASC,"LC-2, Xichang Satellite Launch Center, China","Wed Apr 12, 2017 11:04 UTC",Long March 3B/E | Shijian 13,Active,29.15,Success
1410,SpaceX,"LC-39A, Kennedy Space Center, Florida, USA","Thu Mar 30, 2017 22:27 UTC",Falcon 9 Block 3 (v1.2/FT) | SES-10,Retired,62.0,Success
1411,ULA,"SLC-37B, Cape Canaveral SFS, Florida, USA","Sun Mar 19, 2017 00:18 UTC","Delta IV Medium+ (5,4) | WGS-9 (USA-275)",Retired,,Success
1412,MHI,"LA-Y1, Tanegashima Space Center, Japan","Fri Mar 17, 2017 01:20 UTC",H-IIA 202 | IGS-Radar 5,Active,90.0,Success
1413,SpaceX,"LC-39A, Kennedy Space Center, Florida, USA","Thu Mar 16, 2017 06:00 UTC",Falcon 9 Block 3 (v1.2/FT) | Echostar 23,Retired,62.0,Success
1414,Arianespace,"ELV, Guiana Space Centre, French Guiana, France","Tue Mar 07, 2017 01:49 UTC",Vega | Sentinel 2B,Retired,37.0,Success
1415,CASIC,"Site 95A, Jiuquan Satellite Launch Center, China","Thu Mar 02, 2017 23:53 UTC",Kaituozhe 2 | Tiankun-1,Retired,,Success
1416,ULA,"SLC-3E, Vandenberg SFB, California, USA","Wed Mar 01, 2017 17:49 UTC",Atlas V 401 | NOSS-3 8A & 8B (USA-274) (NROL-79),Retired,109.0,Success
1417,Roscosmos,"Site 1/5, Baikonur Cosmodrome, Kazakhstan","Wed Feb 22, 2017 05:58 UTC",Soyuz U | Progress MS-05,Retired,20.0,Success
1418,SpaceX,"LC-39A, Kennedy Space Center, Florida, USA","Sun Feb 19, 2017 14:39 UTC",Falcon 9 Block 3 (v1.2/FT) | CRS SpX-10,Retired,62.0,Success
1419,ISRO,"First Launch Pad, Satish Dhawan Space Centre, India","Wed Feb 15, 2017 03:58 UTC",PSLV-XL | Cartosat-2D & Rideshares,Active,31.0,Success
1420,Arianespace,"ELA-3, Guiana Space Centre, French Guiana, France","Tue Feb 14, 2017 21:39 UTC",Ariane 5 ECA | Intelsat 32e/SkyBrasil-1 & Telkom-3S,Retired,200.0,Success
1421,Arianespace,"ELS, Guiana Space Centre, French Guiana, France","Sat Jan 28, 2017 01:03 UTC",Soyuz ST-B/Fregat-MT | Hispasat AG1,Active,30.0,Success
1422,MHI,"LA-Y1, Tanegashima Space Center, Japan","Tue Jan 24, 2017 07:44 UTC",H-IIA 204 | Kirameki 2,Retired,,Success
1423,ULA,"SLC-41, Cape Canaveral SFS, Florida, USA","Sat Jan 21, 2017 00:42 UTC",Atlas V 401 | SBIRS GEO-3,Retired,109.0,Success
1424,JAXA,"Lambda Pad, Uchinoura Space Center, Japan","Sat Jan 14, 2017 23:33 UTC",SS-520 | TRICOM-1,Retired,,Failure
1425,SpaceX,"SLC-4E, Vandenberg SFB, California, USA","Sat Jan 14, 2017 17:54 UTC",Falcon 9 Block 3 (v1.2/FT) | Iridium-1,Retired,62.0,Success
1426,ExPace,"Site 95A, Jiuquan Satellite Launch Center, China","Mon Jan 09, 2017 04:11 UTC","Kuaizhou 1A | Jilin-1 03, Caton-1 & Xingyun Shiyan 1",Active,5.8,Success
1427,CASC,"LC-2, Xichang Satellite Launch Center, China","Thu Jan 05, 2017 15:18 UTC",Long March 3B/E | TJS 2,Active,29.15,Success
1428,CASC,"LC-9, Taiyuan Satellite Launch Center, China","Wed Dec 28, 2016 03:23 UTC","Long March 2D | GaoJing 01, 02 & Bayi Kepu 1",Active,29.75,Partial Failure
1429,Arianespace,"ELA-3, Guiana Space Centre, French Guiana, France","Wed Dec 21, 2016 20:30 UTC",Ariane 5 ECA | Star One D1 & JCSAT-15,Retired,200.0,Success
1430,CASC,"Site 9401 (SLS-2), Jiuquan Satellite Launch Center, China","Wed Dec 21, 2016 19:22 UTC","Long March 2D | TanSat, Xighuo 1, 2 & Yijian",Active,29.75,Success
1431,JAXA,"Mu Pad, Uchinoura Space Center, Japan","Tue Dec 20, 2016 11:00 UTC",Epsilon | SPRINT-B,Active,,Success
1432,ULA,"SLC-41, Cape Canaveral SFS, Florida, USA","Sun Dec 18, 2016 19:13 UTC",Atlas V 431 | EchoStar 19,Retired,130.0,Success
1433,Northrop,"Stargazer, Cape Canaveral SFS, Florida, USA","Thu Dec 15, 2016 13:37 UTC",Pegasus XL | CYGNSS,Active,40.0,Success
1434,CASC,"LC-3, Xichang Satellite Launch Center, China","Sat Dec 10, 2016 16:11 UTC",Long March 3B/E | Fengyun 4A,Active,29.15,Success
1435,MHI,"LA-Y2, Tanegashima Space Center, Japan","Fri Dec 09, 2016 13:26 UTC",H-IIB | HTV-6,Retired,112.5,Success
1436,ULA,"SLC-37B, Cape Canaveral SFS, Florida, USA","Wed Dec 07, 2016 23:52 UTC","Delta IV Medium+ (5,4) | WGS-8 (USA-272)",Retired,,Success
1437,ISRO,"First Launch Pad, Satish Dhawan Space Centre, India","Wed Dec 07, 2016 04:54 UTC",PSLV-XL | Resourcesat-2A,Active,31.0,Success
1438,Arianespace,"ELV, Guiana Space Centre, French Guiana, France","Mon Dec 05, 2016 13:51 UTC",Vega | Göktürk-1A,Retired,37.0,Success
1439,Roscosmos,"Site 1/5, Baikonur Cosmodrome, Kazakhstan","Thu Dec 01, 2016 14:51 UTC",Soyuz U | Progress MS-04,Retired,20.0,Failure
1440,CASC,"LC-2, Xichang Satellite Launch Center, China","Tue Nov 22, 2016 15:24 UTC",Long March 3C/E | Tianlian 1D,Active,20.0,Success
1441,ULA,"SLC-41, Cape Canaveral SFS, Florida, USA","Sat Nov 19, 2016 23:42 UTC",Atlas V 541 | GOES-R (GOES-16),Retired,145.0,Success
1442,Roscosmos,"Site 1/5, Baikonur Cosmodrome, Kazakhstan","Thu Nov 17, 2016 20:20 UTC",Soyuz FG | Soyuz MS-03,Retired,,Success
1443,Arianespace,"ELA-3, Guiana Space Centre, French Guiana, France","Thu Nov 17, 2016 13:06 UTC",Ariane 5 ES | Galileo FOC FM07 & FM12-FM14,Retired,,Success
1444,CASC,"Site 9401 (SLS-2), Jiuquan Satellite Launch Center, China","Fri Nov 11, 2016 23:14 UTC",Long March 2D | Yunhai-1 01,Active,29.75,Success
1445,ULA,"SLC-3E, Vandenberg SFB, California, USA","Fri Nov 11, 2016 18:30 UTC",Atlas V 401 | WorldView-4,Retired,109.0,Success
1446,CASC,"Site 95A, Jiuquan Satellite Launch Center, China","Wed Nov 09, 2016 23:42 UTC","Long March 11 | XPNAV 1, Xiaoxiang 1 & Others",Active,5.3,Success
1447,CASC,"LC-101, Wenchang Space Launch Site, China","Thu Nov 03, 2016 12:43 UTC",Long March 5/YZ-2 | Shijian-17,Active,,Success
1448,MHI,"LA-Y1, Tanegashima Space Center, Japan","Wed Nov 02, 2016 06:20 UTC",H-IIA 202 | Himawari 9,Active,90.0,Success
1449,Roscosmos,"Site 31/6, Baikonur Cosmodrome, Kazakhstan","Wed Oct 19, 2016 08:05 UTC",Soyuz FG | Soyuz MS-02,Retired,,Success
1450,Northrop,"LP-0A, Wallops Flight Facility, Virginia, USA","Mon Oct 17, 2016 23:45 UTC",Antares 230 | CRS OA-5,Retired,85.0,Success
1451,CASC,"Site 901 (SLS-1), Jiuquan Satellite Launch Center, China","Sun Oct 16, 2016 23:30 UTC",Long March 2F/G | Shenzhou 11,Active,,Success
1452,Arianespace,"ELA-3, Guiana Space Centre, French Guiana, France","Wed Oct 05, 2016 20:30 UTC",Ariane 5 ECA | Sky Muster II & GSAT-18,Retired,200.0,Success
1453,Blue Origin,"Launch Site One, West Texas, Texas, USA","Wed Oct 05, 2016 15:36 UTC",New Shepard | Mission 6 (Inflight Escape Test),Active,,Success
1454,ISRO,"First Launch Pad, Satish Dhawan Space Centre, India","Mon Sep 26, 2016 03:42 UTC",PSLV-G | ScatSat-1 & Rideshares,Retired,25.0,Success
1455,Arianespace,"ELV, Guiana Space Centre, French Guiana, France","Fri Sep 16, 2016 01:43 UTC",Vega | PerúSat 1 & SkySats 4 to 7,Retired,37.0,Success
1456,CASC,"Site 901 (SLS-1), Jiuquan Satellite Launch Center, China","Thu Sep 15, 2016 14:04 UTC",Long March 2F/T | Tiangong-2,Active,,Success
1457,IAI,"Pad 1, Palmachim Airbase, Israel","Tue Sep 13, 2016 14:38 UTC",Shavit 2 | Ofek-11,Active,,Success
1458,ULA,"SLC-41, Cape Canaveral SFS, Florida, USA","Thu Sep 08, 2016 23:05 UTC",Atlas V 411 | OSIRIS-REx,Retired,115.0,Success
1459,ISRO,"Second Launch Pad, Satish Dhawan Space Centre, India","Thu Sep 08, 2016 11:20 UTC",GSLV Mk II | INSAT-3DR,Active,47.0,Success
1460,SpaceX,"SLC-40, Cape Canaveral SFS, Florida, USA","Thu Sep 01, 2016 13:07 UTC",Falcon 9 Block 3 (v1.2/FT) | AMOS-6,Retired,62.0,Prelaunch Failure
1461,CASC,"LC-9, Taiyuan Satellite Launch Center, China","Wed Aug 31, 2016 18:55 UTC",Long March 4C | Gaofen-10,Active,64.68,Failure
1462,Arianespace,"ELA-3, Guiana Space Centre, French Guiana, France","Wed Aug 24, 2016 22:16 UTC",Ariane 5 ECA | Intelsat 33e & Intelsat 36,Retired,200.0,Success
1463,ULA,"SLC-37B, Cape Canaveral SFS, Florida, USA","Fri Aug 19, 2016 04:52 UTC","Delta IV Medium+ (4,2) | AFSPC-6 (GSSAP 3 & 4)",Retired,164.0,Success
1464,CASC,"Site 9401 (SLS-2), Jiuquan Satellite Launch Center, China","Mon Aug 15, 2016 17:40 UTC","Long March 2D | QUESS, Lixing-1, & 3CAT 2",Active,29.75,Success
1465,SpaceX,"SLC-40, Cape Canaveral SFS, Florida, USA","Sun Aug 14, 2016 05:26 UTC",Falcon 9 Block 3 (v1.2/FT) | JCSAT-16,Retired,62.0,Success
1466,CASC,"LC-9, Taiyuan Satellite Launch Center, China","Tue Aug 09, 2016 22:55 UTC",Long March 4C | Gaofen-3,Active,64.68,Success
1467,CASC,"LC-3, Xichang Satellite Launch Center, China","Fri Aug 05, 2016 16:22 UTC",Long March 3B/E | Tiantong-1 01,Active,29.15,Success
1468,ULA,"SLC-41, Cape Canaveral SFS, Florida, USA","Thu Jul 28, 2016 12:37 UTC",Atlas V 421 | Quasar-20 (USA-269) (NROL-61),Retired,123.0,Success
1469,SpaceX,"SLC-40, Cape Canaveral SFS, Florida, USA","Mon Jul 18, 2016 04:45 UTC",Falcon 9 Block 3 (v1.2/FT) | CRS SpX-9,Retired,62.0,Success
1470,Roscosmos,"Site 31/6, Baikonur Cosmodrome, Kazakhstan","Sat Jul 16, 2016 21:41 UTC",Soyuz U | Progress MS-03,Retired,20.0,Success
1471,Roscosmos,"Site 1/5, Baikonur Cosmodrome, Kazakhstan","Thu Jul 07, 2016 01:36 UTC",Soyuz FG | Soyuz MS-01,Retired,,Success
1472,CASC,"Site 9401 (SLS-2), Jiuquan Satellite Launch Center, China","Wed Jun 29, 2016 03:21 UTC",Long March 4B | Shijian-16 02,Active,64.68,Success
1473,CASC,"LC-201, Wenchang Space Launch Site, China","Sat Jun 25, 2016 12:00 UTC","Long March 7/YZ-1A | DFFC, Aolong 1 & Others",Active,,Success
1474,ULA,"SLC-41, Cape Canaveral SFS, Florida, USA","Fri Jun 24, 2016 14:30 UTC",Atlas V 551 | MUOS-5,Active,153.0,Success
1475,ISRO,"Second Launch Pad, Satish Dhawan Space Centre, India","Wed Jun 22, 2016 03:55 UTC",PSLV-XL | Cartosat-2C & Rideshares,Active,31.0,Success
1476,Blue Origin,"Launch Site One, West Texas, Texas, USA","Sun Jun 19, 2016 14:36 UTC",New Shepard | Mission 5,Active,,Success
1477,Arianespace,"ELA-3, Guiana Space Centre, French Guiana, France","Sat Jun 18, 2016 21:38 UTC",Ariane 5 ECA | EchoStar 18 & BRISat,Retired,200.0,Success
1478,SpaceX,"SLC-40, Cape Canaveral SFS, Florida, USA","Wed Jun 15, 2016 14:29 UTC",Falcon 9 Block 3 (v1.2/FT) | ABS-2A & Eutelsat 117 West B,Retired,62.0,Success
1479,CASC,"LC-3, Xichang Satellite Launch Center, China","Sun Jun 12, 2016 15:30 UTC",Long March 3C/E | Beidou-2 G7,Active,20.0,Success
1480,ULA,"SLC-37B, Cape Canaveral SFS, Florida, USA","Sat Jun 11, 2016 17:51 UTC",Delta IV Heavy | Orion 9 (USA-268) (NROL-37),Retired,350.0,Success
1481,ILS,"Site 81/24, Baikonur Cosmodrome, Kazakhstan","Thu Jun 09, 2016 07:10 UTC",Proton-M/Briz-M | Intelsat 31,Active,65.0,Success
1482,VKS RF,"Site 133/3, Plesetsk Cosmodrome, Russia","Sat Jun 04, 2016 14:00 UTC",Rokot/Briz KM | Cosmos 2517,Retired,13.0,Success
1483,CASC,"LC-9, Taiyuan Satellite Launch Center, China","Mon May 30, 2016 03:17 UTC","Long March 4B | Ziyuan-3 02, ÑuSat 1 & 2",Active,64.68,Success
1484,VKS RF,"Site 43/4, Plesetsk Cosmodrome, Russia","Sun May 29, 2016 08:44 UTC",Soyuz 2.1b/Fregat | Cosmos 2516,Active,25.0,Success
1485,SpaceX,"SLC-40, Cape Canaveral SFS, Florida, USA","Fri May 27, 2016 21:39 UTC",Falcon 9 Block 3 (v1.2/FT) | Thaicom 8,Retired,62.0,Success
1486,Arianespace,"ELS, Guiana Space Centre, French Guiana, France","Tue May 24, 2016 08:48 UTC",Soyuz ST-B/Fregat-MT | Galileo FOC FM10-FM11,Active,30.0,Success
1487,CASC,"Site 9401 (SLS-2), Jiuquan Satellite Launch Center, China","Sun May 15, 2016 02:43 UTC",Long March 2D | Yaogan 30,Active,29.75,Success
1488,SpaceX,"SLC-40, Cape Canaveral SFS, Florida, USA","Fri May 06, 2016 05:21 UTC",Falcon 9 Block 3 (v1.2/FT) | JCSAT-14,Retired,62.0,Success
1489,ISRO,"First Launch Pad, Satish Dhawan Space Centre, India","Thu Apr 28, 2016 07:20 UTC",PSLV-XL | IRNSS-1G,Active,31.0,Success
1490,Roscosmos,"Site 1S, Vostochny Cosmodrome, Russia","Thu Apr 28, 2016 02:01 UTC","Soyuz 2.1a/Volga | Mikhailo Lomonosov, Aist-2D, & SamSat 218",Active,23.0,Success
1491,Arianespace,"ELS, Guiana Space Centre, French Guiana, France","Mon Apr 25, 2016 21:02 UTC","Soyuz ST-A/Fregat-M | Sentinel 1B, MICROSCOPE & Others",Active,30.0,Success
1492,SpaceX,"SLC-40, Cape Canaveral SFS, Florida, USA","Fri Apr 08, 2016 20:43 UTC",Falcon 9 Block 3 (v1.2/FT) | CRS SpX-8,Retired,62.0,Success
1493,CASC,"Site 9401 (SLS-2), Jiuquan Satellite Launch Center, China","Tue Apr 05, 2016 17:38 UTC",Long March 2D | Shijian-10,Active,29.75,Success
1494,Blue Origin,"Launch Site One, West Texas, Texas, USA","Sat Apr 02, 2016 15:18 UTC",New Shepard | Mission 4,Active,,Success
1495,Roscosmos,"Site 31/6, Baikonur Cosmodrome, Kazakhstan","Thu Mar 31, 2016 16:23 UTC",Soyuz 2.1a | Progress MS-02,Active,17.42,Success
1496,CASC,"LC-2, Xichang Satellite Launch Center, China","Tue Mar 29, 2016 20:11 UTC",Long March 3A | Beidou-2 I6,Retired,69.7,Success
1497,VKS RF,"Site 43/4, Plesetsk Cosmodrome, Russia","Thu Mar 24, 2016 09:42 UTC",Soyuz 2.1a | Cosmos 2515,Active,17.42,Success
1498,ULA,"SLC-41, Cape Canaveral SFS, Florida, USA","Wed Mar 23, 2016 03:05 UTC",Atlas V 401 | CRS OA-6,Retired,109.0,Success
1499,Roscosmos,"Site 1/5, Baikonur Cosmodrome, Kazakhstan","Fri Mar 18, 2016 21:26 UTC",Soyuz FG | Soyuz TMA-20M,Retired,,Success
1500,Roscosmos,"Site 200/39, Baikonur Cosmodrome, Kazakhstan","Mon Mar 14, 2016 09:31 UTC",Proton-M/Briz-M | ExoMars Trace Gas Orbiter,Active,65.0,Success
1501,Roscosmos,"Site 31/6, Baikonur Cosmodrome, Kazakhstan","Sun Mar 13, 2016 18:56 UTC",Soyuz 2.1b | Resurs-P No.3,Active,20.0,Success
1502,ISRO,"Second Launch Pad, Satish Dhawan Space Centre, India","Thu Mar 10, 2016 10:31 UTC",PSLV-XL | IRNSS-1F,Active,31.0,Success
1503,Arianespace,"ELA-3, Guiana Space Centre, French Guiana, France","Wed Mar 09, 2016 05:20 UTC",Ariane 5 ECA | Eutelsat 65 West A,Retired,200.0,Success
1504,SpaceX,"SLC-40, Cape Canaveral SFS, Florida, USA","Fri Mar 04, 2016 23:35 UTC",Falcon 9 Block 3 (v1.2/FT) | SES-9,Retired,62.0,Success
1505,MHI,"LA-Y1, Tanegashima Space Center, Japan","Wed Feb 17, 2016 08:45 UTC","H-IIA 202 | Astro H, Horyu 4 & Kinshachi 2 and 3",Active,90.0,Success
1506,Eurockot,"Site 133/3, Plesetsk Cosmodrome, Russia","Tue Feb 16, 2016 17:57 UTC",Rokot/Briz KM | Sentinel-3A,Retired,13.0,Success
1507,ULA,"SLC-6, Vandenberg SFB, California, USA","Wed Feb 10, 2016 11:40 UTC","Delta IV Medium+ (5,2) | Topaz 4 (NROL-45) (USA-267)",Retired,,Success
1508,NADA,"Pad 1, Sohae Satellite Launching Station, North Korea","Sun Feb 07, 2016 00:30 UTC",Unha 3 | Kwangmyŏngsŏng 4,Active,,Success
1509,VKS RF,"Site 43/4, Plesetsk Cosmodrome, Russia","Sun Feb 07, 2016 00:21 UTC",Soyuz 2.1b/Fregat | Cosmos 2514,Active,25.0,Success
1510,ULA,"SLC-41, Cape Canaveral SFS, Florida, USA","Fri Feb 05, 2016 13:38 UTC",Atlas V 401 | GPS IIF-12 (USA-266),Retired,109.0,Success
1511,CASC,"LC-2, Xichang Satellite Launch Center, China","Mon Feb 01, 2016 07:29 UTC",Long March 3C/YZ-1 | Beidou-3 M3S,Active,20.0,Success
1512,ILS,"Site 200/39, Baikonur Cosmodrome, Kazakhstan","Fri Jan 29, 2016 22:20 UTC",Proton-M/Briz-M | Eutelsat 9B,Active,65.0,Success
1513,Arianespace,"ELA-3, Guiana Space Centre, French Guiana, France","Wed Jan 27, 2016 23:20 UTC",Ariane 5 ECA | Intelsat 29e,Retired,200.0,Success
1514,Blue Origin,"Launch Site One, West Texas, Texas, USA","Fri Jan 22, 2016 13:00 UTC",New Shepard | Mission 3,Active,,Success
1515,ISRO,"Second Launch Pad, Satish Dhawan Space Centre, India","Wed Jan 20, 2016 04:01 UTC",PSLV-XL | IRNSS-1E,Active,31.0,Success
1516,SpaceX,"SLC-4E, Vandenberg SFB, California, USA","Sun Jan 17, 2016 18:42 UTC",Falcon 9 Block 2 (v1.1) | Jason-3,Retired,56.5,Success
1517,CASC,"LC-3, Xichang Satellite Launch Center, China","Fri Jan 15, 2016 16:57 UTC",Long March 3B/E | Belintersat 1,Active,29.15,Success
1518,CASC,"LC-2, Xichang Satellite Launch Center, China","Mon Dec 28, 2015 16:04 UTC",Long March 3B/E | Gaofen 4,Active,29.15,Success
1519,Roscosmos,"Site 200/39, Baikonur Cosmodrome, Kazakhstan","Thu Dec 24, 2015 21:31 UTC",Proton-M/Briz-M | Ekspress-AMU1,Active,65.0,Success
1520,SpaceX,"SLC-40, Cape Canaveral SFS, Florida, USA","Tue Dec 22, 2015 01:29 UTC",Falcon 9 Block 3 (v1.2/FT) | OG2 Mission 2,Retired,62.0,Success
1521,Roscosmos,"Site 31/6, Baikonur Cosmodrome, Kazakhstan","Mon Dec 21, 2015 08:44 UTC",Soyuz 2.1a | Progress MS-01,Active,17.42,Success
1522,Arianespace,"ELS, Guiana Space Centre, French Guiana, France","Thu Dec 17, 2015 11:51 UTC",Soyuz ST-B/Fregat-MT | Galileo FOC FM08-FM09,Active,30.0,Success
1523,CASC,"Site 9401 (SLS-2), Jiuquan Satellite Launch Center, China","Thu Dec 17, 2015 00:12 UTC",Long March 2D | DAMPE,Active,29.75,Success
1524,ISRO,"First Launch Pad, Satish Dhawan Space Centre, India","Wed Dec 16, 2015 12:30 UTC",PSLV-CA | TeLEOS-1 & Rideshares,Active,21.0,Success
1525,Roscosmos,"Site 1/5, Baikonur Cosmodrome, Kazakhstan","Tue Dec 15, 2015 11:03 UTC",Soyuz FG | Soyuz TMA-19M,Retired,,Success
1526,Roscosmos,"Site 81/24, Baikonur Cosmodrome, Kazakhstan","Sun Dec 13, 2015 00:19 UTC",Proton-M/Briz-M | Cosmos 2513,Active,65.0,Success
1527,Roscosmos,"Site 45/1, Baikonur Cosmodrome, Kazakhstan","Fri Dec 11, 2015 13:45 UTC",Zenit-3 SLBF | Elektro-L n°2,Retired,,Success
1528,CASC,"LC-3, Xichang Satellite Launch Center, China","Wed Dec 09, 2015 16:46 UTC",Long March 3B/E | ChinaSat-1C,Active,29.15,Success
1529,ULA,"SLC-41, Cape Canaveral SFS, Florida, USA","Sun Dec 06, 2015 21:44 UTC",Atlas V 401 | CRS OA-4,Retired,109.0,Success
1530,VKS RF,"Site 43/4, Plesetsk Cosmodrome, Russia","Sat Dec 05, 2015 14:08 UTC",Soyuz 2.1v/Volga | Cosmos 2511 and 2512,Retired,,Partial Failure
1531,Arianespace,"ELV, Guiana Space Centre, French Guiana, France","Thu Dec 03, 2015 04:04 UTC",Vega | LISA Pathfinder,Retired,37.0,Success
1532,CASC,"LC-9, Taiyuan Satellite Launch Center, China","Thu Nov 26, 2015 21:24 UTC",Long March 4C | Yaogan 29,Active,64.68,Success
1533,MHI,"LA-Y1, Tanegashima Space Center, Japan","Tue Nov 24, 2015 06:50 UTC",H-IIA 204 | Telstar 12 Vantage,Retired,,Success
1534,Blue Origin,"Launch Site One, West Texas, Texas, USA","Mon Nov 23, 2015 17:21 UTC",New Shepard | Mission 2,Active,,Success
1535,CASC,"LC-2, Xichang Satellite Launch Center, China","Fri Nov 20, 2015 16:07 UTC",Long March 3B/E | LaoSat-1,Active,29.15,Success
1536,VKS RF,"Site 43/4, Plesetsk Cosmodrome, Russia","Tue Nov 17, 2015 06:33 UTC",Soyuz 2.1b/Fregat-M | Cosmos 2510,Active,25.0,Success
1537,Arianespace,"ELA-3, Guiana Space Centre, French Guiana, France","Tue Nov 10, 2015 21:34 UTC",Ariane 5 ECA | Arabsat 6B & GSAT-15,Retired,200.0,Success
1538,CASC,"LC-9, Taiyuan Satellite Launch Center, China","Sun Nov 08, 2015 07:06 UTC",Long March 4B | Yaogan-28,Active,64.68,Success
1539,Sandia,"LP-41, Kauai, Pacific Missile Range Facility","Wed Nov 04, 2015 03:45 UTC","Super Strypi | HiakaSat, STACEM & Others",Retired,15.0,Failure
1540,CASC,"LC-3, Xichang Satellite Launch Center, China","Tue Nov 03, 2015 16:25 UTC",Long March 3B/E | ChinaSat-2C,Active,29.15,Success
1541,ULA,"SLC-41, Cape Canaveral SFS, Florida, USA","Sat Oct 31, 2015 16:13 UTC",Atlas V 401 | GPS IIF-11 (USA-265),Retired,109.0,Success
1542,CASC,"Site 9401 (SLS-2), Jiuquan Satellite Launch Center, China","Mon Oct 26, 2015 07:10 UTC",Long March 2D | Tianhui-1C,Active,29.75,Success
1543,ILS,"Site 200/39, Baikonur Cosmodrome, Kazakhstan","Fri Oct 16, 2015 20:40 UTC",Proton-M/Briz-M | Türksat-4B,Active,65.0,Success
1544,CASC,"LC-2, Xichang Satellite Launch Center, China","Fri Oct 16, 2015 16:16 UTC",Long March 3B/E | Apstar 9,Active,29.15,Success
1545,ULA,"SLC-3E, Vandenberg SFB, California, USA","Thu Oct 08, 2015 12:49 UTC",Atlas V 401 | NOSS-3 7A & 7B (USA-264) (NROL-55),Retired,109.0,Success
1546,CASC,"Site 9401 (SLS-2), Jiuquan Satellite Launch Center, China","Wed Oct 07, 2015 04:13 UTC",Long March 2D | Jilin-1A to 1D,Active,29.75,Success
1547,ULA,"SLC-41, Cape Canaveral SFS, Florida, USA","Fri Oct 02, 2015 10:28 UTC",Atlas V 421 | Morelos-3,Retired,123.0,Success
1548,Roscosmos,"Site 1/5, Baikonur Cosmodrome, Kazakhstan","Thu Oct 01, 2015 16:49 UTC",Soyuz U | Progress M-29M,Retired,20.0,Success
1549,Arianespace,"ELA-3, Guiana Space Centre, French Guiana, France","Wed Sep 30, 2015 20:30 UTC",Ariane 5 ECA | NBN Co 1A & ARSAT-2,Retired,200.0,Success
1550,CASC,"LC-3, Xichang Satellite Launch Center, China","Tue Sep 29, 2015 23:13 UTC",Long March 3B/E | Beidou-3 I2-S,Active,29.15,Success
1551,ISRO,"First Launch Pad, Satish Dhawan Space Centre, India","Mon Sep 28, 2015 04:30 UTC",PSLV-XL | Astrosat & Rideshares,Active,31.0,Success
1552,CASC,"Site 95A, Jiuquan Satellite Launch Center, China","Fri Sep 25, 2015 01:41 UTC",Long March 11 | Pujian 1 & Others,Active,5.3,Success
1553,VKS RF,"Site 133/3, Plesetsk Cosmodrome, Russia","Wed Sep 23, 2015 21:59 UTC",Rokot/Briz KM | Cosmos 2507 to 2509,Retired,13.0,Success
1554,CASC,"LC-16, Taiyuan Satellite Launch Center, China","Sat Sep 19, 2015 23:01 UTC",Long March 6 | XY 2 & Others,Active,19.0,Success
1555,Roscosmos,"Site 81/24, Baikonur Cosmodrome, Kazakhstan","Mon Sep 14, 2015 19:00 UTC",Proton-M/DM-3 | Ekspress-AM8,Active,65.0,Success
1556,CASC,"Site 9401 (SLS-2), Jiuquan Satellite Launch Center, China","Mon Sep 14, 2015 04:42 UTC",Long March 2D | Gaofen 9,Active,29.75,Success
1557,CASC,"LC-2, Xichang Satellite Launch Center, China","Sat Sep 12, 2015 15:42 UTC",Long March 3B/E | TJSW-1,Active,29.15,Success
1558,Arianespace,"ELS, Guiana Space Centre, French Guiana, France","Fri Sep 11, 2015 02:08 UTC",Soyuz ST-B/Fregat-MT | Galileo FOC FM05-FM06,Active,30.0,Success
1559,ULA,"SLC-41, Cape Canaveral SFS, Florida, USA","Wed Sep 02, 2015 10:18 UTC",Atlas V 551 | MUOS-4,Active,153.0,Success
1560,Roscosmos,"Site 1/5, Baikonur Cosmodrome, Kazakhstan","Wed Sep 02, 2015 04:37 UTC",Soyuz FG | Soyuz TMA-18M,Retired,,Success
1561,ILS,"Site 200/39, Baikonur Cosmodrome, Kazakhstan","Fri Aug 28, 2015 11:43 UTC",Proton-M/Briz-M | Inmarsat-5 F3,Active,65.0,Success
1562,ISRO,"Second Launch Pad, Satish Dhawan Space Centre, India","Thu Aug 27, 2015 11:22 UTC",GSLV Mk II | GSAT-6,Active,47.0,Success
1563,CASC,"LC-9, Taiyuan Satellite Launch Center, China","Thu Aug 27, 2015 02:31 UTC",Long March 4C | Yaogan 27,Active,64.68,Success
1564,Arianespace,"ELA-3, Guiana Space Centre, French Guiana, France","Thu Aug 20, 2015 20:34 UTC",Ariane 5 ECA | Eutelsat 8 West B & Intelsat 34,Retired,200.0,Success
1565,MHI,"LA-Y2, Tanegashima Space Center, Japan","Wed Aug 19, 2015 11:50 UTC",H-IIB | HTV-5,Retired,112.5,Success
1566,CASC,"LC-2, Xichang Satellite Launch Center, China","Sat Jul 25, 2015 12:29 UTC",Long March 3B/YZ-1 | Beidou-3 M1-S & M2-S,Active,,Success
1567,ULA,"SLC-37B, Cape Canaveral SFS, Florida, USA","Fri Jul 24, 2015 00:07 UTC","Delta IV Medium+ (5,4) | WGS-7 (USA-263)",Retired,,Success
1568,Roscosmos,"Site 1/5, Baikonur Cosmodrome, Kazakhstan","Wed Jul 22, 2015 21:02 UTC",Soyuz FG | Soyuz TMA-17M,Retired,,Success
1569,Arianespace,"ELA-3, Guiana Space Centre, French Guiana, France","Wed Jul 15, 2015 21:42 UTC",Ariane 5 ECA | Star One C4 & MSG-4,Retired,200.0,Success
1570,ULA,"SLC-41, Cape Canaveral SFS, Florida, USA","Wed Jul 15, 2015 15:36 UTC",Atlas V 401 | GPS IIF-10 (USA-262),Retired,109.0,Success
1571,ISRO,"First Launch Pad, Satish Dhawan Space Centre, India","Fri Jul 10, 2015 16:28 UTC",PSLV-XL | UK-DMC3A/B/C & Rideshares,Active,31.0,Success
1572,Roscosmos,"Site 1/5, Baikonur Cosmodrome, Kazakhstan","Fri Jul 03, 2015 04:55 UTC",Soyuz U | Progress M-28M,Retired,20.0,Success
1573,SpaceX,"SLC-40, Cape Canaveral SFS, Florida, USA","Sun Jun 28, 2015 14:21 UTC",Falcon 9 Block 2 (v1.1) | CRS SpX-7,Retired,56.5,Failure
1574,CASC,"LC-9, Taiyuan Satellite Launch Center, China","Fri Jun 26, 2015 06:22 UTC",Long March 4B | Gaofen 8,Active,64.68,Success
1575,VKS RF,"Site 43/4, Plesetsk Cosmodrome, Russia","Tue Jun 23, 2015 16:43 UTC",Soyuz 2.1b | Cosmos 2506,Active,20.0,Success
1576,Arianespace,"ELV, Guiana Space Centre, French Guiana, France","Tue Jun 23, 2015 01:51 UTC",Vega | Sentinel 2A,Retired,37.0,Success
1577,VKS RF,"Site 43/4, Plesetsk Cosmodrome, Russia","Fri Jun 05, 2015 15:23 UTC",Soyuz 2.1a | Cosmos 2505,Active,17.42,Success
1578,Arianespace,"ELA-3, Guiana Space Centre, French Guiana, France","Wed May 27, 2015 21:16 UTC",Ariane 5 ECA | DirecTV-15 & Sky Mexico 1,Retired,200.0,Success
1579,ULA,"SLC-41, Cape Canaveral SFS, Florida, USA","Wed May 20, 2015 15:05 UTC",Atlas V 501 | AFSPC-5 (OTV-4),Retired,120.0,Success
1580,ILS,"Site 200/39, Baikonur Cosmodrome, Kazakhstan","Sat May 16, 2015 05:47 UTC",Proton-M/Briz-M | MexSat-1,Active,65.0,Failure
1581,Blue Origin,"Launch Site One, West Texas, Texas, USA","Wed Apr 29, 2015 15:00 UTC",New Shepard | Mission 1,Active,,Success
1582,Roscosmos,"Site 31/6, Baikonur Cosmodrome, Kazakhstan","Tue Apr 28, 2015 07:09 UTC",Soyuz 2.1a | Progress M-27M,Active,17.42,Failure
1583,SpaceX,"SLC-40, Cape Canaveral SFS, Florida, USA","Mon Apr 27, 2015 23:03 UTC",Falcon 9 Block 2 (v1.1) | TürkmenÄlem52E/MonacoSat,Retired,56.5,Success
1584,Arianespace,"ELA-3, Guiana Space Centre, French Guiana, France","Sun Apr 26, 2015 20:00 UTC",Ariane 5 ECA | Thor 7 & SICRAL-2,Retired,200.0,Success
1585,SpaceX,"SLC-40, Cape Canaveral SFS, Florida, USA","Tue Apr 14, 2015 20:10 UTC",Falcon 9 Block 2 (v1.1) | CRS SpX-6,Retired,56.5,Success
1586,VKS RF,"Site 133/3, Plesetsk Cosmodrome, Russia","Tue Mar 31, 2015 13:47 UTC",Rokot/Briz KM | Cosmos 2504 & Goniets-M n°21L to 23L,Retired,13.0,Success
1587,CASC,"LC-2, Xichang Satellite Launch Center, China","Mon Mar 30, 2015 13:52 UTC",Long March 3C/YZ-1 | Beidou-3 I1S,Active,20.0,Success
1588,ISRO,"Second Launch Pad, Satish Dhawan Space Centre, India","Sat Mar 28, 2015 11:49 UTC",PSLV-XL | IRNSS-1D,Active,31.0,Success
1589,Arianespace,"ELS, Guiana Space Centre, French Guiana, France","Fri Mar 27, 2015 21:46 UTC",Soyuz ST-B/Fregat-MT | Galileo FOC FM03-FM04,Active,30.0,Success
1590,Roscosmos,"Site 1/5, Baikonur Cosmodrome, Kazakhstan","Fri Mar 27, 2015 19:42 UTC",Soyuz FG | Soyuz TMA-16M,Retired,,Success
1591,MHI,"LA-Y1, Tanegashima Space Center, Japan","Thu Mar 26, 2015 01:21 UTC",H-IIA 202 | IGS-Optical 5,Active,90.0,Success
1592,Kosmotras,"Site 370/13, Yasny Cosmodrome, Russia","Wed Mar 25, 2015 22:08 UTC",Dnepr | KompSat-3A,Retired,29.0,Success
1593,ULA,"SLC-37B, Cape Canaveral SFS, Florida, USA","Wed Mar 25, 2015 18:36 UTC","Delta IV Medium+ (4,2) | GPS IIF-9 (USA-260)",Retired,164.0,Success
1594,Roscosmos,"Site 200/39, Baikonur Cosmodrome, Kazakhstan","Wed Mar 18, 2015 22:04 UTC",Proton-M/Briz-M | Ekspress-AM7,Active,65.0,Success
1595,ULA,"SLC-41, Cape Canaveral SFS, Florida, USA","Fri Mar 13, 2015 02:44 UTC",Atlas V 421 | MMS,Retired,123.0,Success
1596,SpaceX,"SLC-40, Cape Canaveral SFS, Florida, USA","Mon Mar 02, 2015 03:50 UTC",Falcon 9 Block 2 (v1.1) | ABS-3A & EUTELSAT 115 West B,Retired,56.5,Success
1597,VKS RF,"Site 43/4, Plesetsk Cosmodrome, Russia","Fri Feb 27, 2015 11:01 UTC",Soyuz 2.1a | Cosmos 2503,Active,17.42,Success
1598,Roscosmos,"Site 1/5, Baikonur Cosmodrome, Kazakhstan","Tue Feb 17, 2015 11:00 UTC",Soyuz U | Progress M-26M,Retired,20.0,Success
1599,SpaceX,"SLC-40, Cape Canaveral SFS, Florida, USA","Wed Feb 11, 2015 23:03 UTC",Falcon 9 Block 2 (v1.1) | DSCOVR,Retired,56.5,Success
1600,Arianespace,"ELV, Guiana Space Centre, French Guiana, France","Wed Feb 11, 2015 13:40 UTC",Vega | IXV & AVUM VV04,Retired,37.0,Success
1601,ISA,"Safir Launch Pad, Semnan Space Center, Iran","Mon Feb 02, 2015 08:52 UTC",Safir-1B+ | Fajr,Active,,Success
1602,ILS,"Site 200/39, Baikonur Cosmodrome, Kazakhstan","Sun Feb 01, 2015 12:30 UTC",Proton-M/Briz-M | Inmarsat-5 F2,Active,65.0,Success
1603,MHI,"LA-Y1, Tanegashima Space Center, Japan","Sun Feb 01, 2015 01:21 UTC",H-IIA 202 | IGS-Radar Spare,Active,90.0,Success
1604,ULA,"SLC-2W, Vandenberg SFB, California, USA","Sat Jan 31, 2015 14:22 UTC",Delta II 7320-10C | SMAP / ELaNa X,Retired,,Success
1605,ULA,"SLC-41, Cape Canaveral SFS, Florida, USA","Wed Jan 21, 2015 01:04 UTC",Atlas V 551 | MUOS-3,Active,153.0,Success
1606,SpaceX,"SLC-40, Cape Canaveral SFS, Florida, USA","Sat Jan 10, 2015 09:47 UTC",Falcon 9 Block 2 (v1.1) | CRS SpX-5,Retired,56.5,Success
1607,CASC,"LC-2, Xichang Satellite Launch Center, China","Wed Dec 31, 2014 01:02 UTC",Long March 3A | Fengyun-2G,Retired,69.7,Success
1608,ILS,"Site 200/39, Baikonur Cosmodrome, Kazakhstan","Sat Dec 27, 2014 21:37 UTC",Proton-M/Briz-M | Astra 2G,Active,65.0,Success
1609,CASC,"LC-9, Taiyuan Satellite Launch Center, China","Sat Dec 27, 2014 03:22 UTC",Long March 4B | Yaogan 26,Active,64.68,Success
1610,VKS RF,"Site 31/6, Baikonur Cosmodrome, Kazakhstan","Fri Dec 26, 2014 18:55 UTC",Soyuz 2.1b | Resurs-P No.2,Active,20.0,Success
1611,VKS RF,"Site 43/4, Plesetsk Cosmodrome, Russia","Thu Dec 25, 2014 03:01 UTC",Soyuz 2.1b | Cosmos 2502,Active,20.0,Success
1612,VKS RF,"Site 35/1, Plesetsk Cosmodrome, Russia","Tue Dec 23, 2014 05:57 UTC",Angara A5/Briz-M | MGM n°1,Active,100.0,Success
1613,VKS RF,"Site 175/59, Baikonur Cosmodrome, Kazakhstan","Fri Dec 19, 2014 04:43 UTC",Strela | Kondor-E,Retired,,Success
1614,Arianespace,"ELS, Guiana Space Centre, French Guiana, France","Thu Dec 18, 2014 18:37 UTC",Soyuz ST-B/Fregat-MT | O3b FM09-FM12,Active,30.0,Success
1615,ISRO,"Second Launch Pad, Satish Dhawan Space Centre, India","Thu Dec 18, 2014 04:00 UTC",LVM-3 | CARE (Demo Flight),Active,62.0,Success
1616,ILS,"Site 81/24, Baikonur Cosmodrome, Kazakhstan","Mon Dec 15, 2014 00:16 UTC",Proton-M/Briz-M | Yamal 401,Active,65.0,Success
1617,ULA,"SLC-3E, Vandenberg SFB, California, USA","Sat Dec 13, 2014 03:19 UTC",Atlas V 541 | Trumpet-6 (USA-259) (NROL-35),Retired,145.0,Success
1618,CASC,"Site 9401 (SLS-2), Jiuquan Satellite Launch Center, China","Wed Dec 10, 2014 19:33 UTC","Long March 4C | Yaogan-25 1, 2 & 3",Active,64.68,Success
1619,CASC,"LC-9, Taiyuan Satellite Launch Center, China","Sun Dec 07, 2014 03:26 UTC",Long March 4B | CBERS-4,Active,64.68,Success
1620,Arianespace,"ELA-3, Guiana Space Centre, French Guiana, France","Sat Dec 06, 2014 20:40 UTC",Ariane 5 ECA | DirecTV-14 & GSAT-16,Retired,200.0,Success
1621,ULA,"SLC-37B, Cape Canaveral SFS, Florida, USA","Fri Dec 05, 2014 12:05 UTC",Delta IV Heavy | EFT-1,Retired,350.0,Success
1622,MHI,"LA-Y1, Tanegashima Space Center, Japan","Wed Dec 03, 2014 04:22 UTC",H-IIA 202 | Hayabusa 2 & Others,Active,90.0,Success
1623,VKS RF,"Site 43/4, Plesetsk Cosmodrome, Russia","Sun Nov 30, 2014 21:52 UTC",Soyuz 2.1b/Fregat-M | Cosmos 2501,Active,25.0,Success
1624,Roscosmos,"Site 31/6, Baikonur Cosmodrome, Kazakhstan","Sun Nov 23, 2014 21:01 UTC",Soyuz FG | Soyuz TMA-15M,Retired,,Success
1625,ExPace,"Site 95B, Jiuquan Satellite Launch Center, China","Fri Nov 21, 2014 06:37 UTC",Kuaizhou 1 | Kuaizhou 2,Retired,,Success
1626,CASC,"Site 9401 (SLS-2), Jiuquan Satellite Launch Center, China","Thu Nov 20, 2014 07:12 UTC",Long March 2D | Yaogan 24,Active,29.75,Success
1627,CASC,"LC-9, Taiyuan Satellite Launch Center, China","Fri Nov 14, 2014 18:53 UTC",Long March 2C | Yaogan 23,Active,30.8,Success
1628,Kosmotras,"Site 370/13, Yasny Cosmodrome, Russia","Thu Nov 06, 2014 07:35 UTC",Dnepr | Sasuke & Others,Retired,29.0,Success
1629,Virgin Galactic,"VMS Eve, Mojave Air and Space Port, California, USA","Fri Oct 31, 2014 16:18 UTC",SpaceShipTwo | PF04,Retired,,Failure
1630,VKS RF,"Site 43/4, Plesetsk Cosmodrome, Russia","Thu Oct 30, 2014 01:42 UTC",Soyuz 2.1a/Fregat-M | Meridian n°17L,Active,23.0,Success
1631,ULA,"SLC-41, Cape Canaveral SFS, Florida, USA","Wed Oct 29, 2014 17:21 UTC",Atlas V 401 | GPS IIF-8 (USA-258),Retired,109.0,Success
1632,Roscosmos,"Site 31/6, Baikonur Cosmodrome, Kazakhstan","Wed Oct 29, 2014 07:09 UTC",Soyuz 2.1a | Progress M-25M,Active,17.42,Success
1633,Northrop,"LP-0A, Wallops Flight Facility, Virginia, USA","Tue Oct 28, 2014 22:22 UTC",Antares 130 | CRS Orb-3,Retired,80.0,Failure
1634,CASC,"Site 9401 (SLS-2), Jiuquan Satellite Launch Center, China","Mon Oct 27, 2014 06:59 UTC",Long March 2C | Shijian-11 08,Active,30.8,Success
1635,CASC,"LC-2, Xichang Satellite Launch Center, China","Thu Oct 23, 2014 18:00 UTC",Long March 3C/E | Chang'e 5-T1,Active,20.0,Success
1636,Roscosmos,"Site 81/24, Baikonur Cosmodrome, Kazakhstan","Tue Oct 21, 2014 15:09 UTC",Proton-M/Briz-M | Ekspress-AM6,Active,65.0,Partial Failure
1637,CASC,"LC-9, Taiyuan Satellite Launch Center, China","Mon Oct 20, 2014 06:31 UTC",Long March 4C | Yaogan 22,Active,64.68,Success
1638,Arianespace,"ELA-3, Guiana Space Centre, French Guiana, France","Thu Oct 16, 2014 21:43 UTC",Ariane 5 ECA | Intelsat 30 & ARSAT-1,Retired,200.0,Success
1639,ISRO,"First Launch Pad, Satish Dhawan Space Centre, India","Wed Oct 15, 2014 20:02 UTC",PSLV-XL | IRNSS-1C,Active,31.0,Success
1640,MHI,"LA-Y1, Tanegashima Space Center, Japan","Tue Oct 07, 2014 05:16 UTC",H-IIA 202 | Himawari 8,Active,90.0,Success
1641,CASC,"Site 9401 (SLS-2), Jiuquan Satellite Launch Center, China","Sun Sep 28, 2014 05:13 UTC",Long March 2C | Shijian-11 07,Active,30.8,Success
1642,Roscosmos,"Site 81/24, Baikonur Cosmodrome, Kazakhstan","Sat Sep 27, 2014 20:23 UTC",Proton-M/Briz-M | Luch/Olymp-K 1,Active,65.0,Success
1643,Roscosmos,"Site 1/5, Baikonur Cosmodrome, Kazakhstan","Thu Sep 25, 2014 20:25 UTC",Soyuz FG | Soyuz TMA-14M,Retired,,Success
1644,SpaceX,"SLC-40, Cape Canaveral SFS, Florida, USA","Sun Sep 21, 2014 05:52 UTC",Falcon 9 Block 2 (v1.1) | CRS SpX-4,Retired,56.5,Success
1645,ULA,"SLC-41, Cape Canaveral SFS, Florida, USA","Wed Sep 17, 2014 00:10 UTC",Atlas V 401 | CLIO,Retired,109.0,Success
1646,Arianespace,"ELA-3, Guiana Space Centre, French Guiana, France","Thu Sep 11, 2014 22:05 UTC",Ariane 5 ECA | MEASAT 3b & Optus 10,Retired,200.0,Success
1647,CASC,"LC-9, Taiyuan Satellite Launch Center, China","Mon Sep 08, 2014 03:22 UTC",Long March 4B | Yaogan 21 & Tiantuo-2,Active,64.68,Success
1648,SpaceX,"SLC-40, Cape Canaveral SFS, Florida, USA","Sun Sep 07, 2014 05:00 UTC",Falcon 9 Block 2 (v1.1) | AsiaSat 6,Retired,56.5,Success
1649,CASC,"Site 9401 (SLS-2), Jiuquan Satellite Launch Center, China","Thu Sep 04, 2014 00:15 UTC",Long March 2D | Chuangxin-1 04 & Lingqiao,Active,29.75,Success
1650,Arianespace,"ELS, Guiana Space Centre, French Guiana, France","Fri Aug 22, 2014 12:27 UTC",Soyuz ST-B/Fregat-MT | Galileo FOC FM01-FM02,Active,30.0,Partial Failure
1651,CASC,"LC-9, Taiyuan Satellite Launch Center, China","Tue Aug 19, 2014 03:15 UTC",Long March 4B | Gaofen 2 & BRITE-PL2,Active,64.68,Success
1652,ULA,"SLC-3E, Vandenberg SFB, California, USA","Wed Aug 13, 2014 18:30 UTC",Atlas V 401 | WorldView-3,Retired,109.0,Success
1653,CASC,"Site 9401 (SLS-2), Jiuquan Satellite Launch Center, China","Sat Aug 09, 2014 05:45 UTC","Long March 4C | Yaogan-20 1, 2 & 3",Active,64.68,Success
1654,SpaceX,"SLC-40, Cape Canaveral SFS, Florida, USA","Tue Aug 05, 2014 08:00 UTC",Falcon 9 Block 2 (v1.1) | AsiaSat 8,Retired,56.5,Success
1655,ULA,"SLC-41, Cape Canaveral SFS, Florida, USA","Sat Aug 02, 2014 03:23 UTC",Atlas V 401 | GPS IIF-7 (USA-256),Retired,109.0,Success
1656,Arianespace,"ELA-3, Guiana Space Centre, French Guiana, France","Tue Jul 29, 2014 23:47 UTC",Ariane 5 ES | ATV-5,Retired,,Success
1657,ULA,"SLC-37B, Cape Canaveral SFS, Florida, USA","Mon Jul 28, 2014 23:28 UTC","Delta IV Medium+ (4,2) | AFSPC-4 (GSSAP 1 & 2)",Retired,164.0,Success
1658,Roscosmos,"Site 1/5, Baikonur Cosmodrome, Kazakhstan","Wed Jul 23, 2014 21:44 UTC",Soyuz U | Progress M-24M,Retired,20.0,Success
1659,Roscosmos,"Site 31/6, Baikonur Cosmodrome, Kazakhstan","Fri Jul 18, 2014 20:50 UTC",Soyuz 2.1a | Foton-M n°4,Active,17.42,Success
1660,SpaceX,"SLC-40, Cape Canaveral SFS, Florida, USA","Mon Jul 14, 2014 15:15 UTC",Falcon 9 Block 2 (v1.1) | OG2 Mission 1,Retired,56.5,Success
1661,Northrop,"LP-0A, Wallops Flight Facility, Virginia, USA","Sun Jul 13, 2014 16:52 UTC",Antares 120 | CRS Orb-2,Retired,80.0,Success
1662,Arianespace,"ELS, Guiana Space Centre, French Guiana, France","Thu Jul 10, 2014 18:55 UTC",Soyuz ST-B/Fregat-MT | O3b FM03/FM06-FM08,Active,30.0,Success
1663,VKS RF,"Site 35/1, Plesetsk Cosmodrome, Russia","Wed Jul 09, 2014 12:00 UTC",Angara 1.2PP | Demo Flight,Retired,,Success
1664,Roscosmos,"Site 31/6, Baikonur Cosmodrome, Kazakhstan","Tue Jul 08, 2014 15:58 UTC",Soyuz 2.1b/Fregat-M | Meteor-M n°2 & Others,Active,25.0,Success
1665,VKS RF,"Site 133/3, Plesetsk Cosmodrome, Russia","Thu Jul 03, 2014 12:43 UTC",Rokot/Briz KM | Goniets-M n°18L to 20L,Retired,13.0,Success
1666,ULA,"SLC-2W, Vandenberg SFB, California, USA","Wed Jul 02, 2014 09:56 UTC",Delta II 7320-10C | OCO-2,Retired,,Success
1667,ISRO,"First Launch Pad, Satish Dhawan Space Centre, India","Mon Jun 30, 2014 04:22 UTC",PSLV-CA | SPOT-7 & Rideshares,Active,21.0,Success
1668,Kosmotras,"Site 370/13, Yasny Cosmodrome, Russia","Thu Jun 19, 2014 19:11 UTC",Dnepr | Deimos 2 & Others,Retired,29.0,Success
1669,VKS RF,"Site 43/4, Plesetsk Cosmodrome, Russia","Sat Jun 14, 2014 17:16 UTC",Soyuz 2.1b/Fregat-M | Cosmos 2500,Active,25.0,Success
1670,Roscosmos,"Site 1/5, Baikonur Cosmodrome, Kazakhstan","Wed May 28, 2014 19:57 UTC",Soyuz FG | Soyuz TMA-13M,Retired,,Success
1671,Sea Launch,"LP Odyssey, Kiritimati Launch Area, Pacific Ocean","Mon May 26, 2014 21:09 UTC",Zenit-3 SL | Eutelsat 3B,Retired,,Success
1672,MHI,"LA-Y1, Tanegashima Space Center, Japan","Sat May 24, 2014 03:05 UTC","H-IIA 202 | Daichi 2, SPROUT & Others",Active,90.0,Success
1673,VKS RF,"Site 133/3, Plesetsk Cosmodrome, Russia","Fri May 23, 2014 05:27 UTC",Rokot/Briz KM | Cosmos 2496 to 2499,Retired,13.0,Success
1674,ULA,"SLC-41, Cape Canaveral SFS, Florida, USA","Thu May 22, 2014 13:09 UTC",Atlas V 401 | Quasar-19 (USA-252) (NROL-33),Retired,109.0,Success
1675,ULA,"SLC-37B, Cape Canaveral SFS, Florida, USA","Sat May 17, 2014 00:03 UTC","Delta IV Medium+ (4,2) | GPS IIF-6 (USA-251)",Retired,164.0,Success
1676,Roscosmos,"Site 200/39, Baikonur Cosmodrome, Kazakhstan","Thu May 15, 2014 21:41 UTC",Proton-M/Briz-M | Ekspress-AM4R,Active,65.0,Failure
1677,VKS RF,"Site 43/4, Plesetsk Cosmodrome, Russia","Tue May 06, 2014 13:49 UTC",Soyuz 2.1a | Cosmos 2495,Active,17.42,Success
1678,Arianespace,"ELV, Guiana Space Centre, French Guiana, France","Wed Apr 30, 2014 01:35 UTC",Vega | KazEOSat 1,Retired,37.0,Success
1679,Roscosmos,"Site 81/24, Baikonur Cosmodrome, Kazakhstan","Mon Apr 28, 2014 04:25 UTC",Proton-M/Briz-M | KazSat-3 & Luch-5V,Active,65.0,Success
1680,SpaceX,"SLC-40, Cape Canaveral SFS, Florida, USA","Fri Apr 18, 2014 19:25 UTC",Falcon 9 Block 2 (v1.1) | CRS SpX-3,Retired,56.5,Success
1681,Roscosmos,"Site 31/6, Baikonur Cosmodrome, Kazakhstan","Wed Apr 16, 2014 16:20 UTC",Soyuz U | EgyptSat-2,Retired,20.0,Success
1682,ULA,"SLC-41, Cape Canaveral SFS, Florida, USA","Thu Apr 10, 2014 17:45 UTC",Atlas V 541 | SHARP 1 (USA-250) (NROL-67),Retired,145.0,Success
1683,IAI,"Pad 1, Palmachim Airbase, Israel","Wed Apr 09, 2014 19:06 UTC",Shavit 2 | Ofek-10,Active,,Success
1684,Roscosmos,"Site 1/5, Baikonur Cosmodrome, Kazakhstan","Wed Apr 09, 2014 15:26 UTC",Soyuz U | Progress M-23M,Retired,20.0,Success
1685,ISRO,"First Launch Pad, Satish Dhawan Space Centre, India","Fri Apr 04, 2014 11:44 UTC",PSLV-XL | IRNSS-1B,Active,31.0,Success
1686,Arianespace,"ELS, Guiana Space Centre, French Guiana, France","Thu Apr 03, 2014 21:02 UTC",Soyuz ST-A/Fregat-M | Sentinel 1A,Active,30.0,Success
1687,ULA,"SLC-3E, Vandenberg SFB, California, USA","Thu Apr 03, 2014 14:46 UTC",Atlas V 401 | DMSP-5D3 F19 (USA-249),Retired,109.0,Success
1688,CASC,"Site 9401 (SLS-2), Jiuquan Satellite Launch Center, China","Mon Mar 31, 2014 02:58 UTC",Long March 2C | Shijian-11 06,Active,30.8,Success
1689,Roscosmos,"Site 1/5, Baikonur Cosmodrome, Kazakhstan","Tue Mar 25, 2014 21:17 UTC",Soyuz FG | Soyuz TMA-12M,Retired,,Success
1690,VKS RF,"Site 43/4, Plesetsk Cosmodrome, Russia","Sun Mar 23, 2014 22:54 UTC",Soyuz 2.1b/Fregat-M | Cosmos 2492,Active,25.0,Success
1691,Arianespace,"ELA-3, Guiana Space Centre, French Guiana, France","Sat Mar 22, 2014 22:04 UTC",Ariane 5 ECA | Astra 5B & Amazonas 4A,Retired,200.0,Success
1692,Roscosmos,"Site 81/24, Baikonur Cosmodrome, Kazakhstan","Sat Mar 15, 2014 23:08 UTC",Proton-M/Briz-M | Ekspress-AT1 & AT2,Active,65.0,Success
1693,MHI,"LA-Y1, Tanegashima Space Center, Japan","Thu Feb 27, 2014 18:37 UTC","H-IIA 202 | GPM-Core, Gennai & Others",Active,90.0,Success
1694,ULA,"SLC-37B, Cape Canaveral SFS, Florida, USA","Fri Feb 21, 2014 01:59 UTC","Delta IV Medium+ (4,2) | GPS IIF-5 (USA-248)",Retired,164.0,Success
1695,ILS,"Site 81/24, Baikonur Cosmodrome, Kazakhstan","Fri Feb 14, 2014 21:09 UTC",Proton-M/Briz-M | Türksat 4A,Active,65.0,Success
1696,Arianespace,"ELA-3, Guiana Space Centre, French Guiana, France","Thu Feb 06, 2014 21:30 UTC",Ariane 5 ECA | ABS-2 & Athena-Fidus,Retired,200.0,Success
1697,Roscosmos,"Site 1/5, Baikonur Cosmodrome, Kazakhstan","Wed Feb 05, 2014 16:23 UTC",Soyuz U | Progress M-22M,Retired,20.0,Success
1698,ULA,"SLC-41, Cape Canaveral SFS, Florida, USA","Fri Jan 24, 2014 02:33 UTC",Atlas V 401 | TDRS-L,Retired,109.0,Success
1699,Virgin Galactic,"VMS Eve, Mojave Air and Space Port, California, USA","Fri Jan 10, 2014",SpaceShipTwo | PF03,Retired,,Success
1700,Northrop,"LP-0A, Wallops Flight Facility, Virginia, USA","Thu Jan 09, 2014 18:07 UTC",Antares 120 | CRS Orb-1,Retired,80.0,Success
1701,SpaceX,"SLC-40, Cape Canaveral SFS, Florida, USA","Mon Jan 06, 2014 22:06 UTC",Falcon 9 Block 2 (v1.1) | Thaicom 6,Retired,56.5,Success
1702,ISRO,"Second Launch Pad, Satish Dhawan Space Centre, India","Sun Jan 05, 2014 10:48 UTC",GSLV Mk II | GSAT-14,Active,47.0,Success
1703,VKS RF,"Site 43/4, Plesetsk Cosmodrome, Russia","Sat Dec 28, 2013 12:30 UTC",Soyuz 2.1v/Volga | Cosmos 2492 and 2493 & AIST-1 1,Retired,,Success
1704,Roscosmos,"Site 81/24, Baikonur Cosmodrome, Kazakhstan","Thu Dec 26, 2013 10:49 UTC",Proton-M/Briz-M | Ekspress AM5,Active,65.0,Success
1705,VKS RF,"Site 133/3, Plesetsk Cosmodrome, Russia","Wed Dec 25, 2013 00:31 UTC",Rokot/Briz KM | Cosmos 2488 to 2491,Retired,13.0,Success
1706,CASC,"LC-2, Xichang Satellite Launch Center, China","Fri Dec 20, 2013 16:42 UTC",Long March 3B/E | Túpac Katari 1,Active,29.15,Success
1707,Arianespace,"ELS, Guiana Space Centre, French Guiana, France","Thu Dec 19, 2013 09:12 UTC",Soyuz ST-B/Fregat-MT | Gaia,Active,30.0,Success
1708,CASC,"LC-9, Taiyuan Satellite Launch Center, China","Mon Dec 09, 2013 03:26 UTC",Long March 4B | CBERS-3,Active,64.68,Failure
1709,ILS,"Site 200/39, Baikonur Cosmodrome, Kazakhstan","Sun Dec 08, 2013 12:11 UTC",Proton-M/Briz-M | Inmarsat-5 F1,Active,65.0,Success
1710,ULA,"SLC-3E, Vandenberg SFB, California, USA","Fri Dec 06, 2013 07:14 UTC",Atlas V 501 | Topaz 3 (USA-247) (NROL-39),Retired,120.0,Success
1711,SpaceX,"SLC-40, Cape Canaveral SFS, Florida, USA","Tue Dec 03, 2013 22:41 UTC",Falcon 9 Block 2 (v1.1) | SES-8,Retired,56.5,Success
1712,CASC,"LC-2, Xichang Satellite Launch Center, China","Sun Dec 01, 2013 17:30 UTC",Long March 3B/E | Chang'e 3,Active,29.15,Success
1713,Roscosmos,"Site 31/6, Baikonur Cosmodrome, Kazakhstan","Mon Nov 25, 2013 20:53 UTC",Soyuz U | Progress M-21M,Retired,20.0,Success
1714,CASC,"Site 9401 (SLS-2), Jiuquan Satellite Launch Center, China","Mon Nov 25, 2013 02:12 UTC",Long March 2D | Shiyan-5,Active,29.75,Success
1715,VKS RF,"Site 133/3, Plesetsk Cosmodrome, Russia","Fri Nov 22, 2013 12:02 UTC",Rokot/Briz KM | SWARM,Retired,13.0,Success
1716,Kosmotras,"Site 370/13, Yasny Cosmodrome, Russia","Thu Nov 21, 2013 07:10 UTC",Dnepr | DubaiSat-2 & Others,Retired,29.0,Success
1717,CASC,"LC-9, Taiyuan Satellite Launch Center, China","Wed Nov 20, 2013 03:31 UTC",Long March 4C | Yaogan 19,Active,64.68,Success
1718,Northrop,"LP-0B, Wallops Flight Facility, Virginia, USA","Wed Nov 20, 2013 01:15 UTC",Minotaur I | ORS-3,Active,40.0,Success
1719,ULA,"SLC-41, Cape Canaveral SFS, Florida, USA","Mon Nov 18, 2013 18:28 UTC",Atlas V 401 | MAVEN,Retired,109.0,Success
1720,Roscosmos,"Site 81/24, Baikonur Cosmodrome, Kazakhstan","Mon Nov 11, 2013 23:46 UTC",Proton-M/Briz-M | Raduga-1M n°03,Active,65.0,Success
1721,Roscosmos,"Site 1/5, Baikonur Cosmodrome, Kazakhstan","Thu Nov 07, 2013 04:14 UTC",Soyuz FG | Soyuz TMA-11M,Retired,,Success
1722,ISRO,"First Launch Pad, Satish Dhawan Space Centre, India","Tue Nov 05, 2013 09:08 UTC",PSLV-XL | Manglayaan-1,Active,31.0,Success
1723,CASC,"LC-9, Taiyuan Satellite Launch Center, China","Tue Oct 29, 2013 02:50 UTC",Long March 2C | Yaogan 18,Active,30.8,Success
1724,ILS,"Site 200/39, Baikonur Cosmodrome, Kazakhstan","Fri Oct 25, 2013 18:08 UTC",Proton-M/Briz-M | Sirius FM-6,Active,65.0,Success
1725,CASC,"Site 9401 (SLS-2), Jiuquan Satellite Launch Center, China","Fri Oct 25, 2013 03:50 UTC",Long March 4B | Shijian-16 01,Active,64.68,Success
1726,ILS,"Site 200/39, Baikonur Cosmodrome, Kazakhstan","Sun Sep 29, 2013 21:38 UTC",Proton-M/Briz-M | Astra 2E,Active,65.0,Success
1727,SpaceX,"SLC-4E, Vandenberg SFB, California, USA","Sun Sep 29, 2013 16:00 UTC",Falcon 9 Block 2 (v1.1) | CASSIOPE & Others,Retired,56.5,Success
1728,Roscosmos,"Site 1/5, Baikonur Cosmodrome, Kazakhstan","Wed Sep 25, 2013 20:58 UTC",Soyuz FG | Soyuz TMA-10M,Retired,,Success
1729,ExPace,"Site 95B, Jiuquan Satellite Launch Center, China","Wed Sep 25, 2013 04:37 UTC",Kuaizhou 1 | Kuaizhou 1,Retired,,Success
1730,CASC,"LC-9, Taiyuan Satellite Launch Center, China","Mon Sep 23, 2013 03:07 UTC",Long March 4C | Fengyun-3C,Active,64.68,Success
1731,Northrop,"LP-0A, Wallops Flight Facility, Virginia, USA","Wed Sep 18, 2013 14:58 UTC",Antares 110 | CRS Orb-D1,Retired,80.0,Success
1732,ULA,"SLC-41, Cape Canaveral SFS, Florida, USA","Wed Sep 18, 2013 08:10 UTC",Atlas V 531 | AEHF-3,Retired,140.0,Success
1733,JAXA,"Mu Pad, Uchinoura Space Center, Japan","Sat Sep 14, 2013 05:00 UTC",Epsilon Demo | SPRINT-A,Retired,,Success
1734,VKS RF,"Site 133/3, Plesetsk Cosmodrome, Russia","Wed Sep 11, 2013 23:23 UTC","Rokot/Briz KM | Goniets-M n°14L, 16L & 17L",Retired,13.0,Success
1735,Northrop,"LP-0B, Wallops Flight Facility, Virginia, USA","Sat Sep 07, 2013 03:27 UTC",Minotaur V | LADEE,Active,55.0,Success
1736,Virgin Galactic,"VMS Eve, Mojave Air and Space Port, California, USA","Thu Sep 05, 2013",SpaceShipTwo | PF02,Retired,,Success
1737,CASC,"Site 9401 (SLS-2), Jiuquan Satellite Launch Center, China","Sun Sep 01, 2013 19:16 UTC","Long March 4C | Yaogan-17 1, 2 & 3",Active,64.68,Success
1738,Land Launch,"Site 45/1, Baikonur Cosmodrome, Kazakhstan","Sat Aug 31, 2013 20:05 UTC",Zenit-3 SLB | AMOS 4,Retired,,Success
1739,Arianespace,"ELA-3, Guiana Space Centre, French Guiana, France","Thu Aug 29, 2013 20:30 UTC",Ariane 5 ECA | Eutelsat 25B/Es'hail 1 & GSAT-7,Retired,200.0,Success
1740,ULA,"SLC-6, Vandenberg SFB, California, USA","Wed Aug 28, 2013 18:03 UTC",Delta IV Heavy | KH-11 16 (Crystal 16) (USA-245) (NROL-65),Retired,350.0,Success
1741,Kosmotras,"Site 370/13, Yasny Cosmodrome, Russia","Thu Aug 22, 2013 14:39 UTC",Dnepr | KompSat-5,Retired,29.0,Success
1742,ULA,"SLC-37B, Cape Canaveral SFS, Florida, USA","Thu Aug 08, 2013 00:29 UTC","Delta IV Medium+ (5,4) | WGS-6 (USA-244)",Retired,,Success
1743,MHI,"LA-Y2, Tanegashima Space Center, Japan","Sat Aug 03, 2013 19:48 UTC",H-IIB | HTV-4,Retired,112.5,Success
1744,Roscosmos,"Site 31/6, Baikonur Cosmodrome, Kazakhstan","Sat Jul 27, 2013 20:45 UTC",Soyuz U | Progress M-20M,Retired,20.0,Success
1745,Arianespace,"ELA-3, Guiana Space Centre, French Guiana, France","Thu Jul 25, 2013 19:54 UTC",Ariane 5 ECA | Alphasat I-XL & INSAT-3D,Retired,200.0,Success
1746,CASC,"LC-9, Taiyuan Satellite Launch Center, China","Fri Jul 19, 2013 23:37 UTC","Long March 4C | Shijian-15, CX-3, Shiyan-7A & 7B",Active,64.68,Success
1747,ULA,"SLC-41, Cape Canaveral SFS, Florida, USA","Fri Jul 19, 2013 13:00 UTC",Atlas V 551 | MUOS-2,Active,153.0,Success
1748,CASC,"Site 9401 (SLS-2), Jiuquan Satellite Launch Center, China","Mon Jul 15, 2013 09:27 UTC",Long March 2C | Shijian-11 05,Active,30.8,Success
1749,Roscosmos,"Site 81/24, Baikonur Cosmodrome, Kazakhstan","Tue Jul 02, 2013 02:38 UTC","Proton-M/DM-3 | Cosmos 2488, 2489 & 2490",Active,65.0,Failure
1750,ISRO,"First Launch Pad, Satish Dhawan Space Centre, India","Mon Jul 01, 2013 18:11 UTC",PSLV-XL | IRNSS-1A,Active,31.0,Success
1751,Northrop,"Stargazer, Vandenberg SFB, California, USA","Fri Jun 28, 2013 02:27 UTC",Pegasus XL | IRIS,Active,40.0,Success
1752,VKS RF,"Site 175/59, Baikonur Cosmodrome, Kazakhstan","Thu Jun 27, 2013 16:53 UTC",Strela | Cosmos 2487,Retired,,Success
1753,Arianespace,"ELS, Guiana Space Centre, French Guiana, France","Tue Jun 25, 2013 19:27 UTC",Soyuz ST-B/Fregat-MT | O3b FM01-FM02/FM04-FM05,Active,30.0,Success
1754,VKS RF,"Site 31/6, Baikonur Cosmodrome, Kazakhstan","Tue Jun 25, 2013 17:28 UTC",Soyuz 2.1b | Resurs-P No.1,Active,20.0,Success
1755,CASC,"Site 901 (SLS-1), Jiuquan Satellite Launch Center, China","Tue Jun 11, 2013 09:38 UTC",Long March 2F/G | Shenzhou 10,Active,,Success
1756,VKS RF,"Site 43/4, Plesetsk Cosmodrome, Russia","Fri Jun 07, 2013 18:37 UTC",Soyuz 2.1b | Cosmos 2486,Active,20.0,Success
1757,Arianespace,"ELA-3, Guiana Space Centre, French Guiana, France","Wed Jun 05, 2013 21:52 UTC",Ariane 5 ES | ATV-4,Retired,,Success
1758,ILS,"Site 200/39, Baikonur Cosmodrome, Kazakhstan","Mon Jun 03, 2013 09:18 UTC",Proton-M/Briz-M | SES-6,Active,65.0,Success
1759,Roscosmos,"Site 1/5, Baikonur Cosmodrome, Kazakhstan","Tue May 28, 2013 20:31 UTC",Soyuz FG | Soyuz TMA-09M,Retired,,Success
1760,ULA,"SLC-37B, Cape Canaveral SFS, Florida, USA","Sat May 25, 2013 00:27 UTC","Delta IV Medium+ (5,4) | WGS-5 (USA-243)",Retired,,Success
1761,ULA,"SLC-41, Cape Canaveral SFS, Florida, USA","Wed May 15, 2013 21:38 UTC",Atlas V 401 | GPS IIF-4 (USA-242),Retired,109.0,Success
1762,ILS,"Site 200/39, Baikonur Cosmodrome, Kazakhstan","Tue May 14, 2013 16:01 UTC",Proton-M/Briz-M | Eutelsat 3D,Active,65.0,Success
1763,Arianespace,"ELV, Guiana Space Centre, French Guiana, France","Tue May 07, 2013 02:06 UTC","Vega | Proba-V, VNREDSat-1A & ESTCube-1",Retired,37.0,Success
1764,CASC,"LC-2, Xichang Satellite Launch Center, China","Wed May 01, 2013 16:06 UTC",Long March 3B/E | ChinaSat-11,Active,29.15,Success
1765,Virgin Galactic,"VMS Eve, Mojave Air and Space Port, California, USA","Mon Apr 29, 2013 15:02 UTC",SpaceShipTwo | PF01,Retired,,Success
1766,VKS RF,"Site 43/4, Plesetsk Cosmodrome, Russia","Fri Apr 26, 2013 05:23 UTC",Soyuz 2.1b/Fregat-M | Cosmos 2485,Active,25.0,Success
1767,CASC,"Site 9401 (SLS-2), Jiuquan Satellite Launch Center, China","Fri Apr 26, 2013 04:13 UTC","Long March 2D | Gaofen-1, Türksat-3USat & Others",Active,29.75,Success
1768,Roscosmos,"Site 1/5, Baikonur Cosmodrome, Kazakhstan","Wed Apr 24, 2013 10:12 UTC",Soyuz U | Progress M-19M,Retired,20.0,Success
1769,Northrop,"LP-0A, Wallops Flight Facility, Virginia, USA","Sun Apr 21, 2013 21:00 UTC",Antares 110 | Antares A-ONE (CMS & Others),Retired,80.0,Success
1770,Roscosmos,"Site 31/6, Baikonur Cosmodrome, Kazakhstan","Fri Apr 19, 2013 10:00 UTC",Soyuz 2.1a | Bion-M n°01,Active,17.42,Success
1771,ILS,"Site 200/39, Baikonur Cosmodrome, Kazakhstan","Mon Apr 15, 2013 18:35 UTC",Proton-M/Briz-M | Anik G1,Active,65.0,Success
1772,Roscosmos,"Site 1/5, Baikonur Cosmodrome, Kazakhstan","Thu Mar 28, 2013 20:43 UTC",Soyuz FG | Soyuz TMA-08M,Retired,,Success
1773,ILS,"Site 200/39, Baikonur Cosmodrome, Kazakhstan","Tue Mar 26, 2013 19:06 UTC",Proton-M/Briz-M | Satmex 8,Active,65.0,Success
1774,ULA,"SLC-41, Cape Canaveral SFS, Florida, USA","Tue Mar 19, 2013 21:21 UTC",Atlas V 401 | SBIRS GEO-2,Retired,109.0,Success
1775,SpaceX,"SLC-40, Cape Canaveral SFS, Florida, USA","Fri Mar 01, 2013 15:10 UTC",Falcon 9 Block 1 (v1.0) | CRS SpX-2,Retired,59.5,Success
1776,ISRO,"First Launch Pad, Satish Dhawan Space Centre, India","Mon Feb 25, 2013 12:31 UTC",PSLV-CA | SARAL & Rideshares,Active,21.0,Success
1777,ULA,"SLC-3E, Vandenberg SFB, California, USA","Mon Feb 11, 2013 18:02 UTC",Atlas V 401 | Landsat 8,Retired,109.0,Success
1778,Roscosmos,"Site 1/5, Baikonur Cosmodrome, Kazakhstan","Mon Feb 11, 2013 14:41 UTC",Soyuz U | Progress M-18M,Retired,20.0,Success
1779,Arianespace,"ELA-3, Guiana Space Centre, French Guiana, France","Thu Feb 07, 2013 21:36 UTC",Ariane 5 ECA | Amazonas-3 & Azerspace-1,Retired,200.0,Success
1780,Starsem,"Site 31/6, Baikonur Cosmodrome, Kazakhstan","Wed Feb 06, 2013 16:04 UTC","Soyuz 2.1a/Fregat | Globalstar-2 M079, 74, 76, 77, 75 & 73",Active,23.0,Success
1781,Sea Launch,"LP Odyssey, Kiritimati Launch Area, Pacific Ocean","Fri Feb 01, 2013 06:55 UTC",Zenit-3 SL | Intelsat 27,Retired,,Failure
1782,ULA,"SLC-41, Cape Canaveral SFS, Florida, USA","Thu Jan 31, 2013 01:48 UTC",Atlas V 401 | TDRS-K,Retired,109.0,Success
1783,KARI,"LC-1, Naro Space Center, South Korea","Wed Jan 30, 2013 07:00 UTC",KSLV-1 | STSAT-2C,Retired,,Success
1784,MHI,"LA-Y1, Tanegashima Space Center, Japan","Sun Jan 27, 2013 04:40 UTC",H-IIA 202 | IGS-Optical 5V & IGS-Radar 4,Active,90.0,Success
1785,VKS RF,"Site 133/3, Plesetsk Cosmodrome, Russia","Tue Jan 15, 2013 16:24 UTC",Rokot/Briz KM | Cosmos 2482 to 2484,Retired,13.0,Partial Failure
1786,Arianespace,"ELA-3, Guiana Space Centre, French Guiana, France","Wed Dec 19, 2012 21:49 UTC",Ariane 5 ECA | Skynet 5D & Mexsat-3,Retired,200.0,Success
1787,Roscosmos,"Site 1/5, Baikonur Cosmodrome, Kazakhstan","Wed Dec 19, 2012 12:12 UTC",Soyuz FG | Soyuz TMA-07M,Retired,,Success
1788,CASC,"Site 9401 (SLS-2), Jiuquan Satellite Launch Center, China","Tue Dec 18, 2012 16:13 UTC",Long March 2D | Göktürk-2,Active,29.75,Success
1789,KCST,"Pad 1, Sohae Satellite Launching Station, North Korea","Wed Dec 12, 2012 00:49 UTC",Unha 3 | Kwangmyŏngsŏng 3 n°2,Active,,Success
1790,ULA,"SLC-41, Cape Canaveral SFS, Florida, USA","Tue Dec 11, 2012 18:03 UTC",Atlas V 501 | OTV-3,Retired,120.0,Success
1791,ILS,"Site 200/39, Baikonur Cosmodrome, Kazakhstan","Sat Dec 08, 2012 13:13 UTC",Proton-M/Briz-M | Yamal 402,Active,65.0,Partial Failure
1792,Sea Launch,"LP Odyssey, Kiritimati Launch Area, Pacific Ocean","Mon Dec 03, 2012 20:43 UTC",Zenit-3 SL | Eutelsat-70B,Retired,,Success
1793,Arianespace,"ELS, Guiana Space Centre, French Guiana, France","Sun Dec 02, 2012 02:02 UTC",Soyuz ST-A/Fregat | Pléiades 1B,Active,30.0,Success
1794,CASC,"LC-2, Xichang Satellite Launch Center, China","Tue Nov 27, 2012 10:13 UTC",Long March 3B/E | ChinaSat-12,Active,29.15,Success
1795,CASC,"Site 9401 (SLS-2), Jiuquan Satellite Launch Center, China","Sun Nov 25, 2012 04:06 UTC","Long March 4C | Yaogan-16 1, 2 & 3",Active,64.68,Success
1796,ILS,"Site 200/39, Baikonur Cosmodrome, Kazakhstan","Tue Nov 20, 2012 18:30 UTC",Proton-M/Briz-M | EchoStar XVI,Active,65.0,Success
1797,CASC,"LC-9, Taiyuan Satellite Launch Center, China","Sun Nov 18, 2012 22:53 UTC","Long March 2C | Huanjing-1C, Xinyan 1 & FN 1/1A",Active,30.8,Success
1798,VKS RF,"Site 43/4, Plesetsk Cosmodrome, Russia","Wed Nov 14, 2012 11:42 UTC",Soyuz 2.1a/Fregat-M | Meridian n°16L,Active,23.0,Success
1799,Arianespace,"ELA-3, Guiana Space Centre, French Guiana, France","Sat Nov 10, 2012 21:05 UTC",Ariane 5 ECA | Eutelsat 21B & Star One C3,Retired,200.0,Success
1800,Roscosmos,"Site 81/24, Baikonur Cosmodrome, Kazakhstan","Fri Nov 02, 2012 21:03 UTC",Proton-M/Briz-M | Yamal-300K & Lutch-5B,Active,65.0,Success
1801,Roscosmos,"Site 1/5, Baikonur Cosmodrome, Kazakhstan","Wed Oct 31, 2012 07:41 UTC",Soyuz U | Progress M-17M,Retired,20.0,Success
1802,CASC,"LC-2, Xichang Satellite Launch Center, China","Thu Oct 25, 2012 15:33 UTC",Long March 3C | Beidou-2 G6,Retired,20.14,Success
1803,Roscosmos,"Site 31/6, Baikonur Cosmodrome, Kazakhstan","Tue Oct 23, 2012 10:51 UTC",Soyuz FG | Soyuz TMA-06M,Retired,,Success
1804,ILS,"Site 81/24, Baikonur Cosmodrome, Kazakhstan","Sun Oct 14, 2012 08:36 UTC",Proton-M/Briz-M | Intelsat 23,Active,65.0,Success
1805,CASC,"LC-9, Taiyuan Satellite Launch Center, China","Sun Oct 14, 2012 03:25 UTC",Long March 2C/SMA | Shijian-9A & 9B,Retired,30.8,Success
1806,Arianespace,"ELS, Guiana Space Centre, French Guiana, France","Fri Oct 12, 2012 18:15 UTC",Soyuz ST-B/Fregat-MT | Galileo IOV FM03-FM04,Active,30.0,Success
1807,SpaceX,"SLC-40, Cape Canaveral SFS, Florida, USA","Mon Oct 08, 2012 00:35 UTC",Falcon 9 Block 1 (v1.0) | CRS SpX-1 & OG2,Retired,59.5,Partial Failure
1808,ULA,"SLC-37B, Cape Canaveral SFS, Florida, USA","Thu Oct 04, 2012 12:10 UTC","Delta IV Medium+ (4,2) | GPS IIF-3 (USA-239)",Retired,164.0,Success
1809,CASC,"Site 9401 (SLS-2), Jiuquan Satellite Launch Center, China","Sat Sep 29, 2012 04:12 UTC",Long March 2D | VRSS-1,Active,29.75,Success
1810,Arianespace,"ELA-3, Guiana Space Centre, French Guiana, France","Fri Sep 28, 2012 21:18 UTC",Ariane 5 ECA | Astra 2F & GSAT-10,Retired,200.0,Success
1811,ISA,"Safir Launch Pad, Semnan Space Center, Iran","Sat Sep 22, 2012",Safir-1B+ | Fajr,Active,,Failure
1812,CASC,"LC-2, Xichang Satellite Launch Center, China","Tue Sep 18, 2012 19:10 UTC",Long March 3B/E | Beidou-2 M5 & M6,Active,29.15,Success
1813,Starsem,"Site 31/6, Baikonur Cosmodrome, Kazakhstan","Mon Sep 17, 2012 16:28 UTC",Soyuz 2.1a/Fregat | MetOp-B,Active,23.0,Success
1814,ULA,"SLC-3E, Vandenberg SFB, California, USA","Thu Sep 13, 2012 21:39 UTC",Atlas V 401 | NOSS-3 6A & 6B (USA-238) (NROL-36),Retired,109.0,Success
1815,ISRO,"First Launch Pad, Satish Dhawan Space Centre, India","Sun Sep 09, 2012 04:23 UTC","PSLV-CA | SPOT-6, mRESINS & PROITERES",Active,21.0,Success
1816,ULA,"SLC-41, Cape Canaveral SFS, Florida, USA","Thu Aug 30, 2012 08:05 UTC",Atlas V 401 | Van Allen Probes (RBSP),Retired,109.0,Success
1817,Sea Launch,"LP Odyssey, Kiritimati Launch Area, Pacific Ocean","Sun Aug 19, 2012 06:54 UTC",Zenit-3 SL | Intelsat 21,Retired,,Success
1818,Roscosmos,"Site 81/24, Baikonur Cosmodrome, Kazakhstan","Mon Aug 06, 2012 19:31 UTC",Proton-M/Briz-M | Telkom-3 & Ekspress MD-2,Active,65.0,Failure
1819,Arianespace,"ELA-3, Guiana Space Centre, French Guiana, France","Thu Aug 02, 2012 20:54 UTC",Ariane 5 ECA | Intelsat 20 & HYLAS 2,Retired,200.0,Success
1820,Roscosmos,"Site 1/5, Baikonur Cosmodrome, Kazakhstan","Wed Aug 01, 2012 19:35 UTC",Soyuz U | Progress M-16M,Retired,20.0,Success
1821,VKS RF,"Site 133/3, Plesetsk Cosmodrome, Russia","Sat Jul 28, 2012 01:35 UTC","Rokot/Briz KM | Cosmos 2481, Goniets-M n°13L & 15L",Retired,13.0,Success
1822,CASC,"LC-2, Xichang Satellite Launch Center, China","Wed Jul 25, 2012 15:43 UTC",Long March 3C | Tianlian 1C,Retired,20.14,Success
1823,Roscosmos,"Site 31/6, Baikonur Cosmodrome, Kazakhstan","Sun Jul 22, 2012 06:41 UTC","Soyuz FG/Fregat | Kanopuss-V n°01, Zond-PP & Others",Retired,,Success
1824,MHI,"LA-Y2, Tanegashima Space Center, Japan","Sat Jul 21, 2012 02:06 UTC",H-IIB | HTV-3,Retired,112.5,Success
1825,Roscosmos,"Site 1/5, Baikonur Cosmodrome, Kazakhstan","Sun Jul 15, 2012 02:40 UTC",Soyuz FG | Soyuz TMA-05M,Retired,,Success
1826,ILS,"Site 81/24, Baikonur Cosmodrome, Kazakhstan","Mon Jul 09, 2012 18:38 UTC",Proton-M/Briz-M | SES-5,Active,65.0,Success
1827,Arianespace,"ELA-3, Guiana Space Centre, French Guiana, France","Thu Jul 05, 2012 21:36 UTC",Ariane 5 ECA | EchoStar XVII & MSG-3,Retired,200.0,Success
1828,ULA,"SLC-37B, Cape Canaveral SFS, Florida, USA","Fri Jun 29, 2012 13:15 UTC",Delta IV Heavy | Orion 8 (USA-237) (NROL-15),Retired,350.0,Success
1829,ULA,"SLC-41, Cape Canaveral SFS, Florida, USA","Wed Jun 20, 2012 12:28 UTC",Atlas V 401 | Quasar-18 (USA-236) (NROL-38),Retired,109.0,Success
1830,CASC,"Site 901 (SLS-1), Jiuquan Satellite Launch Center, China","Sat Jun 16, 2012 10:37 UTC",Long March 2F/G | Shenzhou 9,Active,,Success
1831,Northrop,"Stargazer, Ronald Reagan Ballistic Missile Defense Test Site, Marshall Islands","Wed Jun 13, 2012 16:00 UTC",Pegasus XL | NuSTAR,Active,40.0,Success
1832,Sea Launch,"LP Odyssey, Kiritimati Launch Area, Pacific Ocean","Fri Jun 01, 2012 05:22 UTC",Zenit-3 SL | Intelsat 19,Retired,,Success
1833,CASC,"LC-9, Taiyuan Satellite Launch Center, China","Tue May 29, 2012 07:31 UTC",Long March 4C | Yaogan 15,Active,64.68,Success
1834,CASC,"LC-2, Xichang Satellite Launch Center, China","Sat May 26, 2012 15:56 UTC",Long March 3B/E | ChinaSat-2A,Active,29.15,Success
1835,ISA,"Safir Launch Pad, Semnan Space Center, Iran","Wed May 23, 2012",Safir-1B+ | Fajr,Active,,Failure
1836,SpaceX,"SLC-40, Cape Canaveral SFS, Florida, USA","Tue May 22, 2012 07:44 UTC",Falcon 9 Block 1 (v1.0) | COTS-2+,Retired,59.5,Success
1837,ILS,"Site 81/24, Baikonur Cosmodrome, Kazakhstan","Thu May 17, 2012 19:12 UTC",Proton-M/Briz-M | Nimiq 6,Active,65.0,Success
1838,MHI,"LA-Y1, Tanegashima Space Center, Japan","Thu May 17, 2012 16:39 UTC","H-IIA 202 | Shizuku, KOMPSAT 3 & Others",Active,90.0,Success
1839,VKS RF,"Site 16/2, Plesetsk Cosmodrome, Russia","Thu May 17, 2012 14:05 UTC",Soyuz U | Cosmos 2480,Retired,20.0,Success
1840,Arianespace,"ELA-3, Guiana Space Centre, French Guiana, France","Tue May 15, 2012 22:13 UTC",Ariane 5 ECA | JCSAT-13 & Vinasat-2,Retired,200.0,Success
1841,Roscosmos,"Site 1/5, Baikonur Cosmodrome, Kazakhstan","Tue May 15, 2012 03:01 UTC",Soyuz FG | Soyuz TMA-04M,Retired,,Success
1842,CASC,"LC-9, Taiyuan Satellite Launch Center, China","Thu May 10, 2012 07:06 UTC",Long March 4B | Yaogan 14 & Tiantuo-1,Active,64.68,Success
1843,CASC,"Site 9401 (SLS-2), Jiuquan Satellite Launch Center, China","Sun May 06, 2012 07:10 UTC",Long March 2D | Tianhui-1B,Active,29.75,Success
1844,ULA,"SLC-41, Cape Canaveral SFS, Florida, USA","Fri May 04, 2012 18:42 UTC",Atlas V 531 | AEHF-2,Retired,140.0,Success
1845,CASC,"LC-2, Xichang Satellite Launch Center, China","Sun Apr 29, 2012 20:50 UTC",Long March 3B/E | Beidou-2 M3 & M4,Active,29.15,Success
1846,ISRO,"First Launch Pad, Satish Dhawan Space Centre, India","Thu Apr 26, 2012 00:17 UTC",PSLV-XL | RISAT-1,Active,31.0,Success
1847,ILS,"Site 200/39, Baikonur Cosmodrome, Kazakhstan","Mon Apr 23, 2012 22:18 UTC",Proton-M/Briz-M | YahSat-1B,Active,65.0,Success
1848,Roscosmos,"Site 31/6, Baikonur Cosmodrome, Kazakhstan","Fri Apr 20, 2012 12:50 UTC",Soyuz U | Progress M-15M,Retired,20.0,Success
1849,KCST,"Pad 1, Sohae Satellite Launching Station, North Korea","Thu Apr 12, 2012 22:38 UTC",Unha 3 | Kwangmyŏngsŏng 3,Active,,Failure
1850,ULA,"SLC-6, Vandenberg SFB, California, USA","Tue Apr 03, 2012 23:12 UTC","Delta IV Medium+ (5,2) | Topaz 2 (USA-234) (NROL-25)",Retired,,Success
1851,CASC,"LC-2, Xichang Satellite Launch Center, China","Sat Mar 31, 2012 10:27 UTC",Long March 3B/E | Apstar-7,Active,29.15,Success
1852,Roscosmos,"Site 81/24, Baikonur Cosmodrome, Kazakhstan","Fri Mar 30, 2012 05:49 UTC",Proton K/Block-DM-2 | Cosmos 2479,Retired,,Success
1853,ILS,"Site 200/39, Baikonur Cosmodrome, Kazakhstan","Sun Mar 25, 2012 12:10 UTC",Proton-M/Briz-M | Intelsat 22,Active,65.0,Success
1854,Arianespace,"ELA-3, Guiana Space Centre, French Guiana, France","Fri Mar 23, 2012 04:34 UTC",Ariane 5 ES | ATV-3,Retired,,Success
1855,ULA,"SLC-41, Cape Canaveral SFS, Florida, USA","Fri Feb 24, 2012 22:15 UTC",Atlas V 551 | MUOS-1,Active,153.0,Success
1856,CASC,"LC-2, Xichang Satellite Launch Center, China","Fri Feb 24, 2012 16:12 UTC",Long March 3C | Beidou-2 G5,Retired,20.14,Success
1857,ILS,"Site 200/39, Baikonur Cosmodrome, Kazakhstan","Tue Feb 14, 2012 19:36 UTC",Proton-M/Briz-M | SES-4,Active,65.0,Success
1858,ESA,"ELV, Guiana Space Centre, French Guiana, France","Mon Feb 13, 2012 10:00 UTC","Vega | Lares, AlmaSat-1 & Others",Retired,37.0,Success
1859,ISA,"Safir Launch Pad, Semnan Space Center, Iran","Fri Feb 03, 2012 00:00 UTC",Safir-1B | Navid,Retired,,Success
1860,Roscosmos,"Site 1/5, Baikonur Cosmodrome, Kazakhstan","Wed Jan 25, 2012 23:06 UTC",Soyuz U | Progress M-14M,Retired,20.0,Success
1861,ULA,"SLC-37B, Cape Canaveral SFS, Florida, USA","Fri Jan 20, 2012 00:38 UTC","Delta IV Medium+ (5,4) | WGS-4 (USA-233)",Retired,,Success
1862,CASC,"LC-3, Xichang Satellite Launch Center, China","Fri Jan 13, 2012 00:56 UTC",Long March 3A | Fengyun-2F,Retired,69.7,Success
1863,CASC,"LC-9, Taiyuan Satellite Launch Center, China","Mon Jan 09, 2012 03:17 UTC",Long March 4B | Ziyuan-3 01 & VesselSat-2,Active,64.68,Success
1864,Starsem,"Site 31/6, Baikonur Cosmodrome, Kazakhstan","Wed Dec 28, 2011 17:09 UTC","Soyuz 2.1a/Fregat | Globalstar-2 M083, 88, 91, 85, 81 & 89",Active,23.0,Success
1865,VKS RF,"Site 43/4, Plesetsk Cosmodrome, Russia","Fri Dec 23, 2011 12:08 UTC",Soyuz 2.1b/Fregat-M | Meridian n°15L,Active,25.0,Failure
1866,CASC,"LC-9, Taiyuan Satellite Launch Center, China","Thu Dec 22, 2011 03:26 UTC",Long March 4B | Ziyuan-1 02C,Active,64.68,Success
1867,Roscosmos,"Site 1/5, Baikonur Cosmodrome, Kazakhstan","Wed Dec 21, 2011 13:16 UTC",Soyuz FG | Soyuz TMA-03M,Retired,,Success
1868,CASC,"LC-2, Xichang Satellite Launch Center, China","Mon Dec 19, 2011 16:41 UTC",Long March 3B/E | NIGCOMSAT-1R,Active,29.15,Success
1869,Arianespace,"ELS, Guiana Space Centre, French Guiana, France","Sat Dec 17, 2011 02:03 UTC","Soyuz ST-A/Fregat | Pléiades 1A, SSOT, Elisa",Active,30.0,Success
1870,MHI,"LA-Y1, Tanegashima Space Center, Japan","Mon Dec 12, 2011 01:21 UTC",H-IIA 202 | IGS-Radar 3,Active,90.0,Success
1871,Roscosmos,"Site 81/24, Baikonur Cosmodrome, Kazakhstan","Sun Dec 11, 2011 11:16 UTC",Proton-M/Briz-M | AMOS 5 & Luch-5A,Active,65.0,Success
1872,CASC,"LC-3, Xichang Satellite Launch Center, China","Thu Dec 01, 2011 21:07 UTC",Long March 3A | Beidou-2 I5,Retired,69.7,Success
1873,CASC,"LC-9, Taiyuan Satellite Launch Center, China","Tue Nov 29, 2011 18:50 UTC",Long March 2C | Yaogan 13,Active,30.8,Success
1874,VKS RF,"Site 43/4, Plesetsk Cosmodrome, Russia","Mon Nov 28, 2011 08:25 UTC",Soyuz 2.1b/Fregat-M | Cosmos 2478,Active,25.0,Success
1875,ULA,"SLC-41, Cape Canaveral SFS, Florida, USA","Sat Nov 26, 2011 15:02 UTC",Atlas V 541 | Curiosity,Retired,145.0,Success
1876,ILS,"Site 200/39, Baikonur Cosmodrome, Kazakhstan","Fri Nov 25, 2011 19:10 UTC",Proton-M/Briz-M | AsiaSat 7,Active,65.0,Success
1877,CASC,"Site 9401 (SLS-2), Jiuquan Satellite Launch Center, China","Sun Nov 20, 2011 00:15 UTC",Long March 2D | Shiyan-4 & Chuangxin-1 03,Active,29.75,Success
1878,Roscosmos,"Site 1/5, Baikonur Cosmodrome, Kazakhstan","Mon Nov 14, 2011 04:14 UTC",Soyuz FG | Soyuz TMA-22,Retired,,Success
1879,CASC,"LC-9, Taiyuan Satellite Launch Center, China","Wed Nov 09, 2011 03:21 UTC",Long March 4B | Yaogan 12 & Tianxun-1,Active,64.68,Success
1880,Roscosmos,"Site 45/1, Baikonur Cosmodrome, Kazakhstan","Tue Nov 08, 2011 20:16 UTC",Zenit-2 FG | Fobos-Grunt & Yinghuo 1,Retired,,Success
1881,Roscosmos,"Site 81/24, Baikonur Cosmodrome, Kazakhstan","Fri Nov 04, 2011 12:51 UTC","Proton-M/Briz-M | Cosmos 2475, 2476 & 2477",Active,65.0,Success
1882,CASC,"Site 901 (SLS-1), Jiuquan Satellite Launch Center, China","Mon Oct 31, 2011 21:58 UTC",Long March 2F/G | Shenzhou 8,Active,,Success
1883,Roscosmos,"Site 1/5, Baikonur Cosmodrome, Kazakhstan","Sun Oct 30, 2011 10:11 UTC",Soyuz U | Progress M-13M,Retired,20.0,Success
1884,ULA,"SLC-2W, Vandenberg SFB, California, USA","Fri Oct 28, 2011 09:48 UTC",Delta II 7920-10C | Suomi NPP / ELaNa III,Retired,,Success
1885,Arianespace,"ELS, Guiana Space Centre, French Guiana, France","Fri Oct 21, 2011 10:30 UTC",Soyuz ST-B/Fregat-MT | Galileo IOV FM01-FM02,Active,30.0,Success
1886,ILS,"Site 200/39, Baikonur Cosmodrome, Kazakhstan","Wed Oct 19, 2011 18:48 UTC",Proton-M/Briz-M | ViaSat-1,Active,65.0,Success
1887,ISRO,"First Launch Pad, Satish Dhawan Space Centre, India","Wed Oct 12, 2011 05:31 UTC",PSLV-CA | Megha-Tropiques & Others,Active,21.0,Success
1888,CASC,"LC-2, Xichang Satellite Launch Center, China","Fri Oct 07, 2011 08:21 UTC",Long March 3B/E | Eutelsat W3C,Active,29.15,Success
1889,Land Launch,"Site 45/1, Baikonur Cosmodrome, Kazakhstan","Wed Oct 05, 2011 21:00 UTC",Zenit-3 SLB | Intelsat 18,Retired,,Success
1890,VKS RF,"Site 43/4, Plesetsk Cosmodrome, Russia","Sun Oct 02, 2011 20:15 UTC",Soyuz 2.1b/Fregat-M | Cosmos 2474,Active,25.0,Success
1891,ILS,"Site 200/39, Baikonur Cosmodrome, Kazakhstan","Thu Sep 29, 2011 18:31 UTC",Proton-M/Briz-M | QuetzSat-1,Active,65.0,Success
1892,CASC,"Site 901 (SLS-1), Jiuquan Satellite Launch Center, China","Thu Sep 29, 2011 13:16 UTC",Long March 2F/T | Tiangong-1,Active,,Success
1893,Northrop,"LP-1, Pacific Spaceport Complex, Kodiak, Alaska, USA","Tue Sep 27, 2011 15:49 UTC",Minotaur IV | TacSat-4,Active,46.0,Success
1894,Sea Launch,"LP Odyssey, Kiritimati Launch Area, Pacific Ocean","Sat Sep 24, 2011 20:17 UTC",Zenit-3 SL | Atlantic Bird 7,Retired,,Success
1895,MHI,"LA-Y1, Tanegashima Space Center, Japan","Fri Sep 23, 2011 04:36 UTC",H-IIA 202 | IGS-Optical 4,Active,90.0,Success
1896,Arianespace,"ELA-3, Guiana Space Centre, French Guiana, France","Wed Sep 21, 2011 21:38 UTC",Ariane 5 ECA | Arabsat-5C & SES-2,Retired,200.0,Success
1897,Roscosmos,"Site 81/24, Baikonur Cosmodrome, Kazakhstan","Tue Sep 20, 2011 22:47 UTC",Proton-M/Briz-M | Cosmos 2473,Active,65.0,Success
1898,CASC,"LC-2, Xichang Satellite Launch Center, China","Sun Sep 18, 2011 16:33 UTC",Long March 3B/E | ChinaSat-1A,Active,29.15,Success
1899,ULA,"SLC-17B, Cape Canaveral SFS, Florida, USA","Sat Sep 10, 2011 13:08 UTC",Delta II 7920H-10C | GRAIL,Retired,,Success
1900,Roscosmos,"Site 1/5, Baikonur Cosmodrome, Kazakhstan","Wed Aug 24, 2011 13:00 UTC",Soyuz U | Progress M-12M,Retired,20.0,Failure
1901,CASC,"Site 9401 (SLS-2), Jiuquan Satellite Launch Center, China","Thu Aug 18, 2011 09:28 UTC",Long March 2C | Shijian-11 04,Active,30.8,Failure
1902,Roscosmos,"Site 200/39, Baikonur Cosmodrome, Kazakhstan","Wed Aug 17, 2011 21:25 UTC",Proton-M/Briz-M | Ekspress AM4,Active,65.0,Failure
1903,Kosmotras,"Site 370/13, Yasny Cosmodrome, Russia","Wed Aug 17, 2011 07:12 UTC",Dnepr | Sich 2 & Others,Retired,29.0,Success
1904,CASC,"LC-9, Taiyuan Satellite Launch Center, China","Mon Aug 15, 2011 22:57 UTC",Long March 4B | Haiyang-2A,Active,64.68,Success
1905,CASC,"LC-2, Xichang Satellite Launch Center, China","Thu Aug 11, 2011 16:15 UTC",Long March 3B/E | PAKSAT-1R,Active,29.15,Success
1906,Arianespace,"ELA-3, Guiana Space Centre, French Guiana, France","Sat Aug 06, 2011 22:52 UTC",Ariane 5 ECA | Astra 1N & BSAT-3C,Retired,200.0,Success
1907,ULA,"SLC-41, Cape Canaveral SFS, Florida, USA","Fri Aug 05, 2011 16:25 UTC",Atlas V 551 | Juno,Active,153.0,Success
1908,CASC,"Site 9401 (SLS-2), Jiuquan Satellite Launch Center, China","Fri Jul 29, 2011 07:42 UTC",Long March 2C | Shijian-11 02,Active,30.8,Success
1909,CASC,"LC-3, Xichang Satellite Launch Center, China","Tue Jul 26, 2011 21:44 UTC",Long March 3A | Beidou-2 I4,Retired,69.7,Success
1910,Roscosmos,"Site 45/1, Baikonur Cosmodrome, Kazakhstan","Mon Jul 18, 2011 02:31 UTC",Zenit-3 SLBF | Spektr-R,Retired,,Success
1911,ULA,"SLC-37B, Cape Canaveral SFS, Florida, USA","Sat Jul 16, 2011 06:41 UTC","Delta IV Medium+ (4,2) | GPS IIF-2 (USA-232)",Retired,164.0,Success
1912,ILS,"Site 200/39, Baikonur Cosmodrome, Kazakhstan","Fri Jul 15, 2011 23:16 UTC",Proton-M/Briz-M | SES-3 & KazSat-2,Active,65.0,Success
1913,ISRO,"Second Launch Pad, Satish Dhawan Space Centre, India","Fri Jul 15, 2011 11:18 UTC",PSLV-XL | GSAT-12,Active,31.0,Success
1914,Starsem,"Site 31/6, Baikonur Cosmodrome, Kazakhstan","Wed Jul 13, 2011 02:27 UTC","Soyuz 2.1a/Fregat | Globalstar-2 M084, 80, 86, 82, 92 & 90",Active,23.0,Success
1915,CASC,"LC-2, Xichang Satellite Launch Center, China","Mon Jul 11, 2011 15:41 UTC",Long March 3C | Tianlian 1B,Retired,20.14,Success
1916,NASA,"LC-39A, Kennedy Space Center, Florida, USA","Fri Jul 08, 2011 15:29 UTC",Space Shuttle Atlantis | STS-135,Retired,450.0,Success
1917,CASC,"Site 9401 (SLS-2), Jiuquan Satellite Launch Center, China","Wed Jul 06, 2011 04:28 UTC",Long March 2C | Shijian-11 03,Active,30.8,Success
1918,Northrop,"LP-0B, Wallops Flight Facility, Virginia, USA","Thu Jun 30, 2011 03:09 UTC",Minotaur I | ORS-1,Active,40.0,Success
1919,VKS RF,"Site 16/2, Plesetsk Cosmodrome, Russia","Mon Jun 27, 2011 15:59 UTC",Soyuz U | Cosmos 2472,Retired,20.0,Success
1920,Roscosmos,"Site 1/5, Baikonur Cosmodrome, Kazakhstan","Tue Jun 21, 2011 14:38 UTC",Soyuz U | Progress M-11M,Retired,20.0,Success
1921,CASC,"LC-2, Xichang Satellite Launch Center, China","Mon Jun 20, 2011 16:13 UTC",Long March 3B/E | ChinaSat-10,Active,29.15,Success
1922,ISA,"Safir Launch Pad, Semnan Space Center, Iran","Wed Jun 15, 2011 09:15 UTC",Safir-1A | Rasad 1,Retired,,Success
1923,ULA,"SLC-2W, Vandenberg SFB, California, USA","Fri Jun 10, 2011 14:20 UTC",Delta II 7320-10C | SAC-D,Retired,,Success
1924,Roscosmos,"Site 1/5, Baikonur Cosmodrome, Kazakhstan","Tue Jun 07, 2011 20:12 UTC",Soyuz FG | Soyuz TMA-02M,Retired,,Success
1925,Arianespace,"ELA-3, Guiana Space Centre, French Guiana, France","Fri May 20, 2011 20:38 UTC",Ariane 5 ECA | ST-2 & GSAT-8,Retired,200.0,Success
1926,ILS,"Site 200/39, Baikonur Cosmodrome, Kazakhstan","Fri May 20, 2011 19:15 UTC",Proton-M/Briz-M | Telstar 14R,Active,65.0,Success
1927,NASA,"LC-39A, Kennedy Space Center, Florida, USA","Mon May 16, 2011 12:56 UTC",Space Shuttle Endeavour | STS-134,Retired,450.0,Success
1928,ULA,"SLC-41, Cape Canaveral SFS, Florida, USA","Sat May 07, 2011 18:10 UTC",Atlas V 401 | SBIRS GEO-1,Retired,109.0,Success
1929,VKS RF,"Site 43/4, Plesetsk Cosmodrome, Russia","Wed May 04, 2011 17:41 UTC",Soyuz 2.1a/Fregat-M | Meridian n°14L,Active,23.0,Success
1930,Roscosmos,"Site 1/5, Baikonur Cosmodrome, Kazakhstan","Wed Apr 27, 2011 13:05 UTC",Soyuz U | Progress M-10M,Retired,20.0,Success
1931,Arianespace,"ELA-3, Guiana Space Centre, French Guiana, France","Fri Apr 22, 2011 21:37 UTC",Ariane 5 ECA | Yahsat 1A & Intelsat 28,Retired,200.0,Success
1932,ISRO,"First Launch Pad, Satish Dhawan Space Centre, India","Wed Apr 20, 2011 04:42 UTC","PSLV-G | ResourceSat-2, X-Sat & YouthSat",Retired,25.0,Success
1933,ULA,"SLC-3E, Vandenberg SFB, California, USA","Fri Apr 15, 2011 04:24 UTC",Atlas V 411 | NOSS-3 5A & 5B (USA-229) (NROL-34),Retired,115.0,Success
1934,CASC,"LC-3, Xichang Satellite Launch Center, China","Sat Apr 09, 2011 20:47 UTC",Long March 3A | Beidou-2 I3,Retired,69.7,Success
1935,Roscosmos,"Site 1/5, Baikonur Cosmodrome, Kazakhstan","Mon Apr 04, 2011 22:18 UTC",Soyuz FG | Soyuz TMA-21,Retired,,Success
1936,ULA,"SLC-37B, Cape Canaveral SFS, Florida, USA","Fri Mar 11, 2011 23:38 UTC","Delta IV Medium+ (4,2) | Quasar-17 (USA-227) (NROL-27)",Retired,164.0,Success
1937,ULA,"SLC-41, Cape Canaveral SFS, Florida, USA","Sat Mar 05, 2011 22:46 UTC",Atlas V 501 | OTV-2,Retired,120.0,Success
1938,Northrop,"SLC-576E, Vandenberg SFB, California, USA","Fri Mar 04, 2011 10:09 UTC","Minotaur C (Taurus) | Glory, KySat-1, Hermes, and Explorer-1 [PRIME]",Active,45.0,Failure
1939,VKS RF,"Site 43/4, Plesetsk Cosmodrome, Russia","Sat Feb 26, 2011 03:07 UTC",Soyuz 2.1b/Fregat-M | Cosmos 2471,Active,25.0,Success
1940,NASA,"LC-39A, Kennedy Space Center, Florida, USA","Thu Feb 24, 2011 21:53 UTC",Space Shuttle Discovery | STS-133,Retired,450.0,Success
1941,Arianespace,"ELA-3, Guiana Space Centre, French Guiana, France","Wed Feb 16, 2011 21:51 UTC",Ariane 5 ES | ATV-2,Retired,,Success
1942,Northrop,"SLC-8, Vandenberg SFB, California, USA","Sun Feb 06, 2011 12:26 UTC",Minotaur I | RPP (USA-225) (NROL-66),Active,40.0,Success
1943,VKS RF,"Site 133/3, Plesetsk Cosmodrome, Russia","Tue Feb 01, 2011 14:00 UTC",Rokot/Briz KM | Cosmos 2470,Retired,13.0,Partial Failure
1944,Roscosmos,"Site 1/5, Baikonur Cosmodrome, Kazakhstan","Fri Jan 28, 2011 01:31 UTC",Soyuz U | Progress M-09M,Retired,20.0,Success
1945,MHI,"LA-Y2, Tanegashima Space Center, Japan","Sat Jan 22, 2011 05:37 UTC",H-IIB | HTV-2,Retired,112.5,Success
1946,ULA,"SLC-6, Vandenberg SFB, California, USA","Thu Jan 20, 2011 21:10 UTC",Delta IV Heavy | KH-11 15 (Crystal 15) (USA-224) (NROL-49),Retired,350.0,Success
1947,Roscosmos,"Site 45/1, Baikonur Cosmodrome, Kazakhstan","Thu Jan 20, 2011 12:29 UTC",Zenit-3 SLBF | Elektro-L n°1,Retired,,Success
1948,Arianespace,"ELA-3, Guiana Space Centre, French Guiana, France","Wed Dec 29, 2010 21:27 UTC",Ariane 5 ECA | Koreasat 6 & Hispasat-1E,Retired,200.0,Success
1949,ILS,"Site 200/39, Baikonur Cosmodrome, Kazakhstan","Sun Dec 26, 2010 21:50 UTC",Proton-M/Briz-M | KA-SAT,Active,65.0,Success
1950,ISRO,"Second Launch Pad, Satish Dhawan Space Centre, India","Sat Dec 25, 2010 10:34 UTC",GSLV Mk I | GSAT-5P,Retired,47.0,Failure
1951,CASC,"LC-3, Xichang Satellite Launch Center, China","Fri Dec 17, 2010 20:20 UTC",Long March 3A | Beidou-2 I2,Retired,69.7,Success
1952,Roscosmos,"Site 1/5, Baikonur Cosmodrome, Kazakhstan","Wed Dec 15, 2010 19:09 UTC",Soyuz FG | Soyuz TMA-20,Retired,,Success
1953,SpaceX,"SLC-40, Cape Canaveral SFS, Florida, USA","Wed Dec 08, 2010 15:43 UTC",Falcon 9 Block 1 (v1.0) | COTS-1,Retired,59.5,Success
1954,Roscosmos,"Site 81/24, Baikonur Cosmodrome, Kazakhstan","Sun Dec 05, 2010 10:25 UTC",Proton-M/DM-3 | Glonass-M Block 43,Active,65.0,Failure
1955,Arianespace,"ELA-3, Guiana Space Centre, French Guiana, France","Fri Nov 26, 2010 18:39 UTC",Ariane 5 ECA | Intelsat 17 & HYLAS-1,Retired,200.0,Success
1956,CASC,"LC-3, Xichang Satellite Launch Center, China","Wed Nov 24, 2010 16:09 UTC",Long March 3A | ChinaSat-20A,Retired,69.7,Success
1957,ULA,"SLC-37B, Cape Canaveral SFS, Florida, USA","Sun Nov 21, 2010 22:58 UTC",Delta IV Heavy | Orion 7 (USA-223) (NROL-32),Retired,350.0,Success
1958,Northrop,"LP-1, Pacific Spaceport Complex, Kodiak, Alaska, USA","Sat Nov 20, 2010 01:25 UTC",Minotaur IV | STP-S26,Active,46.0,Success
1959,ILS,"Site 200/39, Baikonur Cosmodrome, Kazakhstan","Sun Nov 14, 2010 17:29 UTC",Proton-M/Briz-M | SkyTerra-1,Active,65.0,Success
1960,ULA,"SLC-2W, Vandenberg SFB, California, USA","Sat Nov 06, 2010 02:20 UTC",Delta II 7420-10C | COSMO-4,Retired,,Success
1961,CASC,"LC-9, Taiyuan Satellite Launch Center, China","Thu Nov 04, 2010 18:37 UTC",Long March 4C | Fengyun-3B,Active,64.68,Success
1962,VKS RF,"Site 43/4, Plesetsk Cosmodrome, Russia","Tue Nov 02, 2010 00:58 UTC",Soyuz 2.1a/Fregat-M | Meridian n°13L,Active,23.0,Success
1963,CASC,"LC-2, Xichang Satellite Launch Center, China","Sun Oct 31, 2010 16:26 UTC",Long March 3C | Beidou-2 G4,Retired,20.14,Success
1964,Arianespace,"ELA-3, Guiana Space Centre, French Guiana, France","Thu Oct 28, 2010 21:51 UTC",Ariane 5 ECA | Eutelsat W3B & BSAT-3B,Retired,200.0,Success
1965,Roscosmos,"Site 1/5, Baikonur Cosmodrome, Kazakhstan","Wed Oct 27, 2010 15:11 UTC",Soyuz U | Progress M-08M,Retired,20.0,Success
1966,Starsem,"Site 31/6, Baikonur Cosmodrome, Kazakhstan","Tue Oct 19, 2010 17:10 UTC",Soyuz 2.1a/Fregat | Globalstar-2 M078 & 93 to 97,Active,23.0,Success
1967,ILS,"Site 81/24, Baikonur Cosmodrome, Kazakhstan","Thu Oct 14, 2010 18:53 UTC",Proton-M/Briz-M | Sirius XM-5,Active,65.0,Success
1968,Roscosmos,"Site 1/5, Baikonur Cosmodrome, Kazakhstan","Thu Oct 07, 2010 23:10 UTC",Soyuz FG | Soyuz TMA-01M,Retired,,Success
1969,CASC,"LC-9, Taiyuan Satellite Launch Center, China","Wed Oct 06, 2010 00:49 UTC",Long March 4B | Shijian-6G & 6H,Active,64.68,Success
1970,CASC,"LC-2, Xichang Satellite Launch Center, China","Fri Oct 01, 2010 10:59 UTC",Long March 3C | Chang'e 2,Retired,20.14,Success
1971,VKS RF,"Site 16/2, Plesetsk Cosmodrome, Russia","Thu Sep 30, 2010 17:01 UTC",Molniya-M/Block 2BL | Cosmos 2469,Retired,,Success
1972,Northrop,"SLC-8, Vandenberg SFB, California, USA","Sun Sep 26, 2010 04:41 UTC",Minotaur IV | SBSS,Active,46.0,Success
1973,CASC,"Site 9401 (SLS-2), Jiuquan Satellite Launch Center, China","Wed Sep 22, 2010 02:42 UTC","Long March 2D | Yaogan 11, ZDPS-1A & 1B",Active,29.75,Success
1974,ULA,"SLC-3E, Vandenberg SFB, California, USA","Tue Sep 21, 2010 04:03 UTC",Atlas V 501 | Topaz 1 (USA-215) (NROL-41),Retired,120.0,Success
1975,MHI,"LA-Y1, Tanegashima Space Center, Japan","Sat Sep 11, 2010 11:17 UTC",H-IIA 202 | Michibiki 1,Active,90.0,Success
1976,Roscosmos,"Site 31/6, Baikonur Cosmodrome, Kazakhstan","Fri Sep 10, 2010 10:22 UTC",Soyuz U | Progress M-07M,Retired,20.0,Success
1977,VKS RF,"Site 133/3, Plesetsk Cosmodrome, Russia","Wed Sep 08, 2010 03:30 UTC","Rokot/Briz KM | Cosmos 2467, 2468 & Goniets-M n°12L",Retired,13.0,Success
1978,CASC,"LC-2, Xichang Satellite Launch Center, China","Sat Sep 04, 2010 16:14 UTC",Long March 3B/E | ChinaSat-6A,Active,29.15,Success
1979,Roscosmos,"Site 81/24, Baikonur Cosmodrome, Kazakhstan","Thu Sep 02, 2010 00:53 UTC","Proton-M/DM-2 | Cosmos 2464, 2465 & 2466",Active,65.0,Success
1980,CASC,"Site 9401 (SLS-2), Jiuquan Satellite Launch Center, China","Tue Aug 24, 2010 07:10 UTC",Long March 2D | Tianhui-1A,Active,29.75,Success
1981,ULA,"SLC-41, Cape Canaveral SFS, Florida, USA","Sat Aug 14, 2010 11:07 UTC",Atlas V 531 | AEHF-1,Retired,140.0,Success
1982,CASC,"LC-9, Taiyuan Satellite Launch Center, China","Mon Aug 09, 2010 22:49 UTC",Long March 4C | Yaogan 10,Active,64.68,Success
1983,Arianespace,"ELA-3, Guiana Space Centre, French Guiana, France","Wed Aug 04, 2010 20:59 UTC",Ariane 5 ECA | Nilesat-201 & Rascom-QAF 1R,Retired,200.0,Success
1984,CASC,"LC-3, Xichang Satellite Launch Center, China","Sat Jul 31, 2010 21:30 UTC",Long March 3A | Beidou-2 I1,Retired,69.7,Success
1985,ISRO,"First Launch Pad, Satish Dhawan Space Centre, India","Mon Jul 12, 2010 03:52 UTC",PSLV-CA | Cartosat-2B & Rideshares,Active,21.0,Success
1986,ILS,"Site 200/39, Baikonur Cosmodrome, Kazakhstan","Sat Jul 10, 2010 18:40 UTC",Proton-M/Briz-M | EchoStar XV,Active,65.0,Success
1987,Roscosmos,"Site 1/5, Baikonur Cosmodrome, Kazakhstan","Wed Jun 30, 2010 15:35 UTC",Soyuz U | Progress M-06M,Retired,20.0,Success
1988,Arianespace,"ELA-3, Guiana Space Centre, French Guiana, France","Sat Jun 26, 2010 21:41 UTC",Ariane 5 ECA | Arabsat-5A & COMS-1,Retired,200.0,Success
1989,IAI,"Pad 1, Palmachim Airbase, Israel","Tue Jun 22, 2010 19:00 UTC",Shavit 2 | Ofek-9,Active,,Success
1990,Kosmotras,"Site 109/95, Baikonur Cosmodrome, Kazakhstan","Mon Jun 21, 2010 02:14 UTC",Dnepr | TanDEM-X,Retired,29.0,Success
1991,Roscosmos,"Site 1/5, Baikonur Cosmodrome, Kazakhstan","Tue Jun 15, 2010 21:35 UTC",Soyuz FG | Soyuz TMA-19,Retired,,Success
1992,Kosmotras,"Site 370/13, Yasny Cosmodrome, Russia","Tue Jun 15, 2010 14:42 UTC",Dnepr | Picard & PRISMA,Retired,29.0,Success
1993,CASC,"Site 9401 (SLS-2), Jiuquan Satellite Launch Center, China","Tue Jun 15, 2010 01:39 UTC",Long March 2D | Shijian-12,Active,29.75,Success
1994,KARI,"LC-1, Naro Space Center, South Korea","Thu Jun 10, 2010 08:01 UTC",KSLV-1 | STSAT-2B,Retired,,Failure
1995,SpaceX,"SLC-40, Cape Canaveral SFS, Florida, USA","Fri Jun 04, 2010 18:45 UTC",Falcon 9 Block 1 (v1.0) | Flight 1,Retired,59.5,Success
1996,ILS,"Site 200/39, Baikonur Cosmodrome, Kazakhstan","Thu Jun 03, 2010 22:00 UTC",Proton-M/Briz-M | Badr-5,Active,65.0,Success
1997,CASC,"LC-2, Xichang Satellite Launch Center, China","Wed Jun 02, 2010 15:53 UTC",Long March 3C | Beidou-2 G3,Retired,20.14,Success
1998,Eurockot,"Site 133/3, Plesetsk Cosmodrome, Russia","Wed Jun 02, 2010 01:59 UTC",Rokot/Briz KM | SERVIS-2,Retired,13.0,Success
1999,ULA,"SLC-37B, Cape Canaveral SFS, Florida, USA","Fri May 28, 2010 03:00 UTC","Delta IV Medium+ (4,2) | GPS IIF-1 (USA-213)",Retired,164.0,Success
2000,Arianespace,"ELA-3, Guiana Space Centre, French Guiana, France","Fri May 21, 2010 22:01 UTC",Ariane 5 ECA | Astra 3B & COMSATBw-2,Retired,200.0,Success
2001,MHI,"LA-Y1, Tanegashima Space Center, Japan","Thu May 20, 2010 21:58 UTC","H-IIA 202 | Akatsuki, IKAROS & Others",Active,90.0,Success
2002,NASA,"LC-39A, Kennedy Space Center, Florida, USA","Fri May 14, 2010 18:20 UTC",Space Shuttle Atlantis | STS-132,Retired,450.0,Success
2003,Roscosmos,"Site 1/5, Baikonur Cosmodrome, Kazakhstan","Wed Apr 28, 2010 17:15 UTC",Soyuz U | Progress M-05M,Retired,20.0,Success
2004,VKS RF,"Site 132/1, Plesetsk Cosmodrome, Russia","Tue Apr 27, 2010 01:05 UTC",Cosmos-3M | Cosmos 2463,Retired,,Success
2005,ILS,"Site 200/39, Baikonur Cosmodrome, Kazakhstan","Sat Apr 24, 2010 11:18 UTC",Proton-M/Briz-M | SES-1,Active,65.0,Success
2006,ULA,"SLC-41, Cape Canaveral SFS, Florida, USA","Thu Apr 22, 2010 23:52 UTC",Atlas V 501 | OTV-1,Retired,120.0,Success
2007,VKS RF,"Site 16/2, Plesetsk Cosmodrome, Russia","Fri Apr 16, 2010 15:00 UTC",Soyuz U | Cosmos 2462,Retired,20.0,Success
2008,ISRO,"Second Launch Pad, Satish Dhawan Space Centre, India","Thu Apr 15, 2010 10:57 UTC",GSLV Mk II | GSAT-4,Active,47.0,Failure
2009,Kosmotras,"Site 109/95, Baikonur Cosmodrome, Kazakhstan","Thu Apr 08, 2010 13:57 UTC",Dnepr | CryoSat-2,Retired,29.0,Success
2010,NASA,"LC-39A, Kennedy Space Center, Florida, USA","Mon Apr 05, 2010 10:21 UTC",Space Shuttle Discovery | STS-131,Retired,450.0,Success
2011,Roscosmos,"Site 1/5, Baikonur Cosmodrome, Kazakhstan","Fri Apr 02, 2010 04:04 UTC",Soyuz FG | Soyuz TMA-18,Retired,,Success
2012,ILS,"Site 200/39, Baikonur Cosmodrome, Kazakhstan","Sat Mar 20, 2010 18:26 UTC",Proton-M/Briz-M | EchoStar XIV,Active,65.0,Success
2013,CASC,"Site 9401 (SLS-2), Jiuquan Satellite Launch Center, China","Fri Mar 05, 2010 04:55 UTC","Long March 4C | Yaogan-9 1, 2 & 3",Active,64.68,Success
2014,ULA,"SLC-37B, Cape Canaveral SFS, Florida, USA","Thu Mar 04, 2010 23:57 UTC","Delta IV Medium+ (4,2) | GOES-P (GOES-15)",Retired,164.0,Success
2015,Roscosmos,"Site 81/24, Baikonur Cosmodrome, Kazakhstan","Mon Mar 01, 2010 21:19 UTC","Proton-M/DM-2 | Cosmos 2459, 2460 & 2461",Active,65.0,Success
2016,ILS,"Site 200/39, Baikonur Cosmodrome, Kazakhstan","Fri Feb 12, 2010 00:39 UTC",Proton-M/Briz-M | Intelsat 16,Active,65.0,Success
2017,ULA,"SLC-41, Cape Canaveral SFS, Florida, USA","Thu Feb 11, 2010 15:23 UTC",Atlas V 401 | SDO,Retired,109.0,Success
2018,NASA,"LC-39A, Kennedy Space Center, Florida, USA","Mon Feb 08, 2010 09:14 UTC",Space Shuttle Endeavour | STS-130,Retired,450.0,Success
2019,Roscosmos,"Site 1/5, Baikonur Cosmodrome, Kazakhstan","Wed Feb 03, 2010 03:45 UTC",Soyuz U | Progress M-04M,Retired,20.0,Success
2020,Roscosmos,"Site 81/24, Baikonur Cosmodrome, Kazakhstan","Thu Jan 28, 2010 00:17 UTC",Proton-M/Briz-M | Raduga-1M n°02,Active,65.0,Success
2021,CASC,"LC-2, Xichang Satellite Launch Center, China","Sat Jan 16, 2010 16:12 UTC",Long March 3C | Beidou-2 G1,Retired,20.14,Success
2022,ILS,"Site 200/39, Baikonur Cosmodrome, Kazakhstan","Tue Dec 29, 2009 00:21 UTC",Proton-M/Briz-M | DirecTV-12,Active,65.0,Success
2023,Roscosmos,"Site 1/5, Baikonur Cosmodrome, Kazakhstan","Sun Dec 20, 2009 21:52 UTC",Soyuz FG | Soyuz TMA-17,Retired,,Success
2024,Arianespace,"ELA-3, Guiana Space Centre, French Guiana, France","Fri Dec 18, 2009 16:26 UTC",Ariane 5 GS | Hélios 2B,Retired,,Success
2025,CASC,"LC-9, Taiyuan Satellite Launch Center, China","Tue Dec 15, 2009 02:31 UTC",Long March 4C | Yaogan 8 & Xiwang 1,Active,64.68,Success
2026,ULA,"SLC-2W, Vandenberg SFB, California, USA","Mon Dec 14, 2009 14:09 UTC",Delta II 7320-10C | WISE,Retired,,Success
2027,Roscosmos,"Site 81/24, Baikonur Cosmodrome, Kazakhstan","Mon Dec 14, 2009 10:38 UTC","Proton-M/DM-2 | Cosmos 2456, 2457 & 2458",Active,65.0,Success
2028,CASC,"Site 9401 (SLS-2), Jiuquan Satellite Launch Center, China","Wed Dec 09, 2009 08:42 UTC",Long March 2D | Yaogan 7,Active,29.75,Success
2029,ULA,"SLC-37B, Cape Canaveral SFS, Florida, USA","Sun Dec 06, 2009 01:47 UTC","Delta IV Medium+ (5,4) | WGS-3 (USA-211)",Retired,,Success
2030,Land Launch,"Site 45/1, Baikonur Cosmodrome, Kazakhstan","Mon Nov 30, 2009 21:00 UTC",Zenit-3 SLB | Intelsat 15,Retired,,Success
2031,MHI,"LA-Y1, Tanegashima Space Center, Japan","Sat Nov 28, 2009 01:21 UTC",H-IIA 202 | IGS-Optical 3,Active,90.0,Success
2032,ILS,"Site 200/39, Baikonur Cosmodrome, Kazakhstan","Tue Nov 24, 2009 14:19 UTC",Proton-M/Briz-M | Eutelsat W7,Active,65.0,Success
2033,ULA,"SLC-41, Cape Canaveral SFS, Florida, USA","Mon Nov 23, 2009 06:55 UTC",Atlas V 431 | Intelsat 14,Retired,130.0,Success
2034,VKS RF,"Site 16/2, Plesetsk Cosmodrome, Russia","Fri Nov 20, 2009 10:43 UTC",Soyuz U | Cosmos 2455,Retired,20.0,Success
2035,NASA,"LC-39A, Kennedy Space Center, Florida, USA","Mon Nov 16, 2009 19:28 UTC",Space Shuttle Atlantis | STS-129,Retired,450.0,Success
2036,CASC,"Site 9401 (SLS-2), Jiuquan Satellite Launch Center, China","Thu Nov 12, 2009 02:45 UTC",Long March 2C | Shijian-11 01,Active,30.8,Success
2037,Roscosmos,"Site 1/5, Baikonur Cosmodrome, Kazakhstan","Tue Nov 10, 2009 14:22 UTC",Soyuz U | Progress M-MIM2,Retired,20.0,Success
2038,Eurockot,"Site 133/3, Plesetsk Cosmodrome, Russia","Mon Nov 02, 2009 01:50 UTC",Rokot/Briz KM | SMOS & PROBA-2,Retired,13.0,Success
2039,Arianespace,"ELA-3, Guiana Space Centre, French Guiana, France","Thu Oct 29, 2009 20:00 UTC",Ariane 5 ECA | NSS-12 & Thor-6,Retired,200.0,Success
2040,NASA,"LC-39B, Kennedy Space Center, Florida, USA","Wed Oct 28, 2009 15:30 UTC",Ares 1-X | Ares 1-X Test Flight,Retired,450.0,Success
2041,ULA,"SLC-3E, Vandenberg SFB, California, USA","Sun Oct 18, 2009 16:12 UTC",Atlas V 401 | DMSP-5D3 F18 (USA-210),Retired,109.0,Success
2042,Roscosmos,"Site 1/5, Baikonur Cosmodrome, Kazakhstan","Thu Oct 15, 2009 01:14 UTC",Soyuz U | Progress M-03M,Retired,20.0,Success
2043,ULA,"SLC-2W, Vandenberg SFB, California, USA","Thu Oct 08, 2009 18:51 UTC",Delta II 7920-10C | WorldView-2,Retired,,Success
2044,Arianespace,"ELA-3, Guiana Space Centre, French Guiana, France","Thu Oct 01, 2009 21:59 UTC",Ariane 5 ECA | Amazonas 2 & COMSATBw-1,Retired,200.0,Success
2045,Roscosmos,"Site 1/5, Baikonur Cosmodrome, Kazakhstan","Wed Sep 30, 2009 07:14 UTC",Soyuz FG | Soyuz TMA-16,Retired,,Success
2046,ULA,"SLC-17B, Cape Canaveral SFS, Florida, USA","Fri Sep 25, 2009 12:20 UTC",Delta II 7920-10C | STSS Demo,Retired,,Success
2047,ISRO,"First Launch Pad, Satish Dhawan Space Centre, India","Wed Sep 23, 2009 06:21 UTC",PSLV-CA | Oceansat-2 & Rideshares,Active,21.0,Success
2048,ILS,"Site 200/39, Baikonur Cosmodrome, Kazakhstan","Thu Sep 17, 2009 19:19 UTC",Proton-M/Briz-M | Nimiq 5,Active,65.0,Success
2049,Roscosmos,"Site 31/6, Baikonur Cosmodrome, Kazakhstan","Thu Sep 17, 2009 15:55 UTC",Soyuz 2.1b/Fregat | Meteor-M n°1 & Others,Active,25.0,Success
2050,MHI,"LA-Y2, Tanegashima Space Center, Japan","Thu Sep 10, 2009 17:01 UTC",H-IIB | HTV-1,Retired,112.5,Success
2051,ULA,"SLC-41, Cape Canaveral SFS, Florida, USA","Tue Sep 08, 2009 21:35 UTC",Atlas V 401 | PAN (USA-207),Retired,109.0,Success
2052,CASC,"LC-2, Xichang Satellite Launch Center, China","Mon Aug 31, 2009 09:28 UTC",Long March 3B | Palapa-D,Retired,,Partial Failure
2053,NASA,"LC-39A, Kennedy Space Center, Florida, USA","Sat Aug 29, 2009 03:59 UTC",Space Shuttle Discovery | STS-128,Retired,450.0,Success
2054,KARI,"LC-1, Naro Space Center, South Korea","Tue Aug 25, 2009 08:00 UTC",KSLV-1 | STSAT-2A,Retired,,Failure
2055,Arianespace,"ELA-3, Guiana Space Centre, French Guiana, France","Fri Aug 21, 2009 22:09 UTC",Ariane 5 ECA | JCSAT-12 & Optus D3,Retired,200.0,Success
2056,ULA,"SLC-17A, Cape Canaveral SFS, Florida, USA","Mon Aug 17, 2009 10:35 UTC",Delta II 7925 | GPS IIRM-8 (USA-206),Retired,,Success
2057,ILS,"Site 200/39, Baikonur Cosmodrome, Kazakhstan","Tue Aug 11, 2009 19:47 UTC",Proton-M/Briz-M | AsiaSat 5,Active,65.0,Success
2058,Kosmotras,"Site 109/95, Baikonur Cosmodrome, Kazakhstan","Wed Jul 29, 2009 18:46 UTC",Dnepr | DubaiSat 1 & Others,Retired,29.0,Success
2059,Roscosmos,"Site 1/5, Baikonur Cosmodrome, Kazakhstan","Fri Jul 24, 2009 10:56 UTC",Soyuz U | Progress M-67,Retired,20.0,Success
2060,VKS RF,"Site 132/1, Plesetsk Cosmodrome, Russia","Tue Jul 21, 2009 03:57 UTC",Cosmos-3M | Cosmos 2454,Retired,,Success
2061,NASA,"LC-39A, Kennedy Space Center, Florida, USA","Wed Jul 15, 2009 22:03 UTC",Space Shuttle Endeavour | STS-127,Retired,450.0,Success
2062,SpaceX,"Omelek Island, Ronald Reagan Ballistic Missile Defense Test Site, Marshall Islands","Tue Jul 14, 2009 03:35 UTC",Falcon 1 | RazakSat 1,Retired,7.0,Success
2063,VKS RF,"Site 133/3, Plesetsk Cosmodrome, Russia","Mon Jul 06, 2009 01:26 UTC",Rokot/Briz KM | Cosmos 2451 to 2453,Retired,13.0,Success
2064,Arianespace,"ELA-3, Guiana Space Centre, French Guiana, France","Wed Jul 01, 2009 17:52 UTC",Ariane 5 ECA | TerreStar-1,Retired,200.0,Success
2065,ILS,"Site 200/39, Baikonur Cosmodrome, Kazakhstan","Tue Jun 30, 2009 19:09 UTC",Proton-M/Briz-M | Sirius FM5,Active,65.0,Success
2066,ULA,"SLC-37B, Cape Canaveral SFS, Florida, USA","Sat Jun 27, 2009 22:51 UTC","Delta IV Medium+ (4,2) | GOES-O (GOES-14)",Retired,164.0,Success
2067,Land Launch,"Site 45/1, Baikonur Cosmodrome, Kazakhstan","Sun Jun 21, 2009 21:50 UTC",Zenit-3 SLB | MEASAT 3a,Retired,,Success
2068,ULA,"SLC-41, Cape Canaveral SFS, Florida, USA","Thu Jun 18, 2009 21:32 UTC",Atlas V 401 | LRO/LCROSS,Retired,109.0,Success
2069,Roscosmos,"Site 1/5, Baikonur Cosmodrome, Kazakhstan","Wed May 27, 2009 10:34 UTC",Soyuz FG | Soyuz TMA-15,Retired,,Success
2070,VKS RF,"Site 43/4, Plesetsk Cosmodrome, Russia","Thu May 21, 2009 21:53 UTC",Soyuz 2.1a/Fregat-M | Meridian n°12L,Active,23.0,Partial Failure
2071,Northrop,"LP-0B, Wallops Flight Facility, Virginia, USA","Tue May 19, 2009 23:55 UTC","Minotaur I | TacSat-3, Pharmasat and Others",Active,40.0,Success
2072,ILS,"Site 200/39, Baikonur Cosmodrome, Kazakhstan","Sat May 16, 2009 00:57 UTC",Proton-M/Briz-M | ProtoStar 2,Active,65.0,Success
2073,Arianespace,"ELA-3, Guiana Space Centre, French Guiana, France","Thu May 14, 2009 13:12 UTC",Ariane 5 ECA | Herschel & Planck,Retired,200.0,Success
2074,NASA,"LC-39A, Kennedy Space Center, Florida, USA","Mon May 11, 2009 18:01 UTC",Space Shuttle Atlantis | STS-125,Retired,450.0,Success
2075,Roscosmos,"Site 1/5, Baikonur Cosmodrome, Kazakhstan","Thu May 07, 2009 18:37 UTC",Soyuz U | Progress M-02M,Retired,20.0,Success
2076,ULA,"SLC-2W, Vandenberg SFB, California, USA","Tue May 05, 2009 20:24 UTC",Delta II 7920-10C | STSS-ATRR,Retired,,Success
2077,VKS RF,"Site 16/2, Plesetsk Cosmodrome, Russia","Wed Apr 29, 2009 16:58 UTC",Soyuz U | Cosmos 2450,Retired,20.0,Success
2078,CASC,"LC-7, Taiyuan Satellite Launch Center, China","Wed Apr 22, 2009 02:55 UTC",Long March 2C | Yaogan 6,Active,30.8,Success
2079,Sea Launch,"LP Odyssey, Kiritimati Launch Area, Pacific Ocean","Mon Apr 20, 2009 08:15 UTC",Zenit-3 SL | Sicral-1B,Retired,,Success
2080,ISRO,"Second Launch Pad, Satish Dhawan Space Centre, India","Mon Apr 20, 2009 01:15 UTC",PSLV-CA | RISAT-2 & ANUSAT,Active,21.0,Success
2081,CASC,"LC-2, Xichang Satellite Launch Center, China","Tue Apr 14, 2009 16:16 UTC",Long March 3C | Beidou-2 G2,Retired,20.14,Success
2082,KCST,"Pad 1, Tonghae Satellite Launching Ground, North Korea","Sun Apr 05, 2009 02:30 UTC",Unha 2 | Kwangmyŏngsŏng 2,Retired,,Failure
2083,ULA,"SLC-41, Cape Canaveral SFS, Florida, USA","Sat Apr 04, 2009 00:31 UTC",Atlas V 421 | WGS-2 (USA-204),Retired,123.0,Success
2084,ILS,"Site 200/39, Baikonur Cosmodrome, Kazakhstan","Fri Apr 03, 2009 16:24 UTC",Proton-M/Briz-M | Eutelsat W2A,Active,65.0,Success
2085,Roscosmos,"Site 1/5, Baikonur Cosmodrome, Kazakhstan","Thu Mar 26, 2009 11:49 UTC",Soyuz FG | Soyuz TMA-14,Retired,,Success
2086,ULA,"SLC-17A, Cape Canaveral SFS, Florida, USA","Tue Mar 24, 2009 08:34 UTC",Delta II 7925 | GPS IIRM-7 (USA-203),Retired,,Success
2087,Eurockot,"Site 133/3, Plesetsk Cosmodrome, Russia","Tue Mar 17, 2009 14:21 UTC",Rokot/Briz KM | GOCE,Retired,13.0,Success
2088,NASA,"LC-39A, Kennedy Space Center, Florida, USA","Sun Mar 15, 2009 23:43 UTC",Space Shuttle Discovery | STS-119,Retired,450.0,Success
2089,ULA,"SLC-17B, Cape Canaveral SFS, Florida, USA","Sat Mar 07, 2009 03:49 UTC",Delta II 7925-10L | Kepler,Retired,,Success
2090,Roscosmos,"Site 81/24, Baikonur Cosmodrome, Kazakhstan","Sat Feb 28, 2009 04:09 UTC",Proton K/Block-DM-2 | Raduga-1 8,Retired,,Success
2091,Land Launch,"Site 45/1, Baikonur Cosmodrome, Kazakhstan","Thu Feb 26, 2009 18:29 UTC",Zenit-3 SLB | Telstar-11N,Retired,,Success
2092,Northrop,"SLC-576E, Vandenberg SFB, California, USA","Tue Feb 24, 2009 09:55 UTC",Minotaur C (Taurus) | Orbiting Carbon Observatory,Active,45.0,Failure
2093,Arianespace,"ELA-3, Guiana Space Centre, French Guiana, France","Thu Feb 12, 2009 22:09 UTC","Ariane 5 ECA | Hot Bird 10, NSS-9 & Spirale-A & B",Retired,200.0,Success
2094,Roscosmos,"Site 200/39, Baikonur Cosmodrome, Kazakhstan","Wed Feb 11, 2009 00:02 UTC",Proton-M/Briz-M | Ekspress-AM44 & MD-1,Active,65.0,Success
2095,Roscosmos,"Site 31/6, Baikonur Cosmodrome, Kazakhstan","Tue Feb 10, 2009 05:49 UTC",Soyuz U | Progress M-66,Retired,20.0,Success
2096,ULA,"SLC-2W, Vandenberg SFB, California, USA","Fri Feb 06, 2009 10:22 UTC",Delta II 7320-10C | NOAA-N Prime,Retired,,Success
2097,ISA,"Safir Launch Pad, Semnan Space Center, Iran","Mon Feb 02, 2009 18:34 UTC",Safir-1 | Omid,Retired,,Success
2098,VKS RF,"Site 32/2, Plesetsk Cosmodrome, Russia","Fri Jan 30, 2009 13:30 UTC",Tsyklon-3 | Koronas Foton,Retired,,Success
2099,MHI,"LA-Y1, Tanegashima Space Center, Japan","Fri Jan 23, 2009 03:54 UTC","H-IIA 202 | Ibuki, Maido 1 & Others",Active,90.0,Success
2100,ULA,"SLC-37B, Cape Canaveral SFS, Florida, USA","Sun Jan 18, 2009 02:47 UTC",Delta IV Heavy | Orion 6 (USA-202) (NROL-26),Retired,350.0,Success
2101,Roscosmos,"Site 81/24, Baikonur Cosmodrome, Kazakhstan","Thu Dec 25, 2008 10:43 UTC","Proton-M/DM-2 | Cosmos 2447, 2448 & 2449",Active,65.0,Success
2102,CASC,"LC-3, Xichang Satellite Launch Center, China","Tue Dec 23, 2008 00:54 UTC",Long March 3A | Fengyun-2E,Retired,69.7,Success
2103,Arianespace,"ELA-3, Guiana Space Centre, French Guiana, France","Sat Dec 20, 2008 22:35 UTC",Ariane 5 ECA | Hot Bird 9 & Eutelsat W2M,Retired,200.0,Success
2104,CASC,"LC-9, Taiyuan Satellite Launch Center, China","Mon Dec 15, 2008 03:22 UTC",Long March 4B | Yaogan 5,Active,64.68,Success
2105,ILS,"Site 200/39, Baikonur Cosmodrome, Kazakhstan","Wed Dec 10, 2008 13:42 UTC",Proton-M/Briz-M | Ciel 2,Active,65.0,Success
2106,VKS RF,"Site 16/2, Plesetsk Cosmodrome, Russia","Tue Dec 02, 2008 04:59 UTC",Molniya-M/Block 2BL | Cosmos 2446,Retired,,Success
2107,CASC,"Site 9401 (SLS-2), Jiuquan Satellite Launch Center, China","Mon Dec 01, 2008 04:42 UTC",Long March 2D | Yaogan 4,Active,29.75,Success
2108,Roscosmos,"Site 1/5, Baikonur Cosmodrome, Kazakhstan","Wed Nov 26, 2008 12:38 UTC",Soyuz U | Progress M-01M,Retired,20.0,Success
2109,NASA,"LC-39A, Kennedy Space Center, Florida, USA","Sat Nov 15, 2008 00:55 UTC",Space Shuttle Endeavour | STS-126,Retired,450.0,Success
2110,VKS RF,"Site 16/2, Plesetsk Cosmodrome, Russia","Fri Nov 14, 2008 15:50 UTC",Soyuz U | Cosmos 2445,Retired,20.0,Success
2111,ILS,"Site 200/39, Baikonur Cosmodrome, Kazakhstan","Wed Nov 05, 2008 20:44 UTC",Proton-M/Briz-M | Astra-1M,Active,65.0,Success
2112,CASC,"Site 9401 (SLS-2), Jiuquan Satellite Launch Center, China","Wed Nov 05, 2008 00:15 UTC",Long March 2D | Shiyan-3 & Chuangxin-1 02,Active,29.75,Success
2113,CASC,"LC-2, Xichang Satellite Launch Center, China","Wed Oct 29, 2008 16:53 UTC",Long March 3B/E | VENESAT 1,Active,29.15,Success
2114,ULA,"SLC-2W, Vandenberg SFB, California, USA","Sat Oct 25, 2008 02:28 UTC",Delta II 7420-10C | COSMO-3,Retired,,Success
2115,CASC,"LC-9, Taiyuan Satellite Launch Center, China","Sat Oct 25, 2008 01:15 UTC",Long March 4B | Shijian-6E & 6F,Active,64.68,Success
2116,ISRO,"Second Launch Pad, Satish Dhawan Space Centre, India","Wed Oct 22, 2008 00:52 UTC",PSLV-XL | Chandrayaan-1,Active,31.0,Success
2117,Northrop,"Stargazer, Ronald Reagan Ballistic Missile Defense Test Site, Marshall Islands","Sun Oct 19, 2008 17:47 UTC",Pegasus XL | IBEX,Active,40.0,Success
2118,Roscosmos,"Site 1/5, Baikonur Cosmodrome, Kazakhstan","Sun Oct 12, 2008 07:01 UTC",Soyuz FG | Soyuz TMA-13,Retired,,Success
2119,Kosmotras,"Site 370/13, Yasny Cosmodrome, Russia","Wed Oct 01, 2008 06:37 UTC",Dnepr | THEOS 1,Retired,29.0,Success
2120,SpaceX,"Omelek Island, Ronald Reagan Ballistic Missile Defense Test Site, Marshall Islands","Sun Sep 28, 2008 23:15 UTC",Falcon 1 | Ratsat,Retired,7.0,Success
2121,CASC,"Site 901 (SLS-1), Jiuquan Satellite Launch Center, China","Thu Sep 25, 2008 13:10 UTC",Long March 2F | Shenzhou 7,Retired,,Success
2122,Roscosmos,"Site 81/24, Baikonur Cosmodrome, Kazakhstan","Thu Sep 25, 2008 08:49 UTC","Proton-M/DM-2 | Cosmos 2442, 2443 & 2444",Active,65.0,Success
2123,Sea Launch,"LP Odyssey, Kiritimati Launch Area, Pacific Ocean","Wed Sep 24, 2008 09:27 UTC",Zenit-3 SL | Galaxy 19,Retired,,Success
2124,ILS,"Site 200/39, Baikonur Cosmodrome, Kazakhstan","Fri Sep 19, 2008 21:48 UTC",Proton-M/Briz-M | Nimiq 4,Active,65.0,Success
2125,Roscosmos,"Site 1/5, Baikonur Cosmodrome, Kazakhstan","Wed Sep 10, 2008 19:50 UTC",Soyuz U | Progress M-65,Retired,20.0,Success
2126,ULA,"SLC-2W, Vandenberg SFB, California, USA","Sat Sep 06, 2008 18:50 UTC",Delta II 7420-10C | GeoEye-1,Retired,,Success
2127,CASC,"LC-7, Taiyuan Satellite Launch Center, China","Sat Sep 06, 2008 03:25 UTC",Long March 2C/SMA | Huanjing-1A & 1B,Retired,30.8,Success
2128,Kosmotras,"Site 109/95, Baikonur Cosmodrome, Kazakhstan","Fri Aug 29, 2008 07:15 UTC",Dnepr | RapidEye 1 to 5,Retired,29.0,Success
2129,ILS,"Site 200/39, Baikonur Cosmodrome, Kazakhstan","Mon Aug 18, 2008 22:42 UTC",Proton-M/Briz-M | Inmarsat-4F3,Active,65.0,Success
2130,ISA,"Safir Launch Pad, Semnan Space Center, Iran","Sat Aug 16, 2008 19:32 UTC",Safir-1 | Omid,Retired,,Failure
2131,Arianespace,"ELA-3, Guiana Space Centre, French Guiana, France","Thu Aug 14, 2008 20:44 UTC",Ariane 5 ECA | Superbird-7 & AMC-21,Retired,200.0,Success
2132,SpaceX,"Omelek Island, Ronald Reagan Ballistic Missile Defense Test Site, Marshall Islands","Sun Aug 03, 2008 03:34 UTC","Falcon 1 | Trailblazer, PreSat & Nanosail-D",Retired,7.0,Failure
2133,VKS RF,"Site 43/4, Plesetsk Cosmodrome, Russia","Sat Jul 26, 2008 18:31 UTC",Soyuz 2.1b | Cosmos 2441,Active,20.0,Success
2134,VKS RF,"Site 132/1, Plesetsk Cosmodrome, Russia","Tue Jul 22, 2008 02:40 UTC",Cosmos-3M | SAR-Lupe 5,Retired,,Success
2135,Sea Launch,"LP Odyssey, Kiritimati Launch Area, Pacific Ocean","Wed Jul 16, 2008 05:20 UTC",Zenit-3 SL | EchoStar XI,Retired,,Success
2136,Arianespace,"ELA-3, Guiana Space Centre, French Guiana, France","Mon Jul 07, 2008 21:47 UTC",Ariane 5 ECA | ProtoStar-1 & Badr-6,Retired,200.0,Success
2137,Roscosmos,"Site 81/24, Baikonur Cosmodrome, Kazakhstan","Thu Jun 26, 2008 23:59 UTC",Proton K/Block-DM-2 | Cosmos 2440,Retired,,Success
2138,ULA,"SLC-2W, Vandenberg SFB, California, USA","Fri Jun 20, 2008 07:46 UTC",Delta II 7320-10C | Jason-2,Retired,,Success
2139,VKS RF,"Site 132/1, Plesetsk Cosmodrome, Russia","Thu Jun 19, 2008 06:36 UTC",Cosmos-3M | Orbcomm Satellites,Retired,,Success
2140,Arianespace,"ELA-3, Guiana Space Centre, French Guiana, France","Thu Jun 12, 2008 22:05 UTC",Ariane 5 ECA | Skynet 5C & Türksat 3A,Retired,200.0,Success
2141,ULA,"SLC-17B, Cape Canaveral SFS, Florida, USA","Wed Jun 11, 2008 16:05 UTC",Delta II 7920H-10C | GLAST,Retired,,Success
2142,CASC,"LC-2, Xichang Satellite Launch Center, China","Mon Jun 09, 2008 12:15 UTC",Long March 3B | ChinaSat-9,Retired,,Success
2143,NASA,"LC-39A, Kennedy Space Center, Florida, USA","Sat May 31, 2008 21:02 UTC",Space Shuttle Discovery | STS-124,Retired,450.0,Success
2144,CASC,"LC-7, Taiyuan Satellite Launch Center, China","Tue May 27, 2008 03:02 UTC",Long March 4C | Fengyun-3A,Active,64.68,Success
2145,VKS RF,"Site 133/3, Plesetsk Cosmodrome, Russia","Fri May 23, 2008 15:20 UTC",Rokot/Briz KM | Cosmos 2437 to 2439 & Yubileyniy-1,Retired,13.0,Success
2146,Sea Launch,"LP Odyssey, Kiritimati Launch Area, Pacific Ocean","Wed May 21, 2008 09:43 UTC",Zenit-3 SL | Galaxy 18,Retired,,Success
2147,Roscosmos,"Site 1/5, Baikonur Cosmodrome, Kazakhstan","Wed May 14, 2008 20:22 UTC",Soyuz U | Progress M-64,Retired,20.0,Success
2148,Land Launch,"Site 45/1, Baikonur Cosmodrome, Kazakhstan","Mon Apr 28, 2008 05:00 UTC",Zenit-3 SLB | AMOS 3,Retired,,Success
2149,ISRO,"Second Launch Pad, Satish Dhawan Space Centre, India","Mon Apr 28, 2008 03:53 UTC",PSLV-CA | Cartosat-2A & Rideshares,Active,21.0,Success
2150,Starsem,"Site 31/6, Baikonur Cosmodrome, Kazakhstan","Sat Apr 26, 2008 22:16 UTC",Soyuz FG/Fregat | GIOVE-B,Retired,,Success
2151,CASC,"LC-2, Xichang Satellite Launch Center, China","Fri Apr 25, 2008 15:35 UTC",Long March 3C | Tianlian 1A,Retired,20.14,Success
2152,Arianespace,"ELA-3, Guiana Space Centre, French Guiana, France","Fri Apr 18, 2008 22:17 UTC",Ariane 5 ECA | Star One C2 & Vinasat-1,Retired,200.0,Success
2153,Northrop,"Stargazer, Ronald Reagan Ballistic Missile Defense Test Site, Marshall Islands","Wed Apr 16, 2008 17:02 UTC",Pegasus XL | C/NOFS,Active,40.0,Success
2154,ULA,"SLC-41, Cape Canaveral SFS, Florida, USA","Mon Apr 14, 2008 20:12 UTC",Atlas V 421 | ICO G1,Retired,123.0,Success
2155,Roscosmos,"Site 1/5, Baikonur Cosmodrome, Kazakhstan","Tue Apr 08, 2008 11:16 UTC",Soyuz FG | Soyuz TMA-12,Retired,,Success
2156,VKS RF,"Site 132/1, Plesetsk Cosmodrome, Russia","Thu Mar 27, 2008 17:16 UTC",Cosmos-3M | SAR-Lupe 4,Retired,,Success
2157,Sea Launch,"LP Odyssey, Kiritimati Launch Area, Pacific Ocean","Wed Mar 19, 2008 22:47 UTC",Zenit-3 SL | DirecTV-11,Retired,,Success
2158,ULA,"SLC-17A, Cape Canaveral SFS, Florida, USA","Sat Mar 15, 2008 06:10 UTC",Delta II 7925 | GPS IIRM-6 (USA-201),Retired,,Success
2159,ILS,"Site 200/39, Baikonur Cosmodrome, Kazakhstan","Fri Mar 14, 2008 23:18 UTC",Proton-M/Briz-M | AMC-14,Active,65.0,Partial Failure
2160,ULA,"SLC-3E, Vandenberg SFB, California, USA","Thu Mar 13, 2008 10:02 UTC",Atlas V 411 | Trumpet-5 (USA-200) (NROL-28),Retired,115.0,Success
2161,NASA,"LC-39A, Kennedy Space Center, Florida, USA","Tue Mar 11, 2008 06:28 UTC",Space Shuttle Endeavour | STS-123,Retired,450.0,Success
2162,Arianespace,"ELA-3, Guiana Space Centre, French Guiana, France","Sun Mar 09, 2008 04:03 UTC",Ariane 5 ES | ATV-1,Retired,,Success
2163,MHI,"LA-Y1, Tanegashima Space Center, Japan","Sat Feb 23, 2008 08:55 UTC",H-IIA 2024 | Kizuna,Retired,,Success
2164,ILS,"Site 200/39, Baikonur Cosmodrome, Kazakhstan","Mon Feb 11, 2008 11:34 UTC",Proton-M/Briz-M | Thor-2R,Active,65.0,Success
2165,NASA,"LC-39A, Kennedy Space Center, Florida, USA","Thu Feb 07, 2008 19:45 UTC",Space Shuttle Atlantis | STS-122,Retired,450.0,Success
2166,Roscosmos,"Site 1/5, Baikonur Cosmodrome, Kazakhstan","Tue Feb 05, 2008 13:02 UTC",Soyuz U | Progress M-63,Retired,20.0,Success
2167,Roscosmos,"Site 200/39, Baikonur Cosmodrome, Kazakhstan","Mon Jan 28, 2008 00:18 UTC",Proton-M/Briz-M | Ekspress-AM33,Active,65.0,Success
2168,ISRO,"First Launch Pad, Satish Dhawan Space Centre, India","Mon Jan 21, 2008 03:45 UTC",PSLV-CA | Ofek-8,Active,21.0,Success
2169,Sea Launch,"LP Odyssey, Kiritimati Launch Area, Pacific Ocean","Tue Jan 15, 2008 11:48 UTC",Zenit-3 SL | Thuraya-3,Retired,,Success
2170,Roscosmos,"Site 81/24, Baikonur Cosmodrome, Kazakhstan","Tue Dec 25, 2007 19:32 UTC","Proton-M/DM-2 | Cosmos 2434, 2435 & 2436",Active,65.0,Success
2171,Roscosmos,"Site 1/5, Baikonur Cosmodrome, Kazakhstan","Sun Dec 23, 2007 07:12 UTC",Soyuz U | Progress M-62,Retired,20.0,Success
2172,Arianespace,"ELA-3, Guiana Space Centre, French Guiana, France","Fri Dec 21, 2007 21:41 UTC",Ariane 5 GS | Rascom-QAF1 & Horizons-2,Retired,,Success
2173,ULA,"SLC-17A, Cape Canaveral SFS, Florida, USA","Thu Dec 20, 2007 20:04 UTC",Delta II 7925 | GPS IIRM-5 (USA-199),Retired,,Success
2174,Starsem,"Site 31/6, Baikonur Cosmodrome, Kazakhstan","Fri Dec 14, 2007 13:17 UTC",Soyuz FG/Fregat | Radarsat 2,Retired,,Success
2175,ULA,"SLC-41, Cape Canaveral SFS, Florida, USA","Mon Dec 10, 2007 22:05 UTC",Atlas V 401 | Quasar-16 (USA-198) (NROL-24),Retired,109.0,Success
2176,ULA,"SLC-2W, Vandenberg SFB, California, USA","Sun Dec 09, 2007 02:31 UTC",Delta II 7420-10C | COSMO-2,Retired,,Success
2177,Roscosmos,"Site 81/24, Baikonur Cosmodrome, Kazakhstan","Sun Dec 09, 2007 00:15 UTC",Proton-M/Briz-M | Cosmos 2434,Active,65.0,Success
2178,ILS,"Site 200/39, Baikonur Cosmodrome, Kazakhstan","Sat Nov 17, 2007 22:39 UTC",Proton-M/Briz-M | Sirius 4,Active,65.0,Success
2179,Arianespace,"ELA-3, Guiana Space Centre, French Guiana, France","Wed Nov 14, 2007 22:06 UTC",Ariane 5 ECA | Skynet 5B & Star One C1,Retired,200.0,Success
2180,CASC,"LC-7, Taiyuan Satellite Launch Center, China","Sun Nov 11, 2007 22:48 UTC",Long March 4C | Yaogan 3,Active,64.68,Success
2181,ULA,"SLC-37B, Cape Canaveral SFS, Florida, USA","Sun Nov 11, 2007 01:50 UTC",Delta IV Heavy | DSP-23 (USA-197),Retired,350.0,Success
2182,VKS RF,"Site 132/1, Plesetsk Cosmodrome, Russia","Thu Nov 01, 2007 00:51 UTC",Cosmos-3M | SAR-Lupe 3,Retired,,Success
2183,Roscosmos,"Site 81/24, Baikonur Cosmodrome, Kazakhstan","Fri Oct 26, 2007 07:35 UTC","Proton K/Block-DM-2 | Cosmos 2431, 2432 & 2433",Retired,,Success
2184,CASC,"LC-3, Xichang Satellite Launch Center, China","Wed Oct 24, 2007 10:05 UTC",Long March 3A | Chang'e 1,Retired,69.7,Success
2185,NASA,"LC-39A, Kennedy Space Center, Florida, USA","Tue Oct 23, 2007 15:38 UTC",Space Shuttle Discovery | STS-120,Retired,450.0,Success
2186,VKS RF,"Site 16/2, Plesetsk Cosmodrome, Russia","Tue Oct 23, 2007 04:39 UTC",Molniya-M/Block 2BL | Cosmos 2430,Retired,,Success
2187,Starsem,"Site 31/6, Baikonur Cosmodrome, Kazakhstan","Sat Oct 20, 2007 20:12 UTC","Soyuz FG/Fregat | Globalstar 66, 67, 68 & 70",Retired,,Success
2188,ULA,"SLC-17A, Cape Canaveral SFS, Florida, USA","Wed Oct 17, 2007 12:23 UTC",Delta II 7925 | GPS IIRM-4 (USA-196),Retired,,Success
2189,ULA,"SLC-41, Cape Canaveral SFS, Florida, USA","Thu Oct 11, 2007 00:22 UTC",Atlas V 421 | WGS-1 (USA-195),Retired,123.0,Success
2190,Roscosmos,"Site 1/5, Baikonur Cosmodrome, Kazakhstan","Wed Oct 10, 2007 13:22 UTC",Soyuz FG | Soyuz TMA-11,Retired,,Success
2191,Arianespace,"ELA-3, Guiana Space Centre, French Guiana, France","Fri Oct 05, 2007 22:02 UTC",Ariane 5 GS | Intelsat 11 & Optus D2,Retired,,Success
2192,ULA,"SLC-17B, Cape Canaveral SFS, Florida, USA","Thu Sep 27, 2007 11:34 UTC",Delta II 7925H | Dawn,Retired,,Success
2193,CASC,"LC-7, Taiyuan Satellite Launch Center, China","Wed Sep 19, 2007 03:26 UTC",Long March 4B | CBERS-2B,Active,64.68,Success
2194,ULA,"SLC-2W, Vandenberg SFB, California, USA","Tue Sep 18, 2007 18:35 UTC",Delta II 7920-10C | DigitalGlobe WorldView-1,Retired,,Success
2195,Roscosmos,"Site 1/5, Baikonur Cosmodrome, Kazakhstan","Fri Sep 14, 2007 11:00 UTC",Soyuz U | Foton-M n°3,Retired,20.0,Success
2196,MHI,"LA-Y1, Tanegashima Space Center, Japan","Fri Sep 14, 2007 01:31 UTC",H-IIA 2022 | Kaguya,Retired,,Success
2197,VKS RF,"Site 132/1, Plesetsk Cosmodrome, Russia","Tue Sep 11, 2007 13:05 UTC",Cosmos-3M | Cosmos 2429,Retired,,Success
2198,ILS,"Site 200/39, Baikonur Cosmodrome, Kazakhstan","Wed Sep 05, 2007 22:43 UTC",Proton-M/Briz-M | JCSat-11,Active,65.0,Failure
2199,ISRO,"Second Launch Pad, Satish Dhawan Space Centre, India","Sun Sep 02, 2007 12:51 UTC",GSLV Mk I | INSAT-4CR,Retired,47.0,Partial Failure
2200,Arianespace,"ELA-3, Guiana Space Centre, French Guiana, France","Tue Aug 14, 2007 23:44 UTC",Ariane 5 ECA | Spaceway-3 & BSat-3A,Retired,200.0,Success
2201,NASA,"LC-39A, Kennedy Space Center, Florida, USA","Wed Aug 08, 2007 22:36 UTC",Space Shuttle Endeavour | STS-118,Retired,450.0,Success
2202,ULA,"SLC-17A, Cape Canaveral SFS, Florida, USA","Sat Aug 04, 2007 09:26 UTC",Delta II 7925 | Phoenix,Retired,,Success
2203,Roscosmos,"Site 1/5, Baikonur Cosmodrome, Kazakhstan","Thu Aug 02, 2007 17:33 UTC",Soyuz U | Progress M-61,Retired,20.0,Success
2204,ILS,"Site 200/39, Baikonur Cosmodrome, Kazakhstan","Sat Jul 07, 2007 01:16 UTC",Proton-M/Briz-M | DirecTV-10,Active,65.0,Success
2205,CASC,"LC-2, Xichang Satellite Launch Center, China","Thu Jul 05, 2007 12:08 UTC",Long March 3B | ChinaSat-6B,Retired,,Success
2206,VKS RF,"Site 132/1, Plesetsk Cosmodrome, Russia","Mon Jul 02, 2007 19:38 UTC",Cosmos-3M | SAR-Lupe 2,Retired,,Success
2207,VKS RF,"Site 45/1, Baikonur Cosmodrome, Kazakhstan","Fri Jun 29, 2007 10:00 UTC",Zenit-2 | Cosmos 2428,Retired,,Success
2208,Kosmotras,"Site 370/13, Yasny Cosmodrome, Russia","Thu Jun 28, 2007 15:02 UTC",Dnepr | Genesis 2,Retired,29.0,Success
2209,ULA,"SLC-41, Cape Canaveral SFS, Florida, USA","Fri Jun 15, 2007 15:12 UTC",Atlas V 401 | NOSS-3 4A & 4B (USA-194) (NROL-30),Retired,109.0,Partial Failure
2210,Kosmotras,"Site 109/95, Baikonur Cosmodrome, Kazakhstan","Fri Jun 15, 2007 02:14 UTC",Dnepr | TerraSAR-X,Retired,29.0,Success
2211,IAI,"Pad 1, Palmachim Airbase, Israel","Sun Jun 10, 2007 23:40 UTC",Shavit 2 | Ofek-7,Active,,Success
2212,NASA,"LC-39A, Kennedy Space Center, Florida, USA","Fri Jun 08, 2007 23:38 UTC",Space Shuttle Atlantis | STS-117,Retired,450.0,Success
2213,ULA,"SLC-2W, Vandenberg SFB, California, USA","Fri Jun 08, 2007 02:34 UTC",Delta II 7420-10C | COSMO-SkyMed,Retired,,Success
2214,VKS RF,"Site 16/2, Plesetsk Cosmodrome, Russia","Thu Jun 07, 2007 18:00 UTC",Soyuz U | Cosmos 2427,Retired,20.0,Success
2215,CASC,"LC-2, Xichang Satellite Launch Center, China","Thu May 31, 2007 16:08 UTC",Long March 3A | SinoSat 3,Retired,69.7,Success
2216,Starsem,"Site 31/6, Baikonur Cosmodrome, Kazakhstan","Tue May 29, 2007 20:31 UTC","Soyuz FG/Fregat | Globalstar 65, 69, 71 & 72",Retired,,Success
2217,CASC,"Site 9401 (SLS-2), Jiuquan Satellite Launch Center, China","Fri May 25, 2007 07:12 UTC",Long March 2D | Yaogan 2 & ZDPS-1,Active,29.75,Success
2218,CASC,"LC-2, Xichang Satellite Launch Center, China","Sun May 13, 2007 16:01 UTC",Long March 3B/E | NIGCOMSAT-1,Active,29.15,Success
2219,Roscosmos,"Site 1/5, Baikonur Cosmodrome, Kazakhstan","Sat May 12, 2007 03:25 UTC",Soyuz U | Progress M-60,Retired,20.0,Success
2220,Arianespace,"ELA-3, Guiana Space Centre, French Guiana, France","Fri May 04, 2007 22:29 UTC",Ariane 5 ECA | Astra 1L & Galaxy 17,Retired,200.0,Success
2221,Northrop,"Stargazer, Vandenberg SFB, California, USA","Wed Apr 25, 2007 20:26 UTC",Pegasus XL | AIM,Active,40.0,Success
2222,Northrop,"LP-0B, Wallops Flight Facility, Virginia, USA","Tue Apr 24, 2007 06:48 UTC",Minotaur I | NFIRE,Active,40.0,Success
2223,ISRO,"Second Launch Pad, Satish Dhawan Space Centre, India","Mon Apr 23, 2007 10:00 UTC",PSLV-CA | AGILE & AAM,Active,21.0,Success
2224,Kosmotras,"Site 109/95, Baikonur Cosmodrome, Kazakhstan","Tue Apr 17, 2007 06:46 UTC",Dnepr | EgyptSat 1 & Others,Retired,29.0,Success
2225,CASC,"LC-2, Xichang Satellite Launch Center, China","Fri Apr 13, 2007 20:11 UTC",Long March 3A | Beidou-2 M1,Retired,69.7,Success
2226,CASC,"LC-7, Taiyuan Satellite Launch Center, China","Wed Apr 11, 2007 03:27 UTC",Long March 2C | Haiyang-1B,Active,30.8,Success
2227,ILS,"Site 200/39, Baikonur Cosmodrome, Kazakhstan","Mon Apr 09, 2007 22:54 UTC",Proton-M/Briz-M | Anik F3,Active,65.0,Success
2228,Roscosmos,"Site 1/5, Baikonur Cosmodrome, Kazakhstan","Sat Apr 07, 2007 17:31 UTC",Soyuz FG | Soyuz TMA-10,Retired,,Success
2229,SpaceX,"Omelek Island, Ronald Reagan Ballistic Missile Defense Test Site, Marshall Islands","Wed Mar 21, 2007 01:10 UTC",Falcon 1 | DemoSat,Retired,7.0,Failure
2230,Arianespace,"ELA-3, Guiana Space Centre, French Guiana, France","Sun Mar 11, 2007 22:03 UTC",Ariane 5 ECA | Skynet 5A & INSAT-4B,Retired,200.0,Success
2231,ULA,"SLC-41, Cape Canaveral SFS, Florida, USA","Fri Mar 09, 2007 03:10 UTC","Atlas V 401 | STP-1, FalconSat-3 and Others",Retired,109.0,Success
2232,MHI,"LA-Y1, Tanegashima Space Center, Japan","Sat Feb 24, 2007 04:41 UTC","H-IIA 2024 | IGS-Optical 3V, IGS-Radar 2",Retired,,Success
2233,ULA,"SLC-17B, Cape Canaveral SFS, Florida, USA","Sat Feb 17, 2007 23:01 UTC",Delta II 7925-10C | THEMIS,Retired,,Success
2234,CASC,"LC-2, Xichang Satellite Launch Center, China","Fri Feb 02, 2007 16:28 UTC",Long March 3A | Beidou-1D,Retired,69.7,Success
2235,Sea Launch,"LP Odyssey, Kiritimati Launch Area, Pacific Ocean","Tue Jan 30, 2007 23:21 UTC",Zenit-3 SL | NSS-8,Retired,,Failure
2236,Roscosmos,"Site 1/5, Baikonur Cosmodrome, Kazakhstan","Thu Jan 18, 2007 02:12 UTC",Soyuz U | Progress M-59,Retired,20.0,Success
2237,ISRO,"First Launch Pad, Satish Dhawan Space Centre, India","Wed Jan 10, 2007 03:54 UTC","PSLV-G | Cartosat-2, SRE-1 & Rideshares",Retired,25.0,Success
2238,Starsem,"Site 31/6, Baikonur Cosmodrome, Kazakhstan","Wed Dec 27, 2006 14:23 UTC",Soyuz 2.1b/Fregat | COROT,Active,25.0,Success
2239,Roscosmos,"Site 81/24, Baikonur Cosmodrome, Kazakhstan","Mon Dec 25, 2006 20:18 UTC","Proton K/Block-DM-2 | Cosmos 2424, 2425 & 2426",Retired,,Success
2240,VKS RF,"Site 43/4, Plesetsk Cosmodrome, Russia","Sun Dec 24, 2006 08:34 UTC",Soyuz 2.1a/Fregat-M | Meridian n°11L,Active,23.0,Success
2241,VKS RF,"Site 132/1, Plesetsk Cosmodrome, Russia","Tue Dec 19, 2006 14:00 UTC",Cosmos-3M | SAR-Lupe 1,Retired,,Success
2242,MHI,"LA-Y1, Tanegashima Space Center, Japan","Mon Dec 18, 2006 06:32 UTC",H-IIA 204 | Kiku 8,Retired,,Success
2243,Northrop,"LP-0B, Wallops Flight Facility, Virginia, USA","Sat Dec 16, 2006 12:00 UTC",Minotaur I | TacSat-2 & GeneSat-1,Active,40.0,Success
2244,ULA,"SLC-2W, Vandenberg SFB, California, USA","Thu Dec 14, 2006 21:00 UTC",Delta II 7920-10C | (USA-193) (NROL-21),Retired,,Success
2245,ILS,"Site 200/39, Baikonur Cosmodrome, Kazakhstan","Mon Dec 11, 2006 23:28 UTC",Proton-M/Briz-M | MEASAT 3,Active,65.0,Success
2246,NASA,"LC-39B, Kennedy Space Center, Florida, USA","Sun Dec 10, 2006 01:47 UTC",Space Shuttle Discovery | STS-116,Retired,450.0,Success
2247,Arianespace,"ELA-3, Guiana Space Centre, French Guiana, France","Fri Dec 08, 2006 22:08 UTC",Ariane 5 ECA | WildBlue-1 & AMC-18,Retired,200.0,Success
2248,CASC,"LC-2, Xichang Satellite Launch Center, China","Fri Dec 08, 2006 00:53 UTC",Long March 3A | Fengyun-2D,Retired,69.7,Success
2249,Boeing,"SLC-17A, Cape Canaveral SFS, Florida, USA","Fri Nov 17, 2006 19:12 UTC",Delta II 7925 | GPS IIRM-3 (USA-192),Retired,,Success
2250,ILS,"Site 200/39, Baikonur Cosmodrome, Kazakhstan","Wed Nov 08, 2006 20:01 UTC",Proton-M/Briz-M | Arabsat-4B,Active,65.0,Success
2251,Boeing,"SLC-6, Vandenberg SFB, California, USA","Sat Nov 04, 2006 13:53 UTC",Delta IV Medium | DMSP-5D3 F17 (USA-191),Retired,133.0,Success
2252,Sea Launch,"LP Odyssey, Kiritimati Launch Area, Pacific Ocean","Mon Oct 30, 2006 23:48 UTC",Zenit-3 SL | XM-4,Retired,,Success
2253,CASC,"LC-2, Xichang Satellite Launch Center, China","Sat Oct 28, 2006 16:20 UTC",Long March 3B | SinoSat 2,Retired,,Success
2254,Boeing,"SLC-17B, Cape Canaveral SFS, Florida, USA","Thu Oct 26, 2006 00:52 UTC",Delta II 7925-10L | STEREO,Retired,,Success
2255,CASC,"LC-7, Taiyuan Satellite Launch Center, China","Mon Oct 23, 2006 23:34 UTC",Long March 4B | Shijian-6C & 6D,Active,64.68,Success
2256,Roscosmos,"Site 1/5, Baikonur Cosmodrome, Kazakhstan","Mon Oct 23, 2006 13:40 UTC",Soyuz U | Progress M-58,Retired,20.0,Success
2257,Starsem,"Site 31/6, Baikonur Cosmodrome, Kazakhstan","Thu Oct 19, 2006 16:28 UTC",Soyuz 2.1a/Fregat | MetOp-A,Active,23.0,Success
2258,Arianespace,"ELA-3, Guiana Space Centre, French Guiana, France","Fri Oct 13, 2006 20:56 UTC","Ariane 5 ECA | DirecTV-9S, Optus D1 & LDREX-2",Retired,200.0,Success
2259,Boeing,"SLC-17A, Cape Canaveral SFS, Florida, USA","Mon Sep 25, 2006 18:50 UTC",Delta II 7925 | GPS IIRM-2 (USA-190),Retired,,Success
2260,ISAS,"Mu Pad, Uchinoura Space Center, Japan","Fri Sep 22, 2006 21:36 UTC","Mu-V/M-25 | Hinode, Camatai & SSSat 2",Retired,,Success
2261,Roscosmos,"Site 1/5, Baikonur Cosmodrome, Kazakhstan","Mon Sep 18, 2006 04:08 UTC",Soyuz FG | Soyuz TMA-9,Retired,,Success
2262,VKS RF,"Site 31/6, Baikonur Cosmodrome, Kazakhstan","Thu Sep 14, 2006 13:41 UTC",Soyuz U | Cosmos 2423,Retired,20.0,Success
2263,CASC,"LC-2, Xichang Satellite Launch Center, China","Tue Sep 12, 2006 16:02 UTC",Long March 3A | ChinaSat-22A,Retired,69.7,Success
2264,MHI,"LA-Y1, Tanegashima Space Center, Japan","Mon Sep 11, 2006 04:35 UTC",H-IIA 202 | IGS-Optical 2,Active,90.0,Success
2265,NASA,"LC-39B, Kennedy Space Center, Florida, USA","Sat Sep 09, 2006 15:14 UTC",Space Shuttle Atlantis | STS-115,Retired,450.0,Success
2266,CASC,"Site 9401 (SLS-2), Jiuquan Satellite Launch Center, China","Sat Sep 09, 2006 07:00 UTC",Long March 2C | Shijian-8,Active,30.8,Success
2267,Sea Launch,"LP Odyssey, Kiritimati Launch Area, Pacific Ocean","Tue Aug 22, 2006 03:26 UTC",Zenit-3 SL | Koreasat 5,Retired,,Success
2268,Arianespace,"ELA-3, Guiana Space Centre, French Guiana, France","Fri Aug 11, 2006 22:15 UTC",Ariane 5 ECA | JCSAT-10 & Syracuse 3B,Retired,200.0,Success
2269,ILS,"Site 200/39, Baikonur Cosmodrome, Kazakhstan","Fri Aug 04, 2006 21:48 UTC",Proton-M/Briz-M | Hotbird 8,Active,65.0,Success
2270,Eurockot,"Site 133/3, Plesetsk Cosmodrome, Russia","Fri Jul 28, 2006 07:05 UTC",Rokot/Briz KM | KompSat-2,Retired,13.0,Success
2271,Kosmotras,"Site 109/95, Baikonur Cosmodrome, Kazakhstan","Wed Jul 26, 2006 19:43 UTC",Dnepr | BelKa 1 & Others,Retired,29.0,Failure
2272,VKS RF,"Site 16/2, Plesetsk Cosmodrome, Russia","Fri Jul 21, 2006 04:20 UTC",Molniya-M/Block 2BL | Cosmos 2422,Retired,,Success
2273,Kosmotras,"Site 370/13, Yasny Cosmodrome, Russia","Wed Jul 12, 2006 14:53 UTC",Dnepr | Genesis 1,Retired,29.0,Success
2274,ISRO,"Second Launch Pad, Satish Dhawan Space Centre, India","Mon Jul 10, 2006 12:08 UTC",GSLV Mk I | INSAT-4C,Retired,47.0,Failure
2275,NASA,"LC-39B, Kennedy Space Center, Florida, USA","Tue Jul 04, 2006 18:37 UTC",Space Shuttle Discovery | STS-121,Retired,450.0,Success
2276,Boeing,"SLC-6, Vandenberg SFB, California, USA","Wed Jun 28, 2006 03:33 UTC","Delta IV Medium+ (4,2) | Trumpet 4 (USA-184) (NROL-22)",Retired,164.0,Success
2277,VKS RF,"Site 90/20, Baikonur Cosmodrome, Kazakhstan","Sun Jun 25, 2006 04:00 UTC",Tsyklon-2 | Cosmos 2421,Retired,,Success
2278,Roscosmos,"Site 1/5, Baikonur Cosmodrome, Kazakhstan","Sat Jun 24, 2006 15:08 UTC",Soyuz U | Progress M-57,Retired,20.0,Success
2279,Boeing,"SLC-17A, Cape Canaveral SFS, Florida, USA","Wed Jun 21, 2006 22:15 UTC",Delta II 7925 | MiTEx,Retired,,Success
2280,Sea Launch,"LP Odyssey, Kiritimati Launch Area, Pacific Ocean","Sun Jun 18, 2006 07:49 UTC",Zenit-3 SL | Galaxy 16,Retired,,Success
2281,Roscosmos,"Site 200/39, Baikonur Cosmodrome, Kazakhstan","Sat Jun 17, 2006 22:44 UTC",Proton K/Block-DM-2 | KazSat-1,Retired,,Success
2282,VKS RF,"Site 1/5, Baikonur Cosmodrome, Kazakhstan","Thu Jun 15, 2006 08:00 UTC",Soyuz U | Resurs-DK1,Retired,20.0,Success
2283,Arianespace,"ELA-3, Guiana Space Centre, French Guiana, France","Sat May 27, 2006 21:09 UTC",Ariane 5 ECA | Satmex-6 & Thaicom-5,Retired,200.0,Success
2284,SRC,"K-84 Submarine, Barents Sea Launch Area, Barents Sea","Fri May 26, 2006 18:50 UTC",Shtil' | Kompass-2,Retired,,Success
2285,Boeing,"SLC-37B, Cape Canaveral SFS, Florida, USA","Wed May 24, 2006 22:11 UTC","Delta IV Medium+ (4,2) | GOES-N (GOES-13)",Retired,164.0,Success
2286,VKS RF,"Site 16/2, Plesetsk Cosmodrome, Russia","Wed May 03, 2006 17:38 UTC",Soyuz U | Cosmos 2420,Retired,20.0,Success
2287,Boeing,"SLC-2W, Vandenberg SFB, California, USA","Fri Apr 28, 2006 10:02 UTC","Delta II 7420-10C | CloudSat, CALIPSO",Retired,,Success
2288,CASC,"LC-7, Taiyuan Satellite Launch Center, China","Wed Apr 26, 2006 22:48 UTC",Long March 4C | Yaogan 1,Active,64.68,Success
2289,MITT,"Site 5, Svobodny Cosmodrome, Russia","Tue Apr 25, 2006 16:47 UTC",START-1 | EROS B,Retired,,Success
2290,Roscosmos,"Site 1/5, Baikonur Cosmodrome, Kazakhstan","Mon Apr 24, 2006 16:03 UTC",Soyuz U | Progress M-56,Retired,20.0,Success
2291,ILS,"SLC-41, Cape Canaveral SFS, Florida, USA","Thu Apr 20, 2006 20:27 UTC",Atlas V 411 | Astra 1KR,Retired,115.0,Success
2292,Northrop,"SLC-8, Vandenberg SFB, California, USA","Sat Apr 15, 2006 01:40 UTC",Minotaur I | COSMIC (FORMOSAT-3),Active,40.0,Success
2293,Sea Launch,"LP Odyssey, Kiritimati Launch Area, Pacific Ocean","Wed Apr 12, 2006 23:29 UTC",Zenit-3 SL | JCSat-9,Retired,,Success
2294,Roscosmos,"Site 1/5, Baikonur Cosmodrome, Kazakhstan","Thu Mar 30, 2006 02:30 UTC",Soyuz FG | Soyuz TMA-8,Retired,,Success
2295,SpaceX,"Omelek Island, Ronald Reagan Ballistic Missile Defense Test Site, Marshall Islands","Fri Mar 24, 2006 22:30 UTC",Falcon 1 | FalconSat-2,Retired,7.0,Failure
2296,Northrop,"Stargazer, Vandenberg SFB, California, USA","Wed Mar 22, 2006 14:03 UTC",Pegasus XL | ST-5,Active,40.0,Success
2297,Arianespace,"ELA-3, Guiana Space Centre, French Guiana, France","Sat Mar 11, 2006 22:33 UTC",Ariane 5 ECA | Spainsat & Hotbird 7A,Retired,200.0,Success
2298,ILS,"Site 200/39, Baikonur Cosmodrome, Kazakhstan","Tue Feb 28, 2006 20:10 UTC",Proton-M/Briz-M | Arabsat-4A,Active,65.0,Failure
2299,ISAS,"Mu Pad, Uchinoura Space Center, Japan","Tue Feb 21, 2006 21:28 UTC","Mu-V/M-25 | Akari, SSSat 1 & CUTE 1.7",Retired,,Success
2300,MHI,"LA-Y1, Tanegashima Space Center, Japan","Sat Feb 18, 2006 06:27 UTC",H-IIA 2024 | Himawari 7,Retired,,Success
2301,Sea Launch,"LP Odyssey, Kiritimati Launch Area, Pacific Ocean","Wed Feb 15, 2006 22:34 UTC",Zenit-3 SL | EchoStar-X,Retired,,Success
2302,MHI,"LA-Y1, Tanegashima Space Center, Japan","Tue Jan 24, 2006 01:33 UTC",H-IIA 2022 | Daichi,Retired,,Success
2303,ILS,"SLC-41, Cape Canaveral SFS, Florida, USA","Thu Jan 19, 2006 19:00 UTC",Atlas V 551 | New Horizons,Active,153.0,Success
2304,ILS,"Site 200/39, Baikonur Cosmodrome, Kazakhstan","Thu Dec 29, 2005 02:28 UTC",Proton-M/Briz-M | AMC-23,Active,65.0,Success
2305,Starsem,"Site 31/6, Baikonur Cosmodrome, Kazakhstan","Wed Dec 28, 2005 05:19 UTC",Soyuz FG/Fregat | GIOVE-A,Retired,,Success
2306,VKS RF,"Site 81/24, Baikonur Cosmodrome, Kazakhstan","Sun Dec 25, 2005 05:07 UTC","Proton K/Block-DM-2 | Cosmos 2417, 2418 & 2419",Retired,,Success
2307,Arianespace,"ELA-3, Guiana Space Centre, French Guiana, France","Wed Dec 21, 2005 22:33 UTC",Ariane 5 GS | INSAT-4A & MSG-2,Retired,,Success
2308,VKS RF,"Site 132/1, Plesetsk Cosmodrome, Russia","Wed Dec 21, 2005 19:34 UTC",Cosmos-3M | Cosmos 2416,Retired,,Success
2309,Roscosmos,"Site 1/5, Baikonur Cosmodrome, Kazakhstan","Wed Dec 21, 2005 18:38 UTC",Soyuz U | Progress M-55,Retired,20.0,Success
2310,Arianespace,"ELA-3, Guiana Space Centre, French Guiana, France","Wed Nov 16, 2005 23:46 UTC",Ariane 5 ECA | Spaceway-2 & Telkom-2,Retired,200.0,Success
2311,Starsem,"Site 31/6, Baikonur Cosmodrome, Kazakhstan","Wed Nov 09, 2005 03:33 UTC",Soyuz FG/Fregat | Venus Express,Retired,,Success
2312,Sea Launch,"LP Odyssey, Kiritimati Launch Area, Pacific Ocean","Tue Nov 08, 2005 14:06 UTC",Zenit-3 SL | Inmarsat 4F-2,Retired,,Success
2313,VKS RF,"Site 132/1, Plesetsk Cosmodrome, Russia","Thu Oct 27, 2005 06:52 UTC",Cosmos-3M | TopSat 1 & Others,Retired,,Success
2314,Lockheed,"SLC-4E, Vandenberg SFB, California, USA","Wed Oct 19, 2005 18:05 UTC",Titan IV(404)B | KH-11 14 (Crystal 14) (USA-186) (NROL-20),Retired,,Success
2315,Arianespace,"ELA-3, Guiana Space Centre, French Guiana, France","Thu Oct 13, 2005 22:32 UTC",Ariane 5 GS | Syracuse 3A & Galaxy 15,Retired,,Success
2316,CASC,"Site 901 (SLS-1), Jiuquan Satellite Launch Center, China","Wed Oct 12, 2005 01:00 UTC",Long March 2F | Shenzhou 6,Retired,,Success
2317,Eurockot,"Site 133/3, Plesetsk Cosmodrome, Russia","Sat Oct 08, 2005 15:02 UTC",Rokot/Briz KM | CryoSat-1,Retired,13.0,Failure
2318,Roscosmos,"Site 1/5, Baikonur Cosmodrome, Kazakhstan","Sat Oct 01, 2005 03:54 UTC",Soyuz FG | Soyuz TMA-7,Retired,,Success
2319,Boeing,"SLC-17A, Cape Canaveral SFS, Florida, USA","Mon Sep 26, 2005 03:37 UTC",Delta II 7925 | GPS IIRM-1 (USA-183),Retired,,Success
2320,Northrop,"SLC-8, Vandenberg SFB, California, USA","Fri Sep 23, 2005 02:24 UTC",Minotaur I | Streak (STP-R1),Active,40.0,Success
2321,ILS,"Site 200/39, Baikonur Cosmodrome, Kazakhstan","Thu Sep 08, 2005 21:53 UTC",Proton-M/Briz-M | Anik-F1R,Active,65.0,Success
2322,Roscosmos,"Site 1/5, Baikonur Cosmodrome, Kazakhstan","Thu Sep 08, 2005 13:07 UTC",Soyuz U | Progress M-54,Retired,20.0,Success
2323,VKS RF,"Site 31/6, Baikonur Cosmodrome, Kazakhstan","Fri Sep 02, 2005 09:49 UTC",Soyuz U | Cosmos 2415,Retired,20.0,Success
2324,CASC,"Site 9401 (SLS-2), Jiuquan Satellite Launch Center, China","Mon Aug 29, 2005 08:45 UTC",Long March 2D | FSW-3 3,Active,29.75,Success
2325,VKS RF,"Site 133/3, Plesetsk Cosmodrome, Russia","Fri Aug 26, 2005 18:34 UTC",Rokot/Briz KM | Monitor-E,Retired,13.0,Success
2326,Kosmotras,"Site 109/95, Baikonur Cosmodrome, Kazakhstan","Tue Aug 23, 2005 21:09 UTC",Dnepr | Kirari & Reimei,Retired,29.0,Success
2327,Starsem,"Site 31/6, Baikonur Cosmodrome, Kazakhstan","Sat Aug 13, 2005 23:28 UTC",Soyuz FG/Fregat | Galaxy 14,Retired,,Success
2328,ILS,"SLC-41, Cape Canaveral SFS, Florida, USA","Fri Aug 12, 2005 11:43 UTC",Atlas V 401 | Mars Reconnaissance Orbiter,Retired,109.0,Success
2329,Arianespace,"ELA-3, Guiana Space Centre, French Guiana, France","Thu Aug 11, 2005 08:20 UTC",Ariane 5 GS | iPStar-1,Retired,,Success
2330,CASC,"Site 9401 (SLS-2), Jiuquan Satellite Launch Center, China","Tue Aug 02, 2005 07:30 UTC",Long March 2C | FSW-4 2,Active,30.8,Success
2331,NASA,"LC-39B, Kennedy Space Center, Florida, USA","Tue Jul 26, 2005 14:39 UTC",Space Shuttle Discovery | STS-114,Retired,450.0,Success
2332,ISAS,"Mu Pad, Uchinoura Space Center, Japan","Sun Jul 10, 2005 03:30 UTC",Mu-V/M-25 | Suzaku,Retired,,Success
2333,CASC,"Site 9401 (SLS-2), Jiuquan Satellite Launch Center, China","Tue Jul 05, 2005 22:40 UTC",Long March 2D | Shijian-7,Active,29.75,Success
2334,Roscosmos,"Site 200/39, Baikonur Cosmodrome, Kazakhstan","Fri Jun 24, 2005 19:41 UTC",Proton K/Block-DM-2 | Ekspress-AM3,Retired,,Success
2335,Sea Launch,"LP Odyssey, Kiritimati Launch Area, Pacific Ocean","Thu Jun 23, 2005 14:02 UTC",Zenit-3 SL | Intelsat-Americas 8,Retired,,Success
2336,SRC,"K-496 Submarine, Barents Sea Launch Area, Barents Sea","Tue Jun 21, 2005 19:46 UTC",Volna | Cosmos 1,Retired,,Failure
2337,VKS RF,"Site 16/2, Plesetsk Cosmodrome, Russia","Tue Jun 21, 2005 00:48 UTC",Molniya-M/Block ML | Molniya-3K n°175,Retired,,Failure
2338,Roscosmos,"Site 1/5, Baikonur Cosmodrome, Kazakhstan","Thu Jun 16, 2005 23:09 UTC",Soyuz U | Progress M-53,Retired,20.0,Success
2339,CASIC,"Kaituozhe Launch Pad, Taiyuan Satellite Launch Center, China","Thu Jun 09, 2005",Kaituozhe 1 | PS 3,Retired,,Failure
2340,Roscosmos,"Site 1/5, Baikonur Cosmodrome, Kazakhstan","Tue May 31, 2005 12:00 UTC",Soyuz U | Foton-M n°2,Retired,20.0,Success
2341,ILS,"Site 200/39, Baikonur Cosmodrome, Kazakhstan","Sun May 22, 2005 17:59 UTC",Proton-M/Briz-M | DirecTV-8,Active,65.0,Success
2342,Boeing,"SLC-2W, Vandenberg SFB, California, USA","Fri May 20, 2005 10:22 UTC",Delta II 7320-10C | NOAA-N,Retired,,Success
2343,ISRO,"Second Launch Pad, Satish Dhawan Space Centre, India","Thu May 05, 2005 04:45 UTC",PSLV-G | Cartosat-1 & HAMSAT,Retired,25.0,Success
2344,Lockheed,"SLC-40, Cape Canaveral SFS, Florida, USA","Sat Apr 30, 2005 00:50 UTC",Titan IV(405)B | Onyx 5 (USA-182) (NROL-16),Retired,,Success
2345,Sea Launch,"LP Odyssey, Kiritimati Launch Area, Pacific Ocean","Tue Apr 26, 2005 07:31 UTC",Zenit-3 SL | Spaceway-1,Retired,,Success
2346,Northrop,"Stargazer, Vandenberg SFB, California, USA","Fri Apr 15, 2005 17:26 UTC",Pegasus XL | DART,Active,40.0,Success
2347,Roscosmos,"Site 1/5, Baikonur Cosmodrome, Kazakhstan","Fri Apr 15, 2005 00:46 UTC",Soyuz FG | Soyuz TMA-6,Retired,,Success
2348,CASC,"LC-2, Xichang Satellite Launch Center, China","Tue Apr 12, 2005 12:00 UTC",Long March 3B | Apstar 6,Retired,,Success
2349,Northrop,"SLC-8, Vandenberg SFB, California, USA","Mon Apr 11, 2005 13:35 UTC",Minotaur I | XSS-11,Active,40.0,Success
2350,Roscosmos,"Site 200/39, Baikonur Cosmodrome, Kazakhstan","Tue Mar 29, 2005 21:31 UTC",Proton-K/Block DM-2M | Ekspress-AM2,Retired,,Success
2351,ILS,"SLC-41, Cape Canaveral SFS, Florida, USA","Fri Mar 11, 2005 21:42 UTC",Atlas V 431 | Inmarsat-4 F1,Retired,130.0,Success
2352,Sea Launch,"LP Odyssey, Kiritimati Launch Area, Pacific Ocean","Tue Mar 01, 2005 03:50 UTC",Zenit-3 SL | XM-3,Retired,,Success
2353,Roscosmos,"Site 1/5, Baikonur Cosmodrome, Kazakhstan","Mon Feb 28, 2005 19:09 UTC",Soyuz U | Progress M-52,Retired,20.0,Success
2354,MHI,"LA-Y1, Tanegashima Space Center, Japan","Sat Feb 26, 2005 09:25 UTC",H-IIA 2022 | Himawari 6,Retired,,Success
2355,Arianespace,"ELA-3, Guiana Space Centre, French Guiana, France","Sat Feb 12, 2005 21:03 UTC","Ariane 5 ECA | XTAR-EUR, Maqsat-B2 & Sloshsat-FLEVO",Retired,200.0,Success
2356,Lockheed,"SLC-36B, Cape Canaveral SFS, Florida, USA","Thu Feb 03, 2005 07:41 UTC",Atlas IIIB | NOSS-3 3A & 3B (USA-181) (NROL-23),Retired,,Success
2357,ILS,"Site 81/24, Baikonur Cosmodrome, Kazakhstan","Thu Feb 03, 2005 02:27 UTC",Proton-M/Briz-M | AMC-12,Active,65.0,Success
2358,VKS RF,"Site 132/1, Plesetsk Cosmodrome, Russia","Thu Jan 20, 2005 03:00 UTC",Cosmos-3M | Cosmos 2414 & Universitietski,Retired,,Success
2359,Boeing,"SLC-17B, Cape Canaveral SFS, Florida, USA","Wed Jan 12, 2005 18:47 UTC",Delta II 7925 | Deep Impact,Retired,,Success
2360,VKS RF,"Site 200/39, Baikonur Cosmodrome, Kazakhstan","Sun Dec 26, 2004 13:53 UTC","Proton-K/Block DM-2M | Cosmos 2411, 2412 & 2413",Retired,,Success
2361,VKS RF,"Site 32/2, Plesetsk Cosmodrome, Russia","Fri Dec 24, 2004 11:20 UTC",Tsyklon-3 | Sich 1M & Micron 1,Retired,,Partial Failure
2362,Roscosmos,"Site 1/5, Baikonur Cosmodrome, Kazakhstan","Thu Dec 23, 2004 22:19 UTC",Soyuz U | Progress M-51,Retired,20.0,Success
2363,Boeing,"SLC-37B, Cape Canaveral SFS, Florida, USA","Tue Dec 21, 2004 21:50 UTC",Delta IV Heavy | DemoSat and 3CS-1 & 2,Retired,350.0,Partial Failure
2364,Arianespace,"ELA-3, Guiana Space Centre, French Guiana, France","Sat Dec 18, 2004 16:26 UTC","Ariane 5 G+ | Hélios 2A, PARASOL & Others",Retired,190.0,Success
2365,ILS,"SLC-41, Cape Canaveral SFS, Florida, USA","Fri Dec 17, 2004 12:07 UTC",Atlas V 521 | AMC-16,Retired,135.0,Success
2366,Boeing,"SLC-17A, Cape Canaveral SFS, Florida, USA","Sat Nov 20, 2004 17:16 UTC",Delta II 7320-10C | Swift,Retired,,Success
2367,CASC,"LC-3, Xichang Satellite Launch Center, China","Thu Nov 18, 2004 10:45 UTC",Long March 2C | Shiyan-2,Active,30.8,Success
2368,VKS RF,"Site 43/4, Plesetsk Cosmodrome, Russia","Mon Nov 08, 2004 18:29 UTC",Soyuz 2.1a | Oblik-GVM,Active,17.42,Success
2369,Boeing,"SLC-17B, Cape Canaveral SFS, Florida, USA","Sat Nov 06, 2004 05:39 UTC",Delta II 7925 | GPS IIR-13 (USA-180),Retired,,Success
2370,CASC,"LC-7, Taiyuan Satellite Launch Center, China","Sat Nov 06, 2004 03:10 UTC",Long March 4B | Ziyuan-2 03,Active,64.68,Success
2371,Roscosmos,"Site 200/39, Baikonur Cosmodrome, Kazakhstan","Fri Oct 29, 2004 22:11 UTC",Proton-K/Block DM-2M | Ekspress-AM1,Retired,,Success
2372,CASC,"LC-2, Xichang Satellite Launch Center, China","Tue Oct 19, 2004 01:20 UTC",Long March 3A | Fengyun-2C,Retired,69.7,Success
2373,ILS,"Site 200/39, Baikonur Cosmodrome, Kazakhstan","Thu Oct 14, 2004 21:23 UTC",Proton-M/Briz-M | AMC-15,Active,65.0,Success
2374,Roscosmos,"Site 1/5, Baikonur Cosmodrome, Kazakhstan","Thu Oct 14, 2004 03:06 UTC",Soyuz FG | Soyuz TMA-5,Retired,,Success
2375,Scaled,"White Knight, Mojave Air and Space Port, California, USA","Mon Oct 04, 2004 14:49 UTC",SpaceShipOne | Flight 17P,Retired,,Success
2376,Scaled,"White Knight, Mojave Air and Space Port, California, USA","Wed Sep 29, 2004 15:09 UTC",SpaceShipOne | Flight 16P,Retired,,Success
2377,CASC,"Site 9401 (SLS-2), Jiuquan Satellite Launch Center, China","Mon Sep 27, 2004 08:00 UTC",Long March 2D | FSW-3 2,Active,29.75,Success
2378,VKS RF,"Site 16/2, Plesetsk Cosmodrome, Russia","Fri Sep 24, 2004 16:49 UTC",Soyuz U | Cosmos 2410,Retired,20.0,Success
2379,VKS RF,"Site 132/1, Plesetsk Cosmodrome, Russia","Thu Sep 23, 2004 15:07 UTC",Cosmos-3M | Cosmos 2408 and 2409,Retired,,Success
2380,ISRO,"First Launch Pad, Satish Dhawan Space Centre, India","Mon Sep 20, 2004 10:31 UTC",GSLV Mk I | GSAT-3,Retired,47.0,Success
2381,CASC,"LC-7, Taiyuan Satellite Launch Center, China","Wed Sep 08, 2004 23:14 UTC",Long March 4B | Shijian-6A & 6B,Active,64.68,Success
2382,IAI,"Pad 1, Palmachim Airbase, Israel","Mon Sep 06, 2004 10:53 UTC",Shavit 1 | Ofek-6,Retired,,Failure
2383,Lockheed,"SLC-36A, Cape Canaveral SFS, Florida, USA","Tue Aug 31, 2004 23:17 UTC",Atlas IIAS | Quasar-15 (USA-179) (NROL-1),Retired,,Success
2384,CASC,"Site 9401 (SLS-2), Jiuquan Satellite Launch Center, China","Sun Aug 29, 2004 07:50 UTC",Long March 2C | FSW-4 1,Active,30.8,Success
2385,Roscosmos,"Site 1/5, Baikonur Cosmodrome, Kazakhstan","Wed Aug 11, 2004 05:03 UTC",Soyuz U | Progress M-50,Retired,20.0,Success
2386,ILS,"Site 200/39, Baikonur Cosmodrome, Kazakhstan","Wed Aug 04, 2004 22:32 UTC",Proton-M/Briz-M | Amazonas 1,Active,65.0,Success
2387,Boeing,"SLC-17B, Cape Canaveral SFS, Florida, USA","Tue Aug 03, 2004 06:15 UTC",Delta II 7925H | MESSENGER,Retired,,Success
2388,CASC,"LC-7, Taiyuan Satellite Launch Center, China","Sun Jul 25, 2004 07:05 UTC",Long March 2C/SM | Double Star P,Retired,,Success
2389,VKS RF,"Site 132/1, Plesetsk Cosmodrome, Russia","Thu Jul 22, 2004 17:46 UTC",Cosmos-3M | Cosmos 2407,Retired,,Success
2390,Arianespace,"ELA-3, Guiana Space Centre, French Guiana, France","Sun Jul 18, 2004 00:44 UTC",Ariane 5 G+ | Anik F2,Retired,190.0,Success
2391,Boeing,"SLC-2W, Vandenberg SFB, California, USA","Thu Jul 15, 2004 10:01 UTC",Delta II 7920-10L | Aura,Retired,,Success
2392,Kosmotras,"Site 109/95, Baikonur Cosmodrome, Kazakhstan","Tue Jun 29, 2004 06:30 UTC",Dnepr | DEMETER & Others,Retired,29.0,Success
2393,Sea Launch,"LP Odyssey, Kiritimati Launch Area, Pacific Ocean","Tue Jun 29, 2004 03:58 UTC",Zenit-3 SL | Telstar 18,Retired,,Partial Failure
2394,Boeing,"SLC-17B, Cape Canaveral SFS, Florida, USA","Wed Jun 23, 2004 22:54 UTC",Delta II 7925 | GPS IIR-12 (USA-178),Retired,,Success
2395,Scaled,"White Knight, Mojave Air and Space Port, California, USA","Mon Jun 21, 2004 14:50 UTC",SpaceShipOne | Flight 15P,Retired,,Success
2396,ILS,"Site 200/39, Baikonur Cosmodrome, Kazakhstan","Wed Jun 16, 2004 22:27 UTC",Proton-M/Briz-M | Intelsat-10 02,Active,65.0,Success
2397,VKS RF,"Site 45/1, Baikonur Cosmodrome, Kazakhstan","Thu Jun 10, 2004 01:28 UTC",Zenit-2 | Cosmos 2406,Retired,,Success
2398,VKS RF,"Site 90/20, Baikonur Cosmodrome, Kazakhstan","Fri May 28, 2004 06:00 UTC",Tsyklon-2 | Cosmos 2405,Retired,,Success
2399,Roscosmos,"Site 1/5, Baikonur Cosmodrome, Kazakhstan","Tue May 25, 2004 12:34 UTC",Soyuz U | Progress M-49,Retired,20.0,Success
2400,Northrop,"SLC-576E, Vandenberg SFB, California, USA","Thu May 20, 2004 17:47 UTC",Minotaur C (Taurus) | ROCSAT-2,Active,45.0,Success
2401,ILS,"SLC-36B, Cape Canaveral SFS, Florida, USA","Wed May 19, 2004 22:22 UTC",Atlas IIAS | AMC-11,Retired,,Success
2402,Sea Launch,"LP Odyssey, Kiritimati Launch Area, Pacific Ocean","Tue May 04, 2004 12:41 UTC",Zenit-3 SL | DirecTV-7S,Retired,,Success
2403,Roscosmos,"Site 200/39, Baikonur Cosmodrome, Kazakhstan","Mon Apr 26, 2004 20:37 UTC",Proton-K/Block DM-2M | Ekspress-AM11,Retired,,Success
2404,Boeing,"SLC-2W, Vandenberg SFB, California, USA","Tue Apr 20, 2004 16:57 UTC",Delta II 7920-10C | Gravity Probe B,Retired,,Success
2405,Roscosmos,"Site 1/5, Baikonur Cosmodrome, Kazakhstan","Mon Apr 19, 2004 03:19 UTC",Soyuz FG | Soyuz TMA-4,Retired,,Success
2406,CASC,"LC-3, Xichang Satellite Launch Center, China","Sun Apr 18, 2004 15:59 UTC",Long March 2C | Shiyan-1 & Nano Satellite 1,Active,30.8,Success
2407,ILS,"SLC-36A, Cape Canaveral SFS, Florida, USA","Fri Apr 16, 2004 00:45 UTC",Atlas IIAS | Superbird 6,Retired,,Success
2408,Roscosmos,"Site 81/23, Baikonur Cosmodrome, Kazakhstan","Sat Mar 27, 2004 03:30 UTC",Proton K/Block-DM-2 | Raduga-1 7,Retired,,Success
2409,Boeing,"SLC-17B, Cape Canaveral SFS, Florida, USA","Sat Mar 20, 2004 17:53 UTC",Delta II 7925 | GPS IIR-11 (USA-177),Retired,,Success
2410,ILS,"Site 81/24, Baikonur Cosmodrome, Kazakhstan","Mon Mar 15, 2004 23:06 UTC",Proton-M/Briz-M | Eutelsat W3A,Active,65.0,Success
2411,ILS,"SLC-36B, Cape Canaveral SFS, Florida, USA","Sat Mar 13, 2004 05:40 UTC",Atlas IIIA | MBSat,Retired,,Success
2412,Arianespace,"ELA-3, Guiana Space Centre, French Guiana, France","Tue Mar 02, 2004 07:17 UTC",Ariane 5 G+ | Rosetta,Retired,190.0,Success
2413,VKS RF,"Site 16/2, Plesetsk Cosmodrome, Russia","Wed Feb 18, 2004 07:06 UTC",Molniya-M/Block ML | Cosmos 2405 (Molniya-1T n°174),Retired,,Success
2414,Lockheed,"SLC-40, Cape Canaveral SFS, Florida, USA","Sat Feb 14, 2004 18:50 UTC",Titan IV(402)B | DSP-22 (USA-176),Retired,,Success
2415,ILS,"SLC-36A, Cape Canaveral SFS, Florida, USA","Thu Feb 05, 2004 23:46 UTC",Atlas IIAS | AMC-10,Retired,,Success
2416,Roscosmos,"Site 1/5, Baikonur Cosmodrome, Kazakhstan","Thu Jan 29, 2004 11:58 UTC",Soyuz U | Progress M1-11,Retired,20.0,Success
2417,Sea Launch,"LP Odyssey, Kiritimati Launch Area, Pacific Ocean","Sun Jan 11, 2004 04:12 UTC",Zenit-3 SL | Telstar 14,Retired,,Success
2418,CASC,"LC-3, Xichang Satellite Launch Center, China","Mon Dec 29, 2003 19:06 UTC",Long March 2C/SD | Double Star E,Retired,,Success
2419,Roscosmos,"Site 200/39, Baikonur Cosmodrome, Kazakhstan","Sun Dec 28, 2003 23:00 UTC",Proton-K/Block DM-2M | Ekspress-AM22,Retired,,Success
2420,Starsem,"Site 31/6, Baikonur Cosmodrome, Kazakhstan","Sat Dec 27, 2003 21:30 UTC",Soyuz FG/Fregat | AMOS 2,Retired,,Success
2421,Boeing,"SLC-17A, Cape Canaveral SFS, Florida, USA","Sun Dec 21, 2003 08:05 UTC",Delta II 7925 | GPS IIR-10 (USA-175),Retired,,Success
2422,Lockheed,"SLC-36B, Cape Canaveral SFS, Florida, USA","Thu Dec 18, 2003 02:30 UTC",Atlas IIIB | UHF F/O F11,Retired,,Success
2423,VKS RF,"Site 81/24, Baikonur Cosmodrome, Kazakhstan","Wed Dec 10, 2003 17:42 UTC","Proton-K/Briz-M | Cosmos 2402, 2403 & 2404",Retired,,Success
2424,VKS RF,"Site 175/59, Baikonur Cosmodrome, Kazakhstan","Fri Dec 05, 2003 06:00 UTC",Strela | Gruzomaket,Retired,,Success
2425,Lockheed,"SLC-3E, Vandenberg SFB, California, USA","Tue Dec 02, 2003 10:04 UTC",Atlas IIAS | NOSS-3 2A & 2B (USA-173) (NROL-18),Retired,,Success
2426,MHI,"LA-Y1, Tanegashima Space Center, Japan","Sat Nov 29, 2003 04:33 UTC","H-IIA 2024 | IGS-Optical (2), IGS-Radar (2)",Retired,,Failure
2427,Roscosmos,"Site 81/23, Baikonur Cosmodrome, Kazakhstan","Mon Nov 24, 2003 06:22 UTC",Proton-K/Block DM-2M | Yamal 201 & 202,Retired,,Success
2428,CASC,"LC-2, Xichang Satellite Launch Center, China","Fri Nov 14, 2003 16:01 UTC",Long March 3A | ChinaSat-20,Retired,69.7,Success
2429,CASC,"Site 9401 (SLS-2), Jiuquan Satellite Launch Center, China","Mon Nov 03, 2003 07:20 UTC",Long March 2D | FSW-3 1,Active,29.75,Success
2430,Eurockot,"Site 133/3, Plesetsk Cosmodrome, Russia","Thu Oct 30, 2003 13:43 UTC",Rokot/Briz KM | SERVIS-1,Retired,13.0,Success
2431,CASC,"LC-7, Taiyuan Satellite Launch Center, China","Tue Oct 21, 2003 03:16 UTC",Long March 4B | CBERS-2 & Chuangxin-1 01,Active,64.68,Success
2432,Lockheed,"SLC-4W, Vandenberg SFB, California, USA","Sat Oct 18, 2003 16:17 UTC",Titan II(23)G | DMSP-5D3 F16 (USA-172),Retired,35.0,Success
2433,Roscosmos,"Site 1/5, Baikonur Cosmodrome, Kazakhstan","Sat Oct 18, 2003 05:38 UTC",Soyuz FG | Soyuz TMA-3,Retired,,Success
2434,ISRO,"First Launch Pad, Satish Dhawan Space Centre, India","Fri Oct 17, 2003 04:52 UTC",PSLV-G | Resourcesat-1,Retired,25.0,Success
2435,CASC,"Site 901 (SLS-1), Jiuquan Satellite Launch Center, China","Wed Oct 15, 2003 01:00 UTC",Long March 2F | Shenzhou 5,Retired,,Success
2436,Sea Launch,"LP Odyssey, Kiritimati Launch Area, Pacific Ocean","Wed Oct 01, 2003 04:02 UTC",Zenit-3 SL | Galaxy-13,Retired,,Success
2437,Arianespace,"ELA-3, Guiana Space Centre, French Guiana, France","Sat Sep 27, 2003 23:14 UTC","Ariane 5 G | Insat 3E, eBird-1 & SMART-1",Retired,,Success
2438,VKS RF,"Site 132/1, Plesetsk Cosmodrome, Russia","Sat Sep 27, 2003 06:11 UTC",Cosmos-3M | STSAT 1 & Others,Retired,,Success
2439,CASIC,"Kaituozhe Launch Pad, Taiyuan Satellite Launch Center, China","Tue Sep 16, 2003 10:30 UTC",Kaituozhe 1 | PS 2,Retired,,Failure
2440,Lockheed,"SLC-40, Cape Canaveral SFS, Florida, USA","Tue Sep 09, 2003 04:29 UTC",Titan IV(401)B | Orion 5 (USA-171) (NROL-19),Retired,,Success
2441,Boeing,"SLC-37B, Cape Canaveral SFS, Florida, USA","Fri Aug 29, 2003 23:13 UTC",Delta IV Medium | DSCS-3 B6,Retired,133.0,Success
2442,Roscosmos,"Site 1/5, Baikonur Cosmodrome, Kazakhstan","Fri Aug 29, 2003 01:47 UTC",Soyuz U | Progress M-48,Retired,20.0,Success
2443,Boeing,"SLC-17B, Cape Canaveral SFS, Florida, USA","Mon Aug 25, 2003 05:35 UTC",Delta II 7920H | Spitzer Space Telescope,Retired,,Success
2444,AEB,"VLS Pad, Alcântara Launch Center, Maranhão, Brazil","Fri Aug 22, 2003",VLS-1 | SATEC & UNOSAT,Retired,,Prelaunch Failure
2445,VKS RF,"Site 132/1, Plesetsk Cosmodrome, Russia","Tue Aug 19, 2003 10:50 UTC",Cosmos-3M | Cosmos 2400 and 2401,Retired,,Success
2446,Northrop,"Stargazer, Vandenberg SFB, California, USA","Wed Aug 13, 2003 02:09 UTC",Pegasus XL | SCISAT-1,Active,40.0,Success
2447,VKS RF,"Site 31/6, Baikonur Cosmodrome, Kazakhstan","Tue Aug 12, 2003 14:20 UTC",Soyuz U | Cosmos 2399,Retired,20.0,Success
2448,Sea Launch,"LP Odyssey, Kiritimati Launch Area, Pacific Ocean","Fri Aug 08, 2003 03:30 UTC",Zenit-3 SL | EchoStar 9,Retired,,Success
2449,ILS,"SLC-41, Cape Canaveral SFS, Florida, USA","Thu Jul 17, 2003 23:45 UTC",Atlas V 521 | Rainbow 1,Retired,135.0,Success
2450,Boeing,"SLC-17B, Cape Canaveral SFS, Florida, USA","Tue Jul 08, 2003 03:18 UTC",Delta II 7925H | Opportunity,Retired,,Success
2451,Eurockot,"Site 133/3, Plesetsk Cosmodrome, Russia","Mon Jun 30, 2003 14:15 UTC",Rokot/Briz KM | Monitor-E GVM & Others,Retired,13.0,Success
2452,Northrop,"Stargazer, Vandenberg SFB, California, USA","Thu Jun 26, 2003 18:53 UTC",Pegasus XL | OrbView-3,Active,40.0,Success
2453,VKS RF,"Site 16/2, Plesetsk Cosmodrome, Russia","Thu Jun 19, 2003 20:00 UTC",Molniya-M/Block ML | Molniya-3 n°173,Retired,,Success
2454,Arianespace,"ELA-3, Guiana Space Centre, French Guiana, France","Wed Jun 11, 2003 22:38 UTC",Ariane 5 G | Optus C1 & BSAT-2c,Retired,,Success
2455,Boeing,"SLC-17A, Cape Canaveral SFS, Florida, USA","Tue Jun 10, 2003 17:58 UTC",Delta II 7925 | Spirit,Retired,,Success
2456,Sea Launch,"LP Odyssey, Kiritimati Launch Area, Pacific Ocean","Tue Jun 10, 2003 13:55 UTC",Zenit-3 SL | Thuraya-2,Retired,,Success
2457,Roscosmos,"Site 1/5, Baikonur Cosmodrome, Kazakhstan","Sun Jun 08, 2003 10:34 UTC",Soyuz U | Progress M1-10,Retired,20.0,Success
2458,ILS,"Site 200/39, Baikonur Cosmodrome, Kazakhstan","Fri Jun 06, 2003 22:15 UTC",Proton-K/Briz-M | AMC-9,Retired,,Success
2459,VKS RF,"Site 132/1, Plesetsk Cosmodrome, Russia","Wed Jun 04, 2003 19:23 UTC",Cosmos-3M | Cosmos 2398,Retired,,Success
2460,Starsem,"Site 31/6, Baikonur Cosmodrome, Kazakhstan","Mon Jun 02, 2003 17:45 UTC",Soyuz FG/Fregat | Mars Express,Retired,,Success
2461,CASC,"LC-2, Xichang Satellite Launch Center, China","Sat May 24, 2003 16:34 UTC",Long March 3A | Beidou-1C,Retired,69.7,Success
2462,ILS,"SLC-41, Cape Canaveral SFS, Florida, USA","Tue May 13, 2003 22:10 UTC",Atlas V 401 | HellasSat-2,Retired,109.0,Success
2463,ISAS,"Mu Pad, Uchinoura Space Center, Japan","Fri May 09, 2003 04:29 UTC",Mu-V/M-25 | Hayabusa 1,Retired,,Success
2464,ISRO,"First Launch Pad, Satish Dhawan Space Centre, India","Thu May 08, 2003 11:28 UTC",GSLV Mk I | GSAT-2,Retired,47.0,Success
2465,Northrop,"Stargazer, Cape Canaveral SFS, Florida, USA","Mon Apr 28, 2003 11:59 UTC",Pegasus XL | GALEX,Active,40.0,Success
2466,Roscosmos,"Site 1/5, Baikonur Cosmodrome, Kazakhstan","Sat Apr 26, 2003 03:53 UTC",Soyuz FG | Soyuz TMA-2,Retired,,Success
2467,Roscosmos,"Site 81/24, Baikonur Cosmodrome, Kazakhstan","Thu Apr 24, 2003 04:23 UTC",Proton K/Block-DM-2 | Cosmos 2397,Retired,,Success
2468,ILS,"SLC-36B, Cape Canaveral SFS, Florida, USA","Sat Apr 12, 2003 00:47 UTC",Atlas IIIB | AsiaSat 4,Retired,,Success
2469,Arianespace,"ELA-3, Guiana Space Centre, French Guiana, France","Wed Apr 09, 2003 22:52 UTC",Ariane 5 G | INSAT-3A & Galaxy 12,Retired,,Success
2470,Lockheed,"SLC-40, Cape Canaveral SFS, Florida, USA","Tue Apr 08, 2003 13:43 UTC",Titan IV(401)B | Milstar DFS-6,Retired,,Success
2471,VKS RF,"Site 16/2, Plesetsk Cosmodrome, Russia","Wed Apr 02, 2003 01:53 UTC",Molniya-M/Block ML | Molniya-1T n°172,Retired,,Success
2472,Boeing,"SLC-17A, Cape Canaveral SFS, Florida, USA","Mon Mar 31, 2003 22:09 UTC",Delta II 7925 | GPS IIR-9 (USA-168),Retired,,Success
2473,MHI,"LA-Y1, Tanegashima Space Center, Japan","Fri Mar 28, 2003 01:27 UTC","H-IIA 2024 | IGS-Optical 1, IGS-Radar 1",Retired,,Success
2474,Boeing,"SLC-37B, Cape Canaveral SFS, Florida, USA","Tue Mar 11, 2003 00:59 UTC",Delta IV Medium | DSCS-3 A3,Retired,133.0,Success
2475,Arianespace,"ELA-2, Guiana Space Centre, French Guiana, France","Sat Feb 15, 2003 07:00 UTC",Ariane 44L | Intelsat 907,Retired,,Success
2476,Roscosmos,"Site 1/5, Baikonur Cosmodrome, Kazakhstan","Sun Feb 02, 2003 12:59 UTC",Soyuz U | Progress M-47,Retired,20.0,Success
2477,Boeing,"SLC-17B, Cape Canaveral SFS, Florida, USA","Wed Jan 29, 2003 18:06 UTC",Delta II 7925 | GPS IIR-8 (USA-166) & XSS 10,Retired,,Success
2478,Northrop,"Stargazer, Cape Canaveral SFS, Florida, USA","Sat Jan 25, 2003 20:13 UTC",Pegasus XL | SORCE,Active,40.0,Success
2479,NASA,"LC-39A, Kennedy Space Center, Florida, USA","Thu Jan 16, 2003 15:39 UTC",Space Shuttle Columbia | STS-107,Retired,450.0,Failure
2480,Boeing,"SLC-2W, Vandenberg SFB, California, USA","Mon Jan 13, 2003 00:45 UTC",Delta II 7320-10C | ICESat / CHIPSat,Retired,,Success
2481,Lockheed,"SLC-4W, Vandenberg SFB, California, USA","Mon Jan 06, 2003 14:19 UTC",Titan II(23)G | Coriolis,Retired,35.0,Success
2482,ILS,"Site 81/24, Baikonur Cosmodrome, Kazakhstan","Sun Dec 29, 2002 23:16 UTC",Proton-M/Briz-M | Nimiq-2,Active,65.0,Success
2483,CASC,"Site 901 (SLS-1), Jiuquan Satellite Launch Center, China","Sun Dec 29, 2002 16:40 UTC",Long March 2F | Shenzhou 4,Retired,,Success
2484,Roscosmos,"Site 81/23, Baikonur Cosmodrome, Kazakhstan","Wed Dec 25, 2002 07:37 UTC","Proton-K/Block DM-2M | Cosmos 2394, 2395 & 2396",Retired,,Success
2485,VKS RF,"Site 16/2, Plesetsk Cosmodrome, Russia","Tue Dec 24, 2002 12:20 UTC",Molniya-M/Block 2BL | Cosmos 2393,Retired,,Success
2486,Kosmotras,"Site 109/95, Baikonur Cosmodrome, Kazakhstan","Fri Dec 20, 2002 17:00 UTC",Dnepr | Rubin 2 & Others,Retired,29.0,Success
2487,Arianespace,"ELA-2, Guiana Space Centre, French Guiana, France","Tue Dec 17, 2002 23:04 UTC",Ariane 44L | NSS-6,Retired,,Success
2488,MHI,"LA-Y1, Tanegashima Space Center, Japan","Sat Dec 14, 2002 01:31 UTC","H-IIA 202 | Midori 2, WEOS & Others",Active,90.0,Success
2489,Arianespace,"ELA-3, Guiana Space Centre, French Guiana, France","Wed Dec 11, 2002 22:22 UTC","Ariane 5 ECA | Hot Bird 7, Stentor & MFD-A/B",Retired,200.0,Failure
2490,Lockheed,"SLC-36A, Cape Canaveral SFS, Florida, USA","Thu Dec 05, 2002 02:42 UTC",Atlas IIA | TDRS-J,Retired,,Success
2491,VKS RF,"Site 132/1, Plesetsk Cosmodrome, Russia","Thu Nov 28, 2002 06:07 UTC","Cosmos-3M | AlSat 1, Mozhayets 4 & Rubin 3-DSI",Retired,,Success
2492,ILS,"Site 81/23, Baikonur Cosmodrome, Kazakhstan","Mon Nov 25, 2002 23:04 UTC",Proton-K/Block DM-2M | Astra 1K,Retired,,Failure
2493,NASA,"LC-39A, Kennedy Space Center, Florida, USA","Sun Nov 24, 2002 00:49 UTC",Space Shuttle Endeavour | STS-113,Retired,450.0,Success
2494,Boeing,"SLC-37B, Cape Canaveral SFS, Florida, USA","Wed Nov 20, 2002 22:39 UTC","Delta IV Medium+ (4,2) | Eutelsat W5",Retired,164.0,Success
2495,Roscosmos,"Site 1/5, Baikonur Cosmodrome, Kazakhstan","Wed Oct 30, 2002 03:11 UTC",Soyuz FG | Soyuz TMA-1,Retired,,Success
2496,CASC,"LC-7, Taiyuan Satellite Launch Center, China","Sun Oct 27, 2002 03:17 UTC",Long March 4B | Ziyuan-2 02,Active,64.68,Success
2497,Roscosmos,"Site 200/39, Baikonur Cosmodrome, Kazakhstan","Thu Oct 17, 2002 04:41 UTC",Proton-K/Block DM-5 | INTEGRAL,Retired,,Success
2498,VKS RF,"Site 43/3, Plesetsk Cosmodrome, Russia","Tue Oct 15, 2002 18:20 UTC",Soyuz U | Foton-M n°1,Retired,20.0,Failure
2499,NASA,"LC-39B, Kennedy Space Center, Florida, USA","Mon Oct 07, 2002 19:45 UTC",Space Shuttle Atlantis | STS-112,Retired,450.0,Success
2500,VKS RF,"Site 132/1, Plesetsk Cosmodrome, Russia","Thu Sep 26, 2002 14:27 UTC",Cosmos-3M | Nadiezhda-M n°1,Retired,,Success
2501,Roscosmos,"Site 1/5, Baikonur Cosmodrome, Kazakhstan","Wed Sep 25, 2002 16:58 UTC",Soyuz FG | Progress M1-9,Retired,,Success
2502,ILS,"SLC-36A, Cape Canaveral SFS, Florida, USA","Wed Sep 18, 2002 22:04 UTC",Atlas IIAS | Hispasat 1D,Retired,,Success
2503,CASIC,"Kaituozhe Launch Pad, Taiyuan Satellite Launch Center, China","Sun Sep 15, 2002 10:30 UTC",Kaituozhe 1 | PS 1,Retired,,Failure
2504,ISRO,"First Launch Pad, Satish Dhawan Space Centre, India","Thu Sep 12, 2002 10:23 UTC",PSLV-G | METSAT-1,Retired,25.0,Success
2505,MHI,"LA-Y1, Tanegashima Space Center, Japan","Tue Sep 10, 2002 08:20 UTC",H-IIA 2024 | USERS & Kodama,Retired,,Success
2506,Arianespace,"ELA-2, Guiana Space Centre, French Guiana, France","Fri Sep 06, 2002 06:44 UTC",Ariane 44L | Intelsat 906,Retired,,Success
2507,Arianespace,"ELA-3, Guiana Space Centre, French Guiana, France","Wed Aug 28, 2002 22:45 UTC","Ariane 5 G | Atlantic Bird 1, MSG-1 & MFD",Retired,,Success
2508,ILS,"Site 81/23, Baikonur Cosmodrome, Kazakhstan","Thu Aug 22, 2002 05:15 UTC",Proton-K/Block DM-2M | Echostar VIII,Retired,,Success
2509,ILS,"SLC-41, Cape Canaveral SFS, Florida, USA","Wed Aug 21, 2002 22:05 UTC",Atlas V 401 | Hot Bird 6,Retired,109.0,Success
2510,VKS RF,"Site 81/24, Baikonur Cosmodrome, Kazakhstan","Thu Jul 25, 2002 15:13 UTC",Proton-K/Block DM-5 | Cosmos 2392,Retired,,Success
2511,VKS RF,"Site 132/1, Plesetsk Cosmodrome, Russia","Mon Jul 08, 2002 06:35 UTC",Cosmos-3M | Cosmos 2390 and 2391,Retired,,Success
2512,Arianespace,"ELA-3, Guiana Space Centre, French Guiana, France","Fri Jul 05, 2002 23:22 UTC",Ariane 5 G | Stellat-5 & NStar-C,Retired,,Success
2513,Boeing,"SLC-17A, Cape Canaveral SFS, Florida, USA","Wed Jul 03, 2002 06:47 UTC",Delta II 7425 | CONTOUR,Retired,,Success
2514,Roscosmos,"Site 1/5, Baikonur Cosmodrome, Kazakhstan","Wed Jun 26, 2002 05:36 UTC",Soyuz U | Progress M-46,Retired,20.0,Success
2515,Lockheed,"SLC-4W, Vandenberg SFB, California, USA","Mon Jun 24, 2002 18:23 UTC",Titan II(23)G | NOAA-17,Retired,35.0,Success
2516,Eurockot,"Site 133/3, Plesetsk Cosmodrome, Russia","Thu Jun 20, 2002 09:33 UTC",Rokot/Briz KM | Iridium SV97 & SV98,Retired,13.0,Success
2517,Sea Launch,"LP Odyssey, Kiritimati Launch Area, Pacific Ocean","Sat Jun 15, 2002 22:39 UTC",Zenit-3 SL | Galaxy IIIC,Retired,,Success
2518,Roscosmos,"Site 200/39, Baikonur Cosmodrome, Kazakhstan","Mon Jun 10, 2002 01:14 UTC",Proton-K/Block DM-2M | Ekspress-A1R,Retired,,Success
2519,NASA,"LC-39A, Kennedy Space Center, Florida, USA","Wed Jun 05, 2002 21:22 UTC",Space Shuttle Endeavour | STS-111,Retired,450.0,Success
2520,Arianespace,"ELA-2, Guiana Space Centre, French Guiana, France","Wed Jun 05, 2002 06:44 UTC",Ariane 44L | Intelsat 905,Retired,,Success
2521,VKS RF,"Site 132/1, Plesetsk Cosmodrome, Russia","Tue May 28, 2002 18:14 UTC",Cosmos-3M | Cosmos 2389,Retired,,Success
2522,IAI,"Pad 1, Palmachim Airbase, Israel","Tue May 28, 2002 15:25 UTC",Shavit 1 | Ofek-5,Retired,,Success
2523,CASC,"LC-7, Taiyuan Satellite Launch Center, China","Wed May 15, 2002 01:50 UTC",Long March 4B | Fengyun-1D & Haiyang-1A,Active,64.68,Success
2524,ILS,"Site 81/24, Baikonur Cosmodrome, Kazakhstan","Tue May 07, 2002 17:00 UTC",Proton-K/Block DM-2M | DirecTV-5,Retired,,Success
2525,Boeing,"SLC-2W, Vandenberg SFB, California, USA","Sat May 04, 2002 09:54 UTC",Delta II 7920-10C | Aqua,Retired,,Success
2526,Arianespace,"ELA-2, Guiana Space Centre, French Guiana, France","Sat May 04, 2002 01:31 UTC",Ariane 42P | SPOT-5 & IDEFIX,Retired,,Success
2527,Roscosmos,"Site 1/5, Baikonur Cosmodrome, Kazakhstan","Thu Apr 25, 2002 06:26 UTC",Soyuz U | Soyuz TM-34,Retired,20.0,Success
2528,Arianespace,"ELA-2, Guiana Space Centre, French Guiana, France","Tue Apr 16, 2002 23:02 UTC",Ariane 44L | NSS-7,Retired,,Success
2529,NASA,"LC-39B, Kennedy Space Center, Florida, USA","Mon Apr 08, 2002 20:44 UTC",Space Shuttle Atlantis | STS-110,Retired,450.0,Success
2530,VKS RF,"Site 16/2, Plesetsk Cosmodrome, Russia","Mon Apr 01, 2002 22:06 UTC",Molniya-M/Block 2BL | Cosmos 2388,Retired,,Success
2531,ILS,"Site 81/23, Baikonur Cosmodrome, Kazakhstan","Sat Mar 30, 2002 17:25 UTC",Proton-K/Block DM-2M | Intelsat 903,Retired,,Success
2532,Arianespace,"ELA-2, Guiana Space Centre, French Guiana, France","Fri Mar 29, 2002 01:29 UTC",Ariane 44L | Astra 3A & JCSAT-8,Retired,,Success
2533,CASC,"Site 901 (SLS-1), Jiuquan Satellite Launch Center, China","Mon Mar 25, 2002 14:15 UTC",Long March 2F | Shenzhou 3,Retired,,Success
2534,Roscosmos,"Site 1/5, Baikonur Cosmodrome, Kazakhstan","Thu Mar 21, 2002 20:13 UTC",Soyuz U | Progress M1-8,Retired,20.0,Success
2535,Eurockot,"Site 133/3, Plesetsk Cosmodrome, Russia","Sun Mar 17, 2002 09:21 UTC",Rokot/Briz KM | GRACE 1 & 2,Retired,13.0,Success
2536,Lockheed,"SLC-36A, Cape Canaveral SFS, Florida, USA","Fri Mar 08, 2002 22:59 UTC",Atlas IIA | TDRS-I,Retired,,Success
2537,NASA,"LC-39A, Kennedy Space Center, Florida, USA","Fri Mar 01, 2002 11:22 UTC",Space Shuttle Columbia | STS-109,Retired,450.0,Success
2538,Arianespace,"ELA-3, Guiana Space Centre, French Guiana, France","Fri Mar 01, 2002 01:07 UTC",Ariane 5 G | Envisat,Retired,,Success
2539,VKS RF,"Site 43/3, Plesetsk Cosmodrome, Russia","Mon Feb 25, 2002 17:26 UTC",Soyuz U | Cosmos 2387,Retired,20.0,Success
2540,Arianespace,"ELA-2, Guiana Space Centre, French Guiana, France","Sat Feb 23, 2002 06:59 UTC",Ariane 44L | Intelsat 904,Retired,,Success
2541,ILS,"SLC-36B, Cape Canaveral SFS, Florida, USA","Thu Feb 21, 2002 12:43 UTC",Atlas IIIB | EchoStar VII,Retired,,Success
2542,Boeing,"SLC-2W, Vandenberg SFB, California, USA","Mon Feb 11, 2002 17:43 UTC",Delta II 7920-10C | Iridium IS-1,Retired,,Success
2543,Northrop,"Stargazer, Cape Canaveral SFS, Florida, USA","Tue Feb 05, 2002 20:58 UTC",Pegasus XL | RHESSI,Active,40.0,Success
2544,MHI,"LA-Y1, Tanegashima Space Center, Japan","Mon Feb 04, 2002 02:45 UTC","H-IIA 2024 | VEP 3, Tsubasa & DASH",Retired,,Success
2545,Arianespace,"ELA-2, Guiana Space Centre, French Guiana, France","Wed Jan 23, 2002 23:46 UTC",Ariane 42L | Insat 3C,Retired,,Success
2546,Lockheed,"SLC-40, Cape Canaveral SFS, Florida, USA","Wed Jan 16, 2002 00:30 UTC",Titan IV(401)B | Milstar DFS-5,Retired,,Success
2547,VKS RF,"Site 32/1, Plesetsk Cosmodrome, Russia","Fri Dec 28, 2001 03:24 UTC",Tsyklon-3 | Cosmos 2384 to 2386 & Goniets n°10 to 12,Retired,,Success
2548,VKS RF,"Site 90/20, Baikonur Cosmodrome, Kazakhstan","Fri Dec 21, 2001 04:00 UTC",Tsyklon-2 | Cosmos 2383,Retired,,Success
2549,VKS RF,"Site 45/1, Baikonur Cosmodrome, Kazakhstan","Mon Dec 10, 2001 17:18 UTC",Zenit-2 | Meteor-3M n°1 & Others,Retired,,Success
2550,Boeing,"SLC-2W, Vandenberg SFB, California, USA","Fri Dec 07, 2001 15:07 UTC",Delta II 7920-10C | Jason-1 / TIMED,Retired,,Success
2551,NASA,"LC-39B, Kennedy Space Center, Florida, USA","Wed Dec 05, 2001 22:19 UTC",Space Shuttle Endeavour | STS-108,Retired,450.0,Success
2552,VKS RF,"Site 81/24, Baikonur Cosmodrome, Kazakhstan","Sat Dec 01, 2001 18:04 UTC","Proton K/Block-DM-2 | Cosmos 2380, 2381 & 2382",Retired,,Success
2553,Arianespace,"ELA-2, Guiana Space Centre, French Guiana, France","Tue Nov 27, 2001 00:35 UTC",Ariane 44LP | DirecTV-4S,Retired,,Success
2554,Roscosmos,"Site 1/5, Baikonur Cosmodrome, Kazakhstan","Mon Nov 26, 2001 18:24 UTC",Soyuz FG | Progress M1-7,Retired,,Success
2555,VKS RF,"Site 43/3, Plesetsk Cosmodrome, Russia","Thu Oct 25, 2001 11:34 UTC",Molniya-M/Block ML | Molniya-3 n°171,Retired,,Success
2556,ISRO,"First Launch Pad, Satish Dhawan Space Centre, India","Mon Oct 22, 2001 04:53 UTC","PSLV-G | TES, BIRD & PROBA",Retired,25.0,Success
2557,Roscosmos,"Site 1/5, Baikonur Cosmodrome, Kazakhstan","Sun Oct 21, 2001 08:59 UTC",Soyuz U | Soyuz TM-33,Retired,20.0,Success
2558,Boeing,"SLC-2W, Vandenberg SFB, California, USA","Thu Oct 18, 2001 18:51 UTC",Delta II 7320-10C | QuickBird,Retired,,Success
2559,Lockheed,"SLC-36B, Cape Canaveral SFS, Florida, USA","Thu Oct 11, 2001 02:32 UTC",Atlas IIAS | Quasar-14 (NROL-12) (USA-162),Retired,,Success
2560,Roscosmos,"Site 81/24, Baikonur Cosmodrome, Kazakhstan","Sat Oct 06, 2001 16:45 UTC",Proton K/Block-DM-2 | Raduga-1 6,Retired,,Success
2561,Lockheed,"SLC-4E, Vandenberg SFB, California, USA","Fri Oct 05, 2001 21:21 UTC",Titan IV(404)B | KH-11 13 (Crystal 13) (USA-161) (NROL-14),Retired,,Success
2562,Lockheed,"LP-1, Pacific Spaceport Complex, Kodiak, Alaska, USA","Sun Sep 30, 2001 02:40 UTC",Athena I | Starshine 3 & Others,Retired,,Success
2563,Arianespace,"ELA-2, Guiana Space Centre, French Guiana, France","Tue Sep 25, 2001 23:21 UTC",Ariane 44P | Atlantic Bird 2,Retired,,Success
2564,Northrop,"SLC-576E, Vandenberg SFB, California, USA","Fri Sep 21, 2001 18:49 UTC","Minotaur C (Taurus) | Orbview-4, QuikTOMS and Others",Active,45.0,Failure
2565,Roscosmos,"Site 1/5, Baikonur Cosmodrome, Kazakhstan","Fri Sep 14, 2001 23:34 UTC",Soyuz U | Progress M-SO1,Retired,20.0,Success
2566,Lockheed,"SLC-3E, Vandenberg SFB, California, USA","Sat Sep 08, 2001 15:25 UTC",Atlas IIAS | NOSS-3 1A & 1B (USA-160) (NROL-13),Retired,,Success
2567,Arianespace,"ELA-2, Guiana Space Centre, French Guiana, France","Thu Aug 30, 2001 06:46 UTC",Ariane 44L | Intelsat 902,Retired,,Success
2568,MHI,"LA-Y1, Tanegashima Space Center, Japan","Wed Aug 29, 2001 07:00 UTC",H-IIA 202 | VEP 2 & LRE,Active,90.0,Success
2569,VKS RF,"Site 81/24, Baikonur Cosmodrome, Kazakhstan","Fri Aug 24, 2001 20:34 UTC",Proton K/Block-DM-2 | Cosmos 2379,Retired,,Success
2570,Roscosmos,"Site 1/5, Baikonur Cosmodrome, Kazakhstan","Tue Aug 21, 2001 09:23 UTC",Soyuz U | Progress M-45,Retired,20.0,Success
2571,NASA,"LC-39A, Kennedy Space Center, Florida, USA","Fri Aug 10, 2001 21:10 UTC",Space Shuttle Discovery | STS-105,Retired,450.0,Success
2572,Boeing,"SLC-17A, Cape Canaveral SFS, Florida, USA","Wed Aug 08, 2001 16:13 UTC",Delta II 7326 | Genesis Probe,Retired,,Success
2573,Lockheed,"SLC-40, Cape Canaveral SFS, Florida, USA","Mon Aug 06, 2001 07:28 UTC",Titan IV(402)B | DSP-21 (USA-159),Retired,,Success
2574,VKS RF,"Site 32/2, Plesetsk Cosmodrome, Russia","Tue Jul 31, 2001 07:59 UTC",Tsyklon-3 | Koronass F,Retired,,Success
2575,Lockheed,"SLC-36A, Cape Canaveral SFS, Florida, USA","Mon Jul 23, 2001 07:23 UTC",Atlas IIA | GOES-M,Retired,,Success
2576,VKS RF,"Site 43/4, Plesetsk Cosmodrome, Russia","Fri Jul 20, 2001 00:17 UTC",Molniya-M/Block ML | Molniya-3K n°170,Retired,,Success
2577,Arianespace,"ELA-3, Guiana Space Centre, French Guiana, France","Thu Jul 12, 2001 21:58 UTC",Ariane 5 G | Artemis & BSAT-2b,Retired,,Partial Failure
2578,NASA,"LC-39B, Kennedy Space Center, Florida, USA","Thu Jul 12, 2001 09:03 UTC",Space Shuttle Atlantis | STS-104,Retired,450.0,Success
2579,Boeing,"SLC-17A, Cape Canaveral SFS, Florida, USA","Sat Jun 30, 2001 19:46 UTC",Delta II 7425-10C | WMAP,Retired,,Success
2580,ILS,"SLC-36B, Cape Canaveral SFS, Florida, USA","Tue Jun 19, 2001 04:41 UTC",Atlas IIAS | ICO F2,Retired,,Success
2581,ILS,"Site 81/23, Baikonur Cosmodrome, Kazakhstan","Sat Jun 16, 2001 01:49 UTC",Proton-K/Block DM-2M | Astra-2C,Retired,,Success
2582,Arianespace,"ELA-2, Guiana Space Centre, French Guiana, France","Sat Jun 09, 2001 06:45 UTC",Ariane 44L | Intelsat 901,Retired,,Success
2583,VKS RF,"Site 132/1, Plesetsk Cosmodrome, Russia","Fri Jun 08, 2001 15:08 UTC",Cosmos-3M | Cosmos 2378,Retired,,Success
2584,VKS RF,"Site 43/4, Plesetsk Cosmodrome, Russia","Tue May 29, 2001 17:55 UTC",Soyuz U | Cosmos 2377,Retired,20.0,Success
2585,Roscosmos,"Site 1/5, Baikonur Cosmodrome, Kazakhstan","Sun May 20, 2001 22:32 UTC",Soyuz FG | Progress M1-6,Retired,,Success
2586,Boeing,"SLC-17B, Cape Canaveral SFS, Florida, USA","Fri May 18, 2001 17:45 UTC",Delta II 7925 | GeoLITE (USA-158) (NROL-17),Retired,,Success
2587,ILS,"Site 81/23, Baikonur Cosmodrome, Kazakhstan","Tue May 15, 2001 01:11 UTC",Proton-K/Block DM-2M | PanAmSat-10,Retired,,Success
2588,Sea Launch,"LP Odyssey, Kiritimati Launch Area, Pacific Ocean","Tue May 08, 2001 22:10 UTC",Zenit-3 SL | XM-1,Retired,,Success
2589,Roscosmos,"Site 1/5, Baikonur Cosmodrome, Kazakhstan","Sat Apr 28, 2001 07:37 UTC",Soyuz U | Soyuz TM-32,Retired,20.0,Success
2590,NASA,"LC-39A, Kennedy Space Center, Florida, USA","Thu Apr 19, 2001 18:40 UTC",Space Shuttle Endeavour | STS-100,Retired,450.0,Success
2591,ISRO,"First Launch Pad, Satish Dhawan Space Centre, India","Wed Apr 18, 2001 10:13 UTC",GSLV Mk I | GSAT-1,Retired,47.0,Partial Failure
2592,Boeing,"SLC-17A, Cape Canaveral SFS, Florida, USA","Sat Apr 07, 2001 15:02 UTC",Delta II 7925 | Mars Odyssey,Retired,,Success
2593,Roscosmos,"Site 81/24, Baikonur Cosmodrome, Kazakhstan","Sat Apr 07, 2001 03:47 UTC",Proton-M/Briz-M | Ekran-M n°18L,Active,65.0,Success
2594,Sea Launch,"LP Odyssey, Kiritimati Launch Area, Pacific Ocean","Sun Mar 18, 2001 22:33 UTC",Zenit-3 SL | XM-2,Retired,,Success
2595,Arianespace,"ELA-3, Guiana Space Centre, French Guiana, France","Thu Mar 08, 2001 22:51 UTC",Ariane 5 G | Eurobird-1 & BSat-2a,Retired,,Success
2596,NASA,"LC-39B, Kennedy Space Center, Florida, USA","Thu Mar 08, 2001 11:42 UTC",Space Shuttle Discovery | STS-102,Retired,450.0,Success
2597,Lockheed,"SLC-40, Cape Canaveral SFS, Florida, USA","Tue Feb 27, 2001 21:20 UTC",Titan IV(401)B | Milstar DFS-4,Retired,,Success
2598,Roscosmos,"Site 1/5, Baikonur Cosmodrome, Kazakhstan","Mon Feb 26, 2001 08:09 UTC",Soyuz U | Progress M-44,Retired,20.0,Success
2599,MITT,"Site 5, Svobodny Cosmodrome, Russia","Tue Feb 20, 2001 08:48 UTC",START-1 | Odin,Retired,,Success
2600,NASA,"LC-39A, Kennedy Space Center, Florida, USA","Wed Feb 07, 2001 23:13 UTC",Space Shuttle Atlantis | STS-98,Retired,450.0,Success
2601,Arianespace,"ELA-2, Guiana Space Centre, French Guiana, France","Wed Feb 07, 2001 23:05 UTC",Ariane 44L | Sicral-1 & Skynet 4F,Retired,,Success
2602,Boeing,"SLC-17A, Cape Canaveral SFS, Florida, USA","Tue Jan 30, 2001 07:55 UTC",Delta II 7925 | GPS IIR-7 (USA-156),Retired,,Success
2603,Roscosmos,"Site 1/5, Baikonur Cosmodrome, Kazakhstan","Wed Jan 24, 2001 04:28 UTC",Soyuz U | Progress M1-5,Retired,20.0,Success
2604,Arianespace,"ELA-2, Guiana Space Centre, French Guiana, France","Wed Jan 10, 2001 22:09 UTC",Ariane 44P | Türksat 2A,Retired,,Success
2605,CASC,"Site 901 (SLS-1), Jiuquan Satellite Launch Center, China","Tue Jan 09, 2001 17:00 UTC",Long March 2F | Shenzhou 2,Retired,,Success
2606,VKS RF,"Site 32/1, Plesetsk Cosmodrome, Russia","Wed Dec 27, 2000 09:56 UTC",Tsyklon-3 | Cosmos 2377 to 2379 & Goniets n°7 to 9,Retired,,Failure
2607,CASC,"LC-2, Xichang Satellite Launch Center, China","Wed Dec 20, 2000 16:20 UTC",Long March 3A | Beidou-1B,Retired,69.7,Success
2608,Arianespace,"ELA-3, Guiana Space Centre, French Guiana, France","Wed Dec 20, 2000 00:26 UTC","Ariane 5 G | Astra 2D, GE-8, LDREX",Retired,,Success
2609,Lockheed,"SLC-36A, Cape Canaveral SFS, Florida, USA","Wed Dec 06, 2000 02:47 UTC",Atlas IIAS | Quasar-13 (USA-155) (NROL-10),Retired,,Success
2610,MITT,"Site 5, Svobodny Cosmodrome, Russia","Tue Dec 05, 2000 12:32 UTC",START-1 | EROS A,Retired,,Success
2611,NASA,"LC-39B, Kennedy Space Center, Florida, USA","Fri Dec 01, 2000 03:06 UTC",Space Shuttle Endeavour | STS-97,Retired,450.0,Success
2612,ILS,"Site 81/23, Baikonur Cosmodrome, Kazakhstan","Thu Nov 30, 2000 19:59 UTC",Proton K/Block-DM-2 | Sirius FM-3,Retired,,Success
2613,Arianespace,"ELA-2, Guiana Space Centre, French Guiana, France","Tue Nov 21, 2000 23:56 UTC",Ariane 44L | Anik F1,Retired,,Success
2614,Boeing,"SLC-2W, Vandenberg SFB, California, USA","Tue Nov 21, 2000 18:24 UTC",Delta II 7320-10C | EO-1 / SAC-C,Retired,,Success
2615,VKS RF,"Site 132/1, Plesetsk Cosmodrome, Russia","Mon Nov 20, 2000 23:00 UTC",Cosmos-3M | QuickBird-1,Retired,,Failure
2616,Roscosmos,"Site 1/5, Baikonur Cosmodrome, Kazakhstan","Thu Nov 16, 2000 01:32 UTC",Soyuz U | Progress M1-4,Retired,20.0,Success
2617,Arianespace,"ELA-3, Guiana Space Centre, French Guiana, France","Thu Nov 16, 2000 01:07 UTC","Ariane 5 G | PanAmSat-1R, Amsat-P3D, STRV 1C & 1D",Retired,,Success
2618,Boeing,"SLC-17A, Cape Canaveral SFS, Florida, USA","Fri Nov 10, 2000 17:14 UTC",Delta II 7925 | GPS IIR-6 (USA-154),Retired,,Success
2619,Roscosmos,"Site 1/5, Baikonur Cosmodrome, Kazakhstan","Tue Oct 31, 2000 07:52 UTC",Soyuz U | Soyuz TM-31,Retired,20.0,Success
2620,CASC,"LC-2, Xichang Satellite Launch Center, China","Mon Oct 30, 2000 16:02 UTC",Long March 3A | Beidou-1A,Retired,69.7,Success
2621,Arianespace,"ELA-2, Guiana Space Centre, French Guiana, France","Sun Oct 29, 2000 05:59 UTC",Ariane 44LP | Europe*Star F1,Retired,,Success
2622,ILS,"Site 81/23, Baikonur Cosmodrome, Kazakhstan","Sat Oct 21, 2000 22:00 UTC",Proton-K/Block DM-2M | GE-6,Retired,,Success
2623,Sea Launch,"LP Odyssey, Kiritimati Launch Area, Pacific Ocean","Sat Oct 21, 2000 05:51 UTC",Zenit-3 SL | Thuraya 1,Retired,,Success
2624,Lockheed,"SLC-36A, Cape Canaveral SFS, Florida, USA","Fri Oct 20, 2000 00:40 UTC",Atlas IIA | DSCS III-B11,Retired,,Success
2625,Roscosmos,"Site 1/5, Baikonur Cosmodrome, Kazakhstan","Mon Oct 16, 2000 21:27 UTC",Soyuz U | Progress M-43,Retired,20.0,Success
2626,VKS RF,"Site 81/24, Baikonur Cosmodrome, Kazakhstan","Fri Oct 13, 2000 14:12 UTC","Proton K/Block-DM-2 | Cosmos 2374, 2375 & 2376",Retired,,Success
2627,NASA,"LC-39A, Kennedy Space Center, Florida, USA","Wed Oct 11, 2000 23:17 UTC",Space Shuttle Discovery | STS-92,Retired,450.0,Success
2628,Northrop,"Stargazer, Ronald Reagan Ballistic Missile Defense Test Site, Marshall Islands","Mon Oct 09, 2000 05:38 UTC",Pegasus | HETE 2,Retired,40.0,Success
2629,Arianespace,"ELA-2, Guiana Space Centre, French Guiana, France","Fri Oct 06, 2000 23:00 UTC",Ariane 42L | N-SAT 110,Retired,,Success
2630,ILS,"Site 81/23, Baikonur Cosmodrome, Kazakhstan","Sun Oct 01, 2000 22:00 UTC",Proton-K/Block DM-2M | GE-1A,Retired,,Success
2631,VKS RF,"Site 31/6, Baikonur Cosmodrome, Kazakhstan","Fri Sep 29, 2000 09:30 UTC",Soyuz U | Cosmos 2373,Retired,20.0,Success
2632,Kosmotras,"Site 109/95, Baikonur Cosmodrome, Kazakhstan","Tue Sep 26, 2000 10:05 UTC",Dnepr | Megsat 1 & Others,Retired,29.0,Success
2633,VKS RF,"Site 45/1, Baikonur Cosmodrome, Kazakhstan","Mon Sep 25, 2000 10:10 UTC",Zenit-2 | Cosmos 2372,Retired,,Success
2634,Lockheed,"SLC-4W, Vandenberg SFB, California, USA","Thu Sep 21, 2000 10:22 UTC",Titan II(23)G | NOAA-16,Retired,35.0,Success
2635,Arianespace,"ELA-3, Guiana Space Centre, French Guiana, France","Thu Sep 14, 2000 22:54 UTC",Ariane 5 G | Astra 2B & GE-7,Retired,,Success
2636,NASA,"LC-39B, Kennedy Space Center, Florida, USA","Fri Sep 08, 2000 12:45 UTC",Space Shuttle Atlantis | STS-106,Retired,450.0,Success
2637,Arianespace,"ELA-2, Guiana Space Centre, French Guiana, France","Wed Sep 06, 2000 22:33 UTC",Ariane 44P | Eutelsat W1,Retired,,Success
2638,ILS,"Site 81/23, Baikonur Cosmodrome, Kazakhstan","Tue Sep 05, 2000 09:43 UTC",Proton-K/Block DM-2M | Sirius FM-2,Retired,,Success
2639,CASC,"LC-7, Taiyuan Satellite Launch Center, China","Fri Sep 01, 2000 03:25 UTC",Long March 4B | Ziyuan-2 01,Active,64.68,Success
2640,Roscosmos,"Site 81/24, Baikonur Cosmodrome, Kazakhstan","Mon Aug 28, 2000 20:08 UTC",Proton K/Block-DM-2 | Raduga-1 5,Retired,,Success
2641,Boeing,"SLC-17B, Cape Canaveral SFS, Florida, USA","Wed Aug 23, 2000 11:05 UTC",Delta III 8930 | DM F3,Retired,,Success
2642,Lockheed,"SLC-4E, Vandenberg SFB, California, USA","Thu Aug 17, 2000 23:45 UTC",Titan IV(403)B | Onyx 4 (USA-152) (NROL-11),Retired,,Success
2643,Arianespace,"ELA-2, Guiana Space Centre, French Guiana, France","Thu Aug 17, 2000 23:16 UTC",Ariane 44LP | Brasilsat B4 & Nilesat 102,Retired,,Success
2644,Starsem,"Site 31/6, Baikonur Cosmodrome, Kazakhstan","Wed Aug 09, 2000 11:13 UTC",Soyuz U/Fregat | Cluster 2 FM5 & 8,Retired,28.0,Success
2645,Roscosmos,"Site 1/5, Baikonur Cosmodrome, Kazakhstan","Sun Aug 06, 2000 18:26 UTC",Soyuz U | Progress M1-3,Retired,20.0,Success
2646,Sea Launch,"LP Odyssey, Kiritimati Launch Area, Pacific Ocean","Fri Jul 28, 2000 22:41 UTC",Zenit-3 SL | PAS 9,Retired,,Success
2647,Northrop,"SLC-8, Vandenberg SFB, California, USA","Wed Jul 19, 2000 20:09 UTC",Minotaur I | MightySat 2.1,Active,40.0,Success
2648,Starsem,"Site 31/6, Baikonur Cosmodrome, Kazakhstan","Sun Jul 16, 2000 12:39 UTC",Soyuz U/Fregat | Cluster 2 FM6 & 7,Retired,28.0,Success
2649,Boeing,"SLC-17A, Cape Canaveral SFS, Florida, USA","Sun Jul 16, 2000 09:17 UTC",Delta II 7925 | GPS IIR-5 (USA-151),Retired,,Success
2650,VKS RF,"Site 132/1, Plesetsk Cosmodrome, Russia","Sat Jul 15, 2000 12:00 UTC","Cosmos-3M | CHAMP, MITA & Rubin 1",Retired,,Success
2651,ILS,"SLC-36B, Cape Canaveral SFS, Florida, USA","Fri Jul 14, 2000 05:21 UTC",Atlas IIAS | Echostar 6,Retired,,Success
2652,Roscosmos,"Site 81/23, Baikonur Cosmodrome, Kazakhstan","Wed Jul 12, 2000 04:56 UTC",Proton-K | Zvezda,Retired,,Success
2653,VKS RF,"Site 200/39, Baikonur Cosmodrome, Kazakhstan","Tue Jul 04, 2000 23:44 UTC",Proton-K/Block DM-2M | Cosmos 2371,Retired,,Success
2654,ILS,"Site 81/24, Baikonur Cosmodrome, Kazakhstan","Fri Jun 30, 2000 22:08 UTC",Proton-K/Block DM-2M | Sirius FM-1,Retired,,Success
2655,Lockheed,"SLC-36A, Cape Canaveral SFS, Florida, USA","Fri Jun 30, 2000 12:56 UTC",Atlas IIA | TDRS-H,Retired,,Success
2656,VKS RF,"Site 132/1, Plesetsk Cosmodrome, Russia","Wed Jun 28, 2000 10:37 UTC","Cosmos-3M | Nadiezhda n°9, Tsinghua-1 & SNAP-1",Retired,,Success
2657,CASC,"LC-3, Xichang Satellite Launch Center, China","Sun Jun 25, 2000 11:50 UTC",Long March 3 | Fengyun-2B,Retired,,Success
2658,Roscosmos,"Site 200/39, Baikonur Cosmodrome, Kazakhstan","Sat Jun 24, 2000 00:28 UTC",Proton-K/Block DM-2M | Ekspress-A3,Retired,,Success
2659,Northrop,"Stargazer, Vandenberg SFB, California, USA","Wed Jun 07, 2000 13:19 UTC",Pegasus XL | TSX-5,Active,40.0,Success
2660,Roscosmos,"Site 81/24, Baikonur Cosmodrome, Kazakhstan","Tue Jun 06, 2000 02:59 UTC",Proton-K/Briz-M | Gorizont 33,Retired,,Success
2661,ILS,"SLC-36B, Cape Canaveral SFS, Florida, USA","Wed May 24, 2000 23:10 UTC",Atlas IIIA | Eutelsat W4,Retired,,Success
2662,NASA,"LC-39A, Kennedy Space Center, Florida, USA","Fri May 19, 2000 10:11 UTC",Space Shuttle Atlantis | STS-101,Retired,450.0,Success
2663,Eurockot,"Site 133/3, Plesetsk Cosmodrome, Russia","Tue May 16, 2000 08:27 UTC",Rokot/Briz KM | SimSat 1 & 2,Retired,13.0,Success
2664,Boeing,"SLC-17A, Cape Canaveral SFS, Florida, USA","Thu May 11, 2000 01:48 UTC",Delta II 7925 | GPS IIR-4 (USA-150),Retired,,Success
2665,Lockheed,"SLC-40, Cape Canaveral SFS, Florida, USA","Mon May 08, 2000 16:01 UTC",Titan IV(402)B | DSP-20 (USA-149),Retired,,Success
2666,VKS RF,"Site 1/5, Baikonur Cosmodrome, Kazakhstan","Wed May 03, 2000 13:25 UTC",Soyuz U | Cosmos 2370,Retired,20.0,Success
2667,Lockheed,"SLC-36A, Cape Canaveral SFS, Florida, USA","Wed May 03, 2000 07:07 UTC",Atlas IIA | GOES-L,Retired,,Success
2668,Roscosmos,"Site 1/5, Baikonur Cosmodrome, Kazakhstan","Tue Apr 25, 2000 20:08 UTC",Soyuz U | Progress M1-2,Retired,20.0,Success
2669,Arianespace,"ELA-3, Guiana Space Centre, French Guiana, France","Wed Apr 19, 2000 00:29 UTC",Ariane 42L | Galaxy 4R,Retired,,Success
2670,Roscosmos,"Site 200/39, Baikonur Cosmodrome, Kazakhstan","Mon Apr 17, 2000 21:06 UTC",Proton-K/Block DM-4 | SESAT 1,Retired,,Success
2671,Roscosmos,"Site 1/5, Baikonur Cosmodrome, Kazakhstan","Tue Apr 04, 2000 05:01 UTC",Soyuz U | Soyuz TM-30,Retired,20.0,Success
2672,Boeing,"SLC-2W, Vandenberg SFB, California, USA","Sat Mar 25, 2000 20:34 UTC",Delta II 7326 | IMAGE,Retired,,Success
2673,Arianespace,"ELA-3, Guiana Space Centre, French Guiana, France","Tue Mar 21, 2000 23:28 UTC",Ariane 5 G | INSAT-3B & AsiaStar,Retired,,Success
2674,Starsem,"Site 31/6, Baikonur Cosmodrome, Kazakhstan","Mon Mar 20, 2000 18:28 UTC",Soyuz U/Fregat | Dumsat,Retired,28.0,Success
2675,Sea Launch,"LP Odyssey, Kiritimati Launch Area, Pacific Ocean","Sun Mar 12, 2000 14:49 UTC",Zenit-3 SL | ICO F-1,Retired,,Failure
2676,Northrop,"SLC-576E, Vandenberg SFB, California, USA","Sun Mar 12, 2000 09:29 UTC",Minotaur C (Taurus) | Multispectral Thermal Imager (MTI),Active,45.0,Success
2677,Roscosmos,"Site 200/39, Baikonur Cosmodrome, Kazakhstan","Sun Mar 12, 2000 04:07 UTC",Proton-K/Block DM-2M | Ekspress-A2,Retired,,Success
2678,Arianespace,"ELA-2, Guiana Space Centre, French Guiana, France","Fri Feb 18, 2000 01:04 UTC",Ariane 44LP | Superbird 4,Retired,,Success
2679,ILS,"Site 81/23, Baikonur Cosmodrome, Kazakhstan","Sat Feb 12, 2000 09:10 UTC",Proton-K/Block DM-2M | Garuda 1,Retired,,Success
2680,NASA,"LC-39A, Kennedy Space Center, Florida, USA","Fri Feb 11, 2000 17:43 UTC",Space Shuttle Endeavour | STS-99,Retired,450.0,Success
2681,ISAS,"Mu Pad, Uchinoura Space Center, Japan","Thu Feb 10, 2000 01:30 UTC",Mu-V/M-24 | Astro E,Retired,,Failure
2682,Starsem,"Site 31/6, Baikonur Cosmodrome, Kazakhstan","Tue Feb 08, 2000 23:19 UTC",Soyuz U/Fregat | Demonstrator,Retired,28.0,Success
2683,Boeing,"SLC-17B, Cape Canaveral SFS, Florida, USA","Tue Feb 08, 2000 21:24 UTC",Delta II 7920-10C | Globalstar 7,Retired,,Success
2684,ILS,"SLC-36B, Cape Canaveral SFS, Florida, USA","Thu Feb 03, 2000 23:30 UTC",Atlas IIAS | Hispasat 1C,Retired,,Success
2685,VKS RF,"Site 45/1, Baikonur Cosmodrome, Kazakhstan","Thu Feb 03, 2000 09:26 UTC",Zenit-2 | Cosmos 2369,Retired,,Success
2686,Roscosmos,"Site 1/5, Baikonur Cosmodrome, Kazakhstan","Tue Feb 01, 2000 06:47 UTC",Soyuz U | Progress M1-1,Retired,20.0,Success
2687,Northrop,"SLC-8, Vandenberg SFB, California, USA","Thu Jan 27, 2000 03:03 UTC",Minotaur I | JAWSat,Active,40.0,Success
2688,CASC,"LC-2, Xichang Satellite Launch Center, China","Tue Jan 25, 2000 16:45 UTC",Long March 3A | ChinaSat-22,Retired,69.7,Success
2689,Arianespace,"ELA-2, Guiana Space Centre, French Guiana, France","Tue Jan 25, 2000 01:04 UTC",Ariane 42L | Galaxy 10R,Retired,,Success
2690,Lockheed,"SLC-36A, Cape Canaveral SFS, Florida, USA","Fri Jan 21, 2000 01:03 UTC",Atlas IIA | DSCS IIIB-8 (USA-148),Retired,,Success
2691,VKS RF,"Site 16/2, Plesetsk Cosmodrome, Russia","Mon Dec 27, 1999 19:12 UTC",Molniya-M/Block 2BL | Cosmos 2368,Retired,,Success
2692,VKS RF,"Site 90/20, Baikonur Cosmodrome, Kazakhstan","Sun Dec 26, 1999 08:00 UTC",Tsyklon-2 | Cosmos 2367,Retired,,Success
2693,Arianespace,"ELA-2, Guiana Space Centre, French Guiana, France","Wed Dec 22, 1999 00:50 UTC",Ariane 44L | Galaxy 11,Retired,,Success
2694,Northrop,"SLC-576E, Vandenberg SFB, California, USA","Tue Dec 21, 1999 07:13 UTC",Minotaur C (Taurus) | KOMPSAT & ACRIMSAT,Active,45.0,Success
2695,NASA,"LC-39B, Kennedy Space Center, Florida, USA","Mon Dec 20, 1999 00:50 UTC",Space Shuttle Discovery | STS-103,Retired,450.0,Success
2696,Lockheed,"SLC-3E, Vandenberg SFB, California, USA","Sat Dec 18, 1999 18:57 UTC",Atlas IIAS | Terra,Retired,,Success
2697,Lockheed,"SLC-4W, Vandenberg SFB, California, USA","Sun Dec 12, 1999 17:38 UTC",Titan II(23)G | DMSP-5D3 F15 (USA-147),Retired,35.0,Success
2698,AEB,"VLS Pad, Alcântara Launch Center, Maranhão, Brazil","Sat Dec 11, 1999 18:25 UTC",VLS-1 | SACI-2,Retired,,Failure
2699,Arianespace,"ELA-3, Guiana Space Centre, French Guiana, France","Fri Dec 10, 1999 14:32 UTC",Ariane 5 G | XMM-Newton,Retired,,Success
2700,Northrop,"Stargazer, Vandenberg SFB, California, USA","Sat Dec 04, 1999 18:53 UTC",Pegasus XL/HAPS | Orbcomm D1 to D8,Active,40.0,Success
2701,Arianespace,"ELA-2, Guiana Space Centre, French Guiana, France","Fri Dec 03, 1999 16:22 UTC",Ariane 40 | Hélios 1B & Clémentine,Retired,,Success
2702,Lockheed,"SLC-36B, Cape Canaveral SFS, Florida, USA","Tue Nov 23, 1999 04:06 UTC",Atlas IIA | UHF F10,Retired,,Success
2703,Starsem,"Site 1/5, Baikonur Cosmodrome, Kazakhstan","Mon Nov 22, 1999 16:20 UTC","Soyuz U/Ikar | Globalstar FM29, 34, 39 & 61",Retired,28.0,Success
2704,CASC,"Site 901 (SLS-1), Jiuquan Satellite Launch Center, China","Fri Nov 19, 1999 22:30 UTC",Long March 2F | Shenzhou 1,Retired,,Success
2705,MHI,"LA-Y1, Tanegashima Space Center, Japan","Mon Nov 15, 1999 07:29 UTC",H-IIS | Himawari 6,Retired,,Failure
2706,Arianespace,"ELA-2, Guiana Space Centre, French Guiana, France","Sat Nov 13, 1999 22:54 UTC",Ariane 44LP | GE-4,Retired,,Success
2707,Roscosmos,"Site 200/39, Baikonur Cosmodrome, Kazakhstan","Wed Oct 27, 1999 16:15 UTC",Proton K/Block-DM-2 | Ekspress-A1,Retired,,Failure
2708,Arianespace,"ELA-2, Guiana Space Centre, French Guiana, France","Tue Oct 19, 1999 06:22 UTC",Ariane 44LP | Orion 2,Retired,,Success
2709,Starsem,"Site 1/5, Baikonur Cosmodrome, Kazakhstan","Mon Oct 18, 1999 13:31 UTC","Soyuz U/Ikar | Globalstar FM31, 56, 57 & 59",Retired,28.0,Success
2710,CASC,"LC-7, Taiyuan Satellite Launch Center, China","Thu Oct 14, 1999 03:15 UTC",Long March 4B | CBERS-1 & SACI 1,Active,64.68,Success
2711,Sea Launch,"LP Odyssey, Kiritimati Launch Area, Pacific Ocean","Sun Oct 10, 1999 03:28 UTC",Zenit-3 SL | DirecTV 1R,Retired,,Success
2712,Boeing,"SLC-17A, Cape Canaveral SFS, Florida, USA","Thu Oct 07, 1999 12:51 UTC",Delta II 7925 | GPS IIR-3 (USA-145),Retired,,Success
2713,VKS RF,"Site 43/4, Plesetsk Cosmodrome, Russia","Tue Sep 28, 1999 11:00 UTC",Soyuz U | Resurs-F1M,Retired,20.0,Success
2714,ILS,"Site 81/23, Baikonur Cosmodrome, Kazakhstan","Sun Sep 26, 1999 22:30 UTC",Proton-K/Block DM-3 | LMI-1,Retired,,Success
2715,Arianespace,"ELA-2, Guiana Space Centre, French Guiana, France","Sat Sep 25, 1999 06:29 UTC",Ariane 44LP | Telstar 7,Retired,,Success
2716,Lockheed,"SLC-6, Vandenberg SFB, California, USA","Fri Sep 24, 1999 18:21 UTC",Athena II | Ikonos 1,Retired,,Success
2717,ILS,"SLC-36A, Cape Canaveral SFS, Florida, USA","Thu Sep 23, 1999 06:02 UTC",Atlas IIAS | Echostar 5,Retired,,Success
2718,Starsem,"Site 1/5, Baikonur Cosmodrome, Kazakhstan","Wed Sep 22, 1999 14:33 UTC","Soyuz U/Ikar | Globalstar FM33, 50, 55 & 58",Retired,28.0,Success
2719,VKS RF,"Site 43/4, Plesetsk Cosmodrome, Russia","Thu Sep 09, 1999 17:59 UTC",Soyuz U | Foton 12,Retired,20.0,Success
2720,Roscosmos,"Site 81/23, Baikonur Cosmodrome, Kazakhstan","Mon Sep 06, 1999 16:35 UTC",Proton-K/Block DM-2M | Yamal 101 & 102,Retired,,Success
2721,Arianespace,"ELA-2, Guiana Space Centre, French Guiana, France","Sat Sep 04, 1999 22:34 UTC",Ariane 42P | Koreasat 3,Retired,,Success
2722,VKS RF,"Site 132/1, Plesetsk Cosmodrome, Russia","Thu Aug 26, 1999 12:02 UTC",Cosmos-3M | Cosmos 2366,Retired,,Success
2723,VKS RF,"Site 43/3, Plesetsk Cosmodrome, Russia","Wed Aug 18, 1999 18:00 UTC",Soyuz U | Cosmos 2365,Retired,20.0,Success
2724,Boeing,"SLC-17B, Cape Canaveral SFS, Florida, USA","Tue Aug 17, 1999 04:37 UTC",Delta II 7420-10C | Globalstar 6,Retired,,Success
2725,Arianespace,"ELA-2, Guiana Space Centre, French Guiana, France","Thu Aug 12, 1999 22:52 UTC",Ariane 42P | Telkom 1,Retired,,Success
2726,Boeing,"SLC-17A, Cape Canaveral SFS, Florida, USA","Sun Jul 25, 1999 07:46 UTC",Delta II 7420-10C | Globalstar 5,Retired,,Success
2727,NASA,"LC-39B, Kennedy Space Center, Florida, USA","Fri Jul 23, 1999 04:31 UTC",Space Shuttle Columbia | STS-93,Retired,450.0,Success
2728,VKS RF,"Site 45/1, Baikonur Cosmodrome, Kazakhstan","Sat Jul 17, 1999 05:37 UTC",Zenit-2 | Okean-O n°1,Retired,,Success
2729,Roscosmos,"Site 1/5, Baikonur Cosmodrome, Kazakhstan","Fri Jul 16, 1999 16:37 UTC",Soyuz U | Progress M-42,Retired,20.0,Success
2730,Boeing,"SLC-17B, Cape Canaveral SFS, Florida, USA","Sat Jul 10, 1999 08:45 UTC",Delta II 7420-10C | Globalstar 4,Retired,,Success
2731,VKS RF,"Site 43/3, Plesetsk Cosmodrome, Russia","Thu Jul 08, 1999 08:45 UTC",Molniya-M/Block ML | Molniya-3 n°169,Retired,,Success
2732,Roscosmos,"Site 81/24, Baikonur Cosmodrome, Kazakhstan","Mon Jul 05, 1999 13:31 UTC",Proton-K/Briz-M | Raduga n°45L,Retired,,Failure
2733,Boeing,"SLC-17A, Cape Canaveral SFS, Florida, USA","Thu Jun 24, 1999 15:44 UTC",Delta II 7320-10C | FUSE,Retired,,Success
2734,Lockheed,"SLC-4W, Vandenberg SFB, California, USA","Sun Jun 20, 1999 02:15 UTC",Titan II(23)G | QuikSCAT,Retired,35.0,Success
2735,ILS,"Site 81/23, Baikonur Cosmodrome, Kazakhstan","Fri Jun 18, 1999 01:49 UTC",Proton-K/Block DM-3 | Astra 1H,Retired,,Success
2736,CAC,"LC-7, Taiyuan Satellite Launch Center, China","Fri Jun 11, 1999 17:15 UTC",Long March 2C/SD | Iridium SV92 & SV93,Retired,,Success
2737,Boeing,"SLC-17B, Cape Canaveral SFS, Florida, USA","Thu Jun 10, 1999 13:48 UTC",Delta II 7420-10C | Globalstar 3,Retired,,Success
2738,NASA,"LC-39B, Kennedy Space Center, Florida, USA","Thu May 27, 1999 10:49 UTC",Space Shuttle Discovery | STS-96,Retired,450.0,Success
2739,ISRO,"First Launch Pad, Satish Dhawan Space Centre, India","Wed May 26, 1999 06:22 UTC","PSLV-G | IRS-P4, DLR-Tubsat, & Kitsat-3",Retired,25.0,Success
2740,Lockheed,"SLC-4E, Vandenberg SFB, California, USA","Sat May 22, 1999 09:36 UTC",Titan IV(404)B | Misty 2 (USA-144) (NROL-9),Retired,,Success
2741,ILS,"Site 81/23, Baikonur Cosmodrome, Kazakhstan","Thu May 20, 1999 22:30 UTC",Proton-K/Block DM-3 | Nimiq 1,Retired,,Success
2742,Northrop,"Stargazer, Vandenberg SFB, California, USA","Tue May 18, 1999 05:09 UTC",Pegasus XL/HAPS | TERRIERS & MUBLCOM,Active,40.0,Success
2743,CAC,"LC-7, Taiyuan Satellite Launch Center, China","Mon May 10, 1999 01:33 UTC",Long March 4B | Fengyun 1C & Shijian 5,Active,64.68,Success
2744,Boeing,"SLC-17B, Cape Canaveral SFS, Florida, USA","Wed May 05, 1999 01:00 UTC",Delta III 8930 | Orion 3,Retired,,Failure
2745,Lockheed,"SLC-40, Cape Canaveral SFS, Florida, USA","Fri Apr 30, 1999 16:30 UTC",Titan IV(401)B | Milstar DFS-3M,Retired,,Failure
2746,VKS RF,"Site 107/1, Kapustin Yar, Russia","Wed Apr 28, 1999 20:30 UTC",Cosmos-3M | ABRIXAS & Megsat 0,Retired,,Success
2747,Lockheed,"SLC-6, Vandenberg SFB, California, USA","Tue Apr 27, 1999 18:22 UTC",Athena II | Ikonos,Retired,,Failure
2748,Kosmotras,"Site 109/95, Baikonur Cosmodrome, Kazakhstan","Wed Apr 21, 1999 04:59 UTC",Dnepr | UoSat 12,Retired,29.0,Success
2749,Boeing,"SLC-2W, Vandenberg SFB, California, USA","Thu Apr 15, 1999 18:32 UTC",Delta II 7920-10 | Landsat 7,Retired,,Success
2750,Starsem,"Site 1/5, Baikonur Cosmodrome, Kazakhstan","Thu Apr 15, 1999 00:45 UTC","Soyuz U/Ikar | Globalstar FM19, 42, 44 & 45",Retired,28.0,Success
2751,ILS,"SLC-36A, Cape Canaveral SFS, Florida, USA","Mon Apr 12, 1999 22:50 UTC",Atlas IIAS | Eutelsat W3,Retired,,Success
2752,Lockheed,"SLC-41, Cape Canaveral SFS, Florida, USA","Fri Apr 09, 1999 17:01 UTC",Titan IV(402)B | DSP-19 (USA-142),Retired,,Failure
2753,Arianespace,"ELA-2, Guiana Space Centre, French Guiana, France","Fri Apr 02, 1999 22:03 UTC",Ariane 42P | Insat-2E,Retired,,Success
2754,Roscosmos,"Site 1/5, Baikonur Cosmodrome, Kazakhstan","Fri Apr 02, 1999 11:28 UTC",Soyuz U | Progress M-41,Retired,20.0,Success
2755,Sea Launch,"LP Odyssey, Kiritimati Launch Area, Pacific Ocean","Sun Mar 28, 1999 01:29 UTC",Zenit-3 SL | DemoSat,Retired,,Success
2756,ILS,"Site 81/23, Baikonur Cosmodrome, Kazakhstan","Sun Mar 21, 1999 00:09 UTC",Proton-K/Block DM-3 | AsiaSat 3S,Retired,,Success
2757,Starsem,"Site 1/5, Baikonur Cosmodrome, Kazakhstan","Mon Mar 15, 1999 03:05 UTC","Soyuz U/Ikar | Globalstar FM22, 41, 46 & 37",Retired,28.0,Success
2758,Northrop,"Stargazer, Vandenberg SFB, California, USA","Fri Mar 05, 1999 02:56 UTC",Pegasus XL | WIRE (Explorer 75),Active,40.0,Success
2759,Roscosmos,"Site 81/23, Baikonur Cosmodrome, Kazakhstan","Sun Feb 28, 1999 03:59 UTC",Proton K/Block-DM-2 | Raduga-1 4,Retired,,Success
2760,Arianespace,"ELA-2, Guiana Space Centre, French Guiana, France","Fri Feb 26, 1999 22:44 UTC",Ariane 44L | Arabsat-3A & Skynet 4E,Retired,,Success
2761,Boeing,"SLC-2W, Vandenberg SFB, California, USA","Tue Feb 23, 1999 10:29 UTC","Delta II 7920-10 | ARGOS (P91-1 ARGOS), Ørsted and SUNSAT",Retired,,Success
2762,Roscosmos,"Site 1/5, Baikonur Cosmodrome, Kazakhstan","Sat Feb 20, 1999 04:18 UTC",Soyuz U | Soyuz TM-29,Retired,20.0,Success
2763,ILS,"SLC-36A, Cape Canaveral SFS, Florida, USA","Tue Feb 16, 1999 01:45 UTC",Atlas IIAS | JCSAT-6,Retired,,Success
2764,ILS,"Site 81/23, Baikonur Cosmodrome, Kazakhstan","Mon Feb 15, 1999 05:12 UTC",Proton-K/Block DM-3 | Telstar 6,Retired,,Success
2765,Starsem,"Site 1/5, Baikonur Cosmodrome, Kazakhstan","Tue Feb 09, 1999 03:53 UTC","Soyuz U/Ikar | Globalstar FM23, 36, 38 & 40",Retired,28.0,Success
2766,Boeing,"SLC-17A, Cape Canaveral SFS, Florida, USA","Sun Feb 07, 1999 21:04 UTC",Delta II 7426 | Stardust,Retired,,Success
2767,Lockheed,"SLC-46, Cape Canaveral SFS, Florida, USA","Wed Jan 27, 1999 00:34 UTC",Athena I | ROCSAT 1,Retired,,Success
2768,Boeing,"SLC-17B, Cape Canaveral SFS, Florida, USA","Sun Jan 03, 1999 20:21 UTC",Delta II 7425 | Mars Polar Lander,Retired,,Success
2769,Roscosmos,"Site 200/39, Baikonur Cosmodrome, Kazakhstan","Wed Dec 30, 1998 18:35 UTC","Proton K/Block-DM-2 | Cosmos 2362, 2363 & 2364",Retired,,Success
2770,VKS RF,"Site 132/1, Plesetsk Cosmodrome, Russia","Thu Dec 24, 1998 20:02 UTC",Cosmos-3M | Cosmos 2361,Retired,,Success
2771,Arianespace,"ELA-2, Guiana Space Centre, French Guiana, France","Tue Dec 22, 1998 01:08 UTC",Ariane 42L | Panamsat 6B,Retired,,Success
2772,CAC,"LC-7, Taiyuan Satellite Launch Center, China","Sat Dec 19, 1998 11:39 UTC",Long March 2C/SD | Iridium SV88 & SV89,Retired,,Success
2773,Boeing,"SLC-17A, Cape Canaveral SFS, Florida, USA","Fri Dec 11, 1998 18:45 UTC",Delta II 7425 | Mars Climate Orbiter,Retired,,Success
2774,VKS RF,"Site 132/1, Plesetsk Cosmodrome, Russia","Thu Dec 10, 1998 11:57 UTC",Cosmos-3M | Nadiezhda n°8 & Astrid 2,Retired,,Success
2775,Northrop,"Stargazer, Vandenberg SFB, California, USA","Sun Dec 06, 1998 00:57 UTC",Pegasus XL | SWAS,Active,40.0,Success
2776,Arianespace,"ELA-2, Guiana Space Centre, French Guiana, France","Sun Dec 06, 1998 00:43 UTC",Ariane 42L | Satmex 5,Retired,,Success
2777,NASA,"LC-39A, Kennedy Space Center, Florida, USA","Fri Dec 04, 1998 08:35 UTC",Space Shuttle Endeavour | STS-88,Retired,450.0,Success
2778,Boeing,"SLC-17B, Cape Canaveral SFS, Florida, USA","Sun Nov 22, 1998 23:54 UTC",Delta II 7925 | BONUM-1,Retired,,Success
2779,Roscosmos,"Site 81/23, Baikonur Cosmodrome, Kazakhstan","Fri Nov 20, 1998 06:40 UTC",Proton-K | Zarya,Retired,,Success
2780,Boeing,"SLC-2W, Vandenberg SFB, California, USA","Fri Nov 06, 1998 13:37 UTC",Delta II 7920-10C | MS-11,Retired,,Success
2781,ILS,"Site 81/23, Baikonur Cosmodrome, Kazakhstan","Wed Nov 04, 1998 05:11 UTC",Proton-K/Block DM-3 | PAS 8,Retired,,Success
2782,NASA,"LC-39B, Kennedy Space Center, Florida, USA","Thu Oct 29, 1998 19:19 UTC",Space Shuttle Discovery | STS-95,Retired,450.0,Success
2783,Arianespace,"ELA-2, Guiana Space Centre, French Guiana, France","Wed Oct 28, 1998 22:15 UTC",Ariane 44L | Afristar & GE-5,Retired,,Success
2784,Roscosmos,"Site 1/5, Baikonur Cosmodrome, Kazakhstan","Sun Oct 25, 1998 04:14 UTC",Soyuz U | Progress M-40,Retired,20.0,Success
2785,Boeing,"SLC-2W, Vandenberg SFB, California, USA","Sat Oct 24, 1998 12:08 UTC",Delta II 7920-10C | Deep Space 1,Retired,,Success
2786,Northrop,"Stargazer, Cape Canaveral SFS, Florida, USA","Fri Oct 23, 1998 00:02 UTC",Pegasus | SCD-2,Retired,40.0,Success
2787,ESA,"ELA-3, Guiana Space Centre, French Guiana, France","Wed Oct 21, 1998 16:37 UTC",Ariane 5 G | MaqSat 3 & ARD,Retired,,Success
2788,Lockheed,"SLC-36A, Cape Canaveral SFS, Florida, USA","Tue Oct 20, 1998 07:19 UTC",Atlas IIA | UHF F9 (USA-141),Retired,,Success
2789,ILS,"SLC-36B, Cape Canaveral SFS, Florida, USA","Fri Oct 09, 1998 22:50 UTC",Atlas IIA | Hot Bird 5,Retired,,Success
2790,Arianespace,"ELA-2, Guiana Space Centre, French Guiana, France","Mon Oct 05, 1998 22:51 UTC",Ariane 44L | Eutelsat W2 & Sirius-3,Retired,,Success
2791,Northrop,"SLC-576E, Vandenberg SFB, California, USA","Sat Oct 03, 1998 10:04 UTC",Minotaur C (Taurus) | STEX (NROL-8) (USA-140) (USA-141),Active,45.0,Success
2792,VKS RF,"Site 43/3, Plesetsk Cosmodrome, Russia","Mon Sep 28, 1998 23:41 UTC",Molniya-M/Block ML | Molniya-1T n°168,Retired,,Success
2793,Northrop,"Stargazer, Wallops Flight Facility, Virginia, USA","Wed Sep 23, 1998 05:06 UTC",Pegasus XL/HAPS | Orbcomm C1 - C8,Active,40.0,Success
2794,Arianespace,"ELA-2, Guiana Space Centre, French Guiana, France","Wed Sep 16, 1998 06:31 UTC",Ariane 44LP | Panamsat 7,Retired,,Success
2795,VKS RF,"Site 45/1, Baikonur Cosmodrome, Kazakhstan","Wed Sep 09, 1998 20:29 UTC","Zenit-2 | Globalstar FM5, 7, 9 to 13, 16 to 18, 20 & 21",Retired,,Failure
2796,Boeing,"SLC-2W, Vandenberg SFB, California, USA","Tue Sep 08, 1998 21:13 UTC",Delta II 7920-10C | MS-10,Retired,,Success
2797,KCST,"Pad 1, Tonghae Satellite Launching Ground, North Korea","Mon Aug 31, 1998 03:07 UTC",Taepodong 1 | Kwangmyŏngsŏng 1,Retired,,Failure
2798,ILS,"Site 81/23, Baikonur Cosmodrome, Kazakhstan","Sun Aug 30, 1998 00:31 UTC",Proton-K/Block DM-3 | Astra 2A,Retired,,Success
2799,Boeing,"SLC-17B, Cape Canaveral SFS, Florida, USA","Thu Aug 27, 1998 01:17 UTC",Delta III 8930 | Galaxy 10,Retired,,Failure
2800,Arianespace,"ELA-2, Guiana Space Centre, French Guiana, France","Tue Aug 25, 1998 23:07 UTC",Ariane 44P | ST-1,Retired,,Success
2801,CAC,"LC-7, Taiyuan Satellite Launch Center, China","Wed Aug 19, 1998 23:01 UTC",Long March 2C/SD | Iridium SV76 & SV78,Retired,,Success
2802,Roscosmos,"Site 1/5, Baikonur Cosmodrome, Kazakhstan","Thu Aug 13, 1998 09:43 UTC",Soyuz U | Soyuz TM-28,Retired,20.0,Success
2803,Lockheed,"SLC-41, Cape Canaveral SFS, Florida, USA","Wed Aug 12, 1998 11:30 UTC",Titan IV(401)A | Mercury-17 (NROL-7),Retired,,Failure
2804,Northrop,"Stargazer, Wallops Flight Facility, Virginia, USA","Sun Aug 02, 1998 16:24 UTC",Pegasus XL/HAPS | Orbcomm B1 - B8,Active,40.0,Success
2805,VKS RF,"Site 45/1, Baikonur Cosmodrome, Kazakhstan","Tue Jul 28, 1998 09:15 UTC",Zenit-2 | Cosmos 2360,Retired,,Success
2806,CAC,"LC-2, Xichang Satellite Launch Center, China","Sat Jul 18, 1998 09:20 UTC",Long March 3B | SinoSat 1,Retired,,Success
2807,VKS RF,"Site 45/1, Baikonur Cosmodrome, Kazakhstan","Fri Jul 10, 1998 06:30 UTC",Zenit-2 | Resurs-O1 n°4 & Others,Retired,,Success
2808,SRC,"K-407 Submarine, Barents Sea Launch Area, Barents Sea","Tue Jul 07, 1998 03:15 UTC",Shtil' | Tubsat-N & N1,Retired,,Success
2809,ISAS,"Mu Pad, Uchinoura Space Center, Japan","Fri Jul 03, 1998 18:12 UTC",Mu-V/M-24 | Nozomi,Retired,,Success
2810,VKS RF,"Site 43/3, Plesetsk Cosmodrome, Russia","Wed Jul 01, 1998 00:48 UTC",Molniya-M/Block ML | Molniya-3 n°167,Retired,,Success
2811,VKS RF,"Site 31/6, Baikonur Cosmodrome, Kazakhstan","Thu Jun 25, 1998 14:00 UTC",Soyuz U | Cosmos 2359,Retired,20.0,Success
2812,VKS RF,"Site 43/3, Plesetsk Cosmodrome, Russia","Wed Jun 24, 1998 18:29 UTC",Soyuz U | Cosmos 2358,Retired,20.0,Success
2813,ILS,"SLC-36A, Cape Canaveral SFS, Florida, USA","Thu Jun 18, 1998 22:48 UTC",Atlas IIAS | Intelsat 805,Retired,,Success
2814,VKS RF,"Site 32/1, Plesetsk Cosmodrome, Russia","Mon Jun 15, 1998 22:58 UTC",Tsyklon-3 | Cosmos 2352 to 2357,Retired,,Partial Failure
2815,Boeing,"SLC-17A, Cape Canaveral SFS, Florida, USA","Wed Jun 10, 1998 00:35 UTC",Delta II 7925 | Thor III,Retired,,Success
2816,NASA,"LC-39A, Kennedy Space Center, Florida, USA","Tue Jun 02, 1998 22:06 UTC",Space Shuttle Discovery | STS-91,Retired,450.0,Success
2817,CAC,"LC-2, Xichang Satellite Launch Center, China","Sat May 30, 1998 10:00 UTC",Long March 3B | ChinaStar 1,Retired,,Success
2818,Boeing,"SLC-2W, Vandenberg SFB, California, USA","Sun May 17, 1998 21:16 UTC",Delta II 7920-10C | MS-9,Retired,,Success
2819,Roscosmos,"Site 1/5, Baikonur Cosmodrome, Kazakhstan","Thu May 14, 1998 22:12 UTC",Soyuz U | Progress M-39,Retired,20.0,Success
2820,Lockheed,"SLC-4W, Vandenberg SFB, California, USA","Wed May 13, 1998 15:52 UTC",Titan II(23)G | NOAA-15,Retired,35.0,Success
2821,Lockheed,"SLC-40, Cape Canaveral SFS, Florida, USA","Sat May 09, 1998 01:38 UTC",Titan IV(401)B | Orion 4 (USA-139) (NROL-6),Retired,,Success
2822,ILS,"Site 81/23, Baikonur Cosmodrome, Kazakhstan","Thu May 07, 1998 23:45 UTC",Proton-K/Block DM-3 | EchoStar 4,Retired,,Success
2823,VKS RF,"Site 16/2, Plesetsk Cosmodrome, Russia","Thu May 07, 1998 08:53 UTC",Molniya-M/Block 2BL | Cosmos 2351,Retired,,Success
2824,CAC,"LC-7, Taiyuan Satellite Launch Center, China","Sat May 02, 1998 09:16 UTC",Long March 2C/SD | Iridium SV69 & SV71,Retired,,Success
2825,Roscosmos,"Site 200/39, Baikonur Cosmodrome, Kazakhstan","Wed Apr 29, 1998 04:36 UTC",Proton K/Block-DM-2 | Cosmos 2350,Retired,,Success
2826,Arianespace,"ELA-2, Guiana Space Centre, French Guiana, France","Tue Apr 28, 1998 22:53 UTC",Ariane 44P | Nilesat-101 & BSAT-1B,Retired,,Success
2827,Boeing,"SLC-17A, Cape Canaveral SFS, Florida, USA","Fri Apr 24, 1998 22:38 UTC",Delta II 7920-10C | Globalstar-2,Retired,,Success
2828,NASA,"LC-39B, Kennedy Space Center, Florida, USA","Fri Apr 17, 1998 18:19 UTC",Space Shuttle Columbia | STS-90,Retired,450.0,Success
2829,Roscosmos,"Site 81/23, Baikonur Cosmodrome, Kazakhstan","Tue Apr 07, 1998 02:13 UTC",Proton-K/Block-DM2 | Iridium SV62 to 68,Retired,,Success
2830,Northrop,"Stargazer, Vandenberg SFB, California, USA","Thu Apr 02, 1998 02:42 UTC",Pegasus XL | TRACE,Active,40.0,Success
2831,Boeing,"SLC-2W, Vandenberg SFB, California, USA","Mon Mar 30, 1998 06:02 UTC",Delta II 7920-10C | MS-8,Retired,,Success
2832,CAC,"LC-7, Taiyuan Satellite Launch Center, China","Wed Mar 25, 1998 17:01 UTC",Long March 2C/SD | Iridium SV51 & SV61,Retired,,Success
2833,Arianespace,"ELA-2, Guiana Space Centre, French Guiana, France","Tue Mar 24, 1998 01:46 UTC",Ariane 40 | SPOT-4,Retired,,Success
2834,Lockheed,"SLC-36A, Cape Canaveral SFS, Florida, USA","Mon Mar 16, 1998 21:32 UTC",Atlas II | UHF F8,Retired,,Success
2835,Roscosmos,"Site 1/5, Baikonur Cosmodrome, Kazakhstan","Sat Mar 14, 1998 22:45 UTC",Soyuz U | Progress M-38,Retired,20.0,Success
2836,ILS,"SLC-36B, Cape Canaveral SFS, Florida, USA","Sat Feb 28, 1998 00:21 UTC",Atlas IIAS | Intelsat 806,Retired,,Success
2837,Arianespace,"ELA-2, Guiana Space Centre, French Guiana, France","Fri Feb 27, 1998 22:38 UTC",Ariane 42P | Hotbird 4,Retired,,Success
2838,Northrop,"Stargazer, Wallops Flight Facility, Virginia, USA","Thu Feb 26, 1998 07:07 UTC",Pegasus XL | SNOE & BATSAT,Active,40.0,Success
2839,MHI,"LA-Y1, Tanegashima Space Center, Japan","Sat Feb 21, 1998 07:55 UTC",H-II | Kakehashi,Retired,,Partial Failure
2840,Boeing,"SLC-2W, Vandenberg SFB, California, USA","Wed Feb 18, 1998 13:58 UTC",Delta II 7920-10C | MS-7,Retired,,Success
2841,VKS RF,"Site 31/6, Baikonur Cosmodrome, Kazakhstan","Tue Feb 17, 1998 10:35 UTC",Soyuz U | Cosmos 2349,Retired,20.0,Success
2842,Boeing,"SLC-17A, Cape Canaveral SFS, Florida, USA","Sat Feb 14, 1998 14:34 UTC",Delta II 7420-10C | Globalstar-1,Retired,,Success
2843,Northrop,"SLC-576E, Vandenberg SFB, California, USA","Tue Feb 10, 1998 13:20 UTC",Minotaur C (Taurus) | GFO & Orbcomm 11 and 12,Active,45.0,Success
2844,Arianespace,"ELA-2, Guiana Space Centre, French Guiana, France","Wed Feb 04, 1998 23:29 UTC",Ariane 44LP | Brasilsat B3 & Inmarsat-3 F5,Retired,,Success
2845,Lockheed,"SLC-36A, Cape Canaveral SFS, Florida, USA","Thu Jan 29, 1998 18:37 UTC",Atlas IIA | Quasar-12 (USA-137) (NROL-59),Retired,,Success
2846,Roscosmos,"Site 1/5, Baikonur Cosmodrome, Kazakhstan","Thu Jan 29, 1998 16:33 UTC",Soyuz U | Soyuz TM-27,Retired,20.0,Success
2847,NASA,"LC-39A, Kennedy Space Center, Florida, USA","Fri Jan 23, 1998 02:48 UTC",Space Shuttle Endeavour | STS-89,Retired,450.0,Success
2848,IAI,"Pad 1, Palmachim Airbase, Israel","Thu Jan 22, 1998 12:56 UTC",Shavit 1 | Ofek-4,Retired,,Failure
2849,Boeing,"SLC-17B, Cape Canaveral SFS, Florida, USA","Sat Jan 10, 1998 00:32 UTC",Delta II 7925 | Skynet 4D,Retired,,Success
2850,Lockheed,"SLC-46, Cape Canaveral SFS, Florida, USA","Wed Jan 07, 1998 02:28 UTC",Athena II | Lunar Prospector,Retired,,Success
2851,ILS,"Site 81/23, Baikonur Cosmodrome, Kazakhstan","Wed Dec 24, 1997 23:19 UTC",Proton-K/Block DM-3 | AsiaSat 3,Retired,,Partial Failure
2852,MITT,"Site 5, Svobodny Cosmodrome, Russia","Wed Dec 24, 1997 13:32 UTC",START-1 | Earlybird 1,Retired,,Success
2853,Northrop,"Stargazer, Wallops Flight Facility, Virginia, USA","Tue Dec 23, 1997 19:11 UTC",Pegasus XL/HAPS | Orbcomm A1-A8,Active,40.0,Success
2854,Arianespace,"ELA-2, Guiana Space Centre, French Guiana, France","Mon Dec 22, 1997 00:16 UTC",Ariane 42L | Intelsat 804,Retired,,Success
2855,Boeing,"SLC-2W, Vandenberg SFB, California, USA","Sat Dec 20, 1997 13:16 UTC",Delta II 7920-10C | MS-6,Retired,,Success
2856,Roscosmos,"Site 1/5, Baikonur Cosmodrome, Kazakhstan","Sat Dec 20, 1997 08:45 UTC",Soyuz U | Progress M-37,Retired,20.0,Success
2857,VKS RF,"Site 16/2, Plesetsk Cosmodrome, Russia","Mon Dec 15, 1997 15:40 UTC",Soyuz U | Cosmos 2348,Retired,20.0,Success
2858,VKS RF,"Site 90/20, Baikonur Cosmodrome, Kazakhstan","Tue Dec 09, 1997 07:17 UTC",Tsyklon-2 | Cosmos 2347,Retired,,Success
2859,ILS,"SLC-36B, Cape Canaveral SFS, Florida, USA","Mon Dec 08, 1997 23:52 UTC",Atlas IIAS | Galaxy 8i,Retired,,Success
2860,CAC,"LC-7, Taiyuan Satellite Launch Center, China","Mon Dec 08, 1997 07:16 UTC",Long March 2C/SD | Iridium SV42 & SV44,Retired,,Success
2861,ILS,"Site 81/23, Baikonur Cosmodrome, Kazakhstan","Tue Dec 02, 1997 23:10 UTC",Proton-K/Block DM-3 | Astra 1G,Retired,,Success
2862,Arianespace,"ELA-2, Guiana Space Centre, French Guiana, France","Tue Dec 02, 1997 22:52 UTC",Ariane 44P | JCSAT-5 & Equator S,Retired,,Success
2863,MHI,"LA-Y1, Tanegashima Space Center, Japan","Thu Nov 27, 1997 21:27 UTC",H-II | TRMM & Orihime/Hikoboshi,Retired,,Success
2864,NASA,"LC-39B, Kennedy Space Center, Florida, USA","Wed Nov 19, 1997 19:46 UTC",Space Shuttle Columbia | STS-87,Retired,450.0,Success
2865,VKS RF,"Site 43/3, Plesetsk Cosmodrome, Russia","Tue Nov 18, 1997 11:14 UTC",Soyuz U | Resurs-F1M,Retired,20.0,Success
2866,Arianespace,"ELA-2, Guiana Space Centre, French Guiana, France","Wed Nov 12, 1997 21:48 UTC",Ariane 44L | Sirius-2 & Cakrawarta-1,Retired,,Success
2867,Roscosmos,"Site 200/39, Baikonur Cosmodrome, Kazakhstan","Wed Nov 12, 1997 17:00 UTC",Proton-K/Block DM-2M | Kupon 1,Retired,,Success
2868,Boeing,"SLC-2W, Vandenberg SFB, California, USA","Sun Nov 09, 1997 01:34 UTC",Delta II 7920-10C | MS-5,Retired,,Success
2869,Lockheed,"SLC-41, Cape Canaveral SFS, Florida, USA","Sat Nov 08, 1997 02:05 UTC",Titan IV(401)A | Trumpet 3 (USA-136) (NROL-4),Retired,,Success
2870,Boeing,"SLC-17A, Cape Canaveral SFS, Florida, USA","Thu Nov 06, 1997 00:30 UTC",Delta II 7925 | GPS IIA-19 (USA-135),Retired,,Success
2871,AEB,"VLS Pad, Alcântara Launch Center, Maranhão, Brazil","Sun Nov 02, 1997 12:25 UTC",VLS-1 | SCD-2A,Retired,,Failure
2872,ESA,"ELA-3, Guiana Space Centre, French Guiana, France","Thu Oct 30, 1997 13:43 UTC","Ariane 5 G | MaqSat-H, MaqSat-B & YES",Retired,,Partial Failure
2873,Lockheed,"SLC-36A, Cape Canaveral SFS, Florida, USA","Sat Oct 25, 1997 00:46 UTC",Atlas IIA | DSCS IIIB-13 & Falcon Gold,Retired,,Success
2874,Lockheed,"SLC-4E, Vandenberg SFB, California, USA","Fri Oct 24, 1997 02:32 UTC",Titan IV(403)A | Lacrosse 3 (USA-133) (NROL-3),Retired,,Success
2875,Northrop,"Stargazer, Wallops Flight Facility, Virginia, USA","Wed Oct 22, 1997 13:13 UTC",Pegasus XL | STEP-4,Active,40.0,Success
2876,CAC,"LC-2, Xichang Satellite Launch Center, China","Thu Oct 16, 1997 19:13 UTC",Long March 3B | Apstar 2R,Retired,,Success
2877,Lockheed,"SLC-40, Cape Canaveral SFS, Florida, USA","Wed Oct 15, 1997 08:43 UTC",Titan IV(401)B | Cassini–Huygens,Retired,,Success
2878,VKS RF,"Site 43/3, Plesetsk Cosmodrome, Russia","Thu Oct 09, 1997 17:59 UTC",Soyuz U | Foton 11,Retired,20.0,Success
2879,ILS,"SLC-36B, Cape Canaveral SFS, Florida, USA","Sun Oct 05, 1997 21:01 UTC",Atlas IIAS | Echostar 3,Retired,,Success
2880,Roscosmos,"Site 1/5, Baikonur Cosmodrome, Kazakhstan","Sun Oct 05, 1997 15:08 UTC",Soyuz U | Progress M-36,Retired,20.0,Success
2881,ISRO,"First Launch Pad, Satish Dhawan Space Centre, India","Mon Sep 29, 1997 04:47 UTC",PSLV-G | IRS-1D,Retired,25.0,Partial Failure
2882,Boeing,"SLC-2W, Vandenberg SFB, California, USA","Sat Sep 27, 1997 01:23 UTC",Delta II 7920-10C | MS-4,Retired,,Success
2883,NASA,"LC-39A, Kennedy Space Center, Florida, USA","Fri Sep 26, 1997 02:34 UTC",Space Shuttle Atlantis | STS-86,Retired,450.0,Success
2884,VKS RF,"Site 43/3, Plesetsk Cosmodrome, Russia","Wed Sep 24, 1997 21:30 UTC",Molniya-M/Block ML | Molniya-1T n°166,Retired,,Success
2885,Arianespace,"ELA-2, Guiana Space Centre, French Guiana, France","Tue Sep 23, 1997 23:58 UTC",Ariane 42L | Intelsat 803,Retired,,Success
2886,VKS RF,"Site 132/1, Plesetsk Cosmodrome, Russia","Tue Sep 23, 1997 16:44 UTC",Cosmos-3M | Cosmos 2346 & FAISAT-2V,Retired,,Success
2887,Roscosmos,"Site 81/23, Baikonur Cosmodrome, Kazakhstan","Sun Sep 14, 1997 01:36 UTC",Proton-K/Block-DM2 | Iridium SV27 to 33,Retired,,Success
2888,ILS,"SLC-36A, Cape Canaveral SFS, Florida, USA","Thu Sep 04, 1997 12:03 UTC",Atlas IIAS | GE-3,Retired,,Success
2889,Arianespace,"ELA-2, Guiana Space Centre, French Guiana, France","Tue Sep 02, 1997 22:21 UTC",Ariane 44LP | Hotbird 3 & Météosat 7,Retired,,Success
2890,CAC,"LC-7, Taiyuan Satellite Launch Center, China","Mon Sep 01, 1997 14:00 UTC",Long March 2C/SD | Iridium-MFS 1 & 2,Retired,,Success
2891,Northrop,"Stargazer, Vandenberg SFB, California, USA","Fri Aug 29, 1997 15:02 UTC",Pegasus XL | FORTE,Active,40.0,Success
2892,ILS,"Site 81/23, Baikonur Cosmodrome, Kazakhstan","Thu Aug 28, 1997 00:33 UTC",Proton-K/Block DM-3 | PAS 5,Retired,,Success
2893,Boeing,"SLC-17A, Cape Canaveral SFS, Florida, USA","Mon Aug 25, 1997 14:39 UTC",Delta II 7920-8 | Advanced Composition Explorer,Retired,,Success
2894,Lockheed,"SLC-6, Vandenberg SFB, California, USA","Sat Aug 23, 1997 06:51 UTC",Athena I | Lewis,Retired,,Success
2895,Boeing,"SLC-2W, Vandenberg SFB, California, USA","Thu Aug 21, 1997 00:38 UTC",Delta II 7920-10C | MS-3,Retired,,Success
2896,CAC,"LC-2, Xichang Satellite Launch Center, China","Tue Aug 19, 1997 17:50 UTC",Long March 3B | Agila 2,Retired,,Success
2897,Roscosmos,"Site 200/39, Baikonur Cosmodrome, Kazakhstan","Thu Aug 14, 1997 20:49 UTC",Proton K/Block-DM-2 | Cosmos 2345,Retired,,Partial Failure
2898,Arianespace,"ELA-2, Guiana Space Centre, French Guiana, France","Fri Aug 08, 1997 06:46 UTC",Ariane 44P | Panamsat 6,Retired,,Success
2899,NASA,"LC-39A, Kennedy Space Center, Florida, USA","Thu Aug 07, 1997 14:41 UTC",Space Shuttle Discovery | STS-85,Retired,450.0,Success
2900,Roscosmos,"Site 1/5, Baikonur Cosmodrome, Kazakhstan","Tue Aug 05, 1997 15:35 UTC",Soyuz U | Soyuz TM-26,Retired,20.0,Success
2901,Northrop,"Stargazer, Base Aerea de Gando, Gran Canaria","Fri Aug 01, 1997 20:20 UTC",Pegasus XL | OrbView-2,Active,40.0,Success
2902,ILS,"SLC-36B, Cape Canaveral SFS, Florida, USA","Mon Jul 28, 1997 01:15 UTC",Atlas IIAS | Superbird C,Retired,,Success
2903,Boeing,"SLC-17A, Cape Canaveral SFS, Florida, USA","Wed Jul 23, 1997 03:43 UTC",Delta II 7925 | GPS IIR-2 (USA-132),Retired,,Success
2904,Boeing,"SLC-2W, Vandenberg SFB, California, USA","Wed Jul 09, 1997 13:04 UTC",Delta II 7920-10C | MS-2,Retired,,Success
2905,Roscosmos,"Site 1/5, Baikonur Cosmodrome, Kazakhstan","Sat Jul 05, 1997 04:11 UTC",Soyuz U | Progress M-35,Retired,20.0,Success
2906,NASA,"LC-39A, Kennedy Space Center, Florida, USA","Tue Jul 01, 1997 18:02 UTC",Space Shuttle Columbia | STS-94,Retired,450.0,Success
2907,Arianespace,"ELA-2, Guiana Space Centre, French Guiana, France","Wed Jun 25, 1997 23:44 UTC",Ariane 44P | Intelsat 802,Retired,,Success
2908,Roscosmos,"Site 81/23, Baikonur Cosmodrome, Kazakhstan","Wed Jun 18, 1997 14:02 UTC",Proton-K/Block-DM2 | Iridium SV09 to 14 & 16,Retired,,Success
2909,CAC,"LC-3, Xichang Satellite Launch Center, China","Tue Jun 10, 1997 12:01 UTC",Long March 3 | Fengyun-2A,Retired,,Success
2910,Roscosmos,"Site 200/39, Baikonur Cosmodrome, Kazakhstan","Fri Jun 06, 1997 16:56 UTC",Proton-K/Block DM-5 | Cosmos 2344,Retired,,Success
2911,Arianespace,"ELA-2, Guiana Space Centre, French Guiana, France","Tue Jun 03, 1997 23:20 UTC",Ariane 44L | Inmarsat 3 F4 & Insat 2D,Retired,,Success
2912,ILS,"Site 81/23, Baikonur Cosmodrome, Kazakhstan","Sat May 24, 1997 17:00 UTC",Proton-K/Block DM-4 | Telstar 5,Retired,,Success
2913,Boeing,"SLC-17A, Cape Canaveral SFS, Florida, USA","Tue May 20, 1997 22:39 UTC",Delta II 7925 | Thor II,Retired,,Success
2914,VKS RF,"Site 45/1, Baikonur Cosmodrome, Kazakhstan","Tue May 20, 1997 07:07 UTC",Zenit-2 | Tselina-2 n°19,Retired,,Failure
2915,VKS RF,"Site 31/6, Baikonur Cosmodrome, Kazakhstan","Thu May 15, 1997 12:09 UTC",Soyuz U | Cosmos 2343,Retired,20.0,Success
2916,NASA,"LC-39A, Kennedy Space Center, Florida, USA","Thu May 15, 1997 08:07 UTC",Space Shuttle Atlantis | STS-84,Retired,450.0,Success
2917,VKS RF,"Site 43/4, Plesetsk Cosmodrome, Russia","Wed May 14, 1997 00:33 UTC",Molniya-M/Block 2BL | Cosmos 2342,Retired,,Success
2918,CAC,"LC-2, Xichang Satellite Launch Center, China","Sun May 11, 1997 16:17 UTC",Long March 3A | ChinaSat-6,Retired,69.7,Success
2919,Boeing,"SLC-2W, Vandenberg SFB, California, USA","Mon May 05, 1997 14:55 UTC",Delta II 7920-10C | MS-1,Retired,,Success
2920,Lockheed,"SLC-36B, Cape Canaveral SFS, Florida, USA","Fri Apr 25, 1997 05:49 UTC",Atlas I | GOES-K,Retired,,Success
2921,Northrop,"Stargazer, Base Aerea de Gando, Gran Canaria","Mon Apr 21, 1997 11:59 UTC",Pegasus XL | Minisat 01 & Celestis 01,Active,40.0,Success
2922,VKS RF,"Site 132/1, Plesetsk Cosmodrome, Russia","Thu Apr 17, 1997 13:03 UTC",Cosmos-3M | Cosmos 2341,Retired,,Success
2923,Arianespace,"ELA-2, Guiana Space Centre, French Guiana, France","Wed Apr 16, 1997 23:08 UTC",Ariane 44LP | Thaicom 3 & BSAT 1a,Retired,,Success
2924,VKS RF,"Site 16/2, Plesetsk Cosmodrome, Russia","Wed Apr 09, 1997 08:58 UTC",Molniya-M/Block 2BL | Cosmos 2340,Retired,,Success
2925,Roscosmos,"Site 1/5, Baikonur Cosmodrome, Kazakhstan","Sun Apr 06, 1997 16:04 UTC",Soyuz U | Progress M-34,Retired,20.0,Success
2926,NASA,"LC-39A, Kennedy Space Center, Florida, USA","Fri Apr 04, 1997 19:20 UTC",Space Shuttle Columbia | STS-83,Retired,450.0,Success
2927,Lockheed,"SLC-4W, Vandenberg SFB, California, USA","Fri Apr 04, 1997 16:47 UTC",Titan II(23)G | DMSP-5D2 F14 (USA-131),Retired,35.0,Success
2928,ILS,"SLC-36A, Cape Canaveral SFS, Florida, USA","Sat Mar 08, 1997 06:01 UTC",Atlas IIA | Tempo 2,Retired,,Success
2929,MITT,"Site 5, Svobodny Cosmodrome, Russia","Tue Mar 04, 1997 02:00 UTC",START-1 | Zeya,Retired,,Success
2930,Arianespace,"ELA-2, Guiana Space Centre, French Guiana, France","Sat Mar 01, 1997 01:07 UTC",Ariane 44P | Intelsat 801,Retired,,Success
2931,Lockheed,"SLC-40, Cape Canaveral SFS, Florida, USA","Sun Feb 23, 1997 20:20 UTC",Titan IV(402)B | DSP-18 (USA-130),Retired,,Success
2932,ILS,"SLC-36B, Cape Canaveral SFS, Florida, USA","Mon Feb 17, 1997 01:42 UTC",Atlas IIAS | JCSAT-4,Retired,,Success
2933,VKS RF,"Site 32/2, Plesetsk Cosmodrome, Russia","Fri Feb 14, 1997 03:47 UTC",Tsyklon-3 | Cosmos 2337 to 2339 & Goniets n°4 to 6,Retired,,Success
2934,ISAS,"Mu Pad, Uchinoura Space Center, Japan","Wed Feb 12, 1997 04:50 UTC",Mu-V/M-24 | Haruka,Retired,,Success
2935,NASA,"LC-39A, Kennedy Space Center, Florida, USA","Tue Feb 11, 1997 08:55 UTC",Space Shuttle Discovery | STS-82,Retired,450.0,Success
2936,Roscosmos,"Site 1/5, Baikonur Cosmodrome, Kazakhstan","Mon Feb 10, 1997 14:09 UTC",Soyuz U | Soyuz TM-25,Retired,20.0,Success
2937,Arianespace,"ELA-2, Guiana Space Centre, French Guiana, France","Thu Jan 30, 1997 22:04 UTC",Ariane 44L | GE-2 & Nahuel 1A,Retired,,Success
2938,Boeing,"SLC-17A, Cape Canaveral SFS, Florida, USA","Fri Jan 17, 1997 16:28 UTC",Delta II 7925 | GPS IIR-1,Retired,,Failure
2939,NASA,"LC-39B, Kennedy Space Center, Florida, USA","Sun Jan 12, 1997 09:27 UTC",Space Shuttle Atlantis | STS-81,Retired,450.0,Success
2940,VKS RF,"Site 43/4, Plesetsk Cosmodrome, Russia","Tue Dec 24, 1996 13:50 UTC",Soyuz U | Bion 11,Retired,20.0,Success
2941,Lockheed,"SLC-4E, Vandenberg SFB, California, USA","Fri Dec 20, 1996 18:04 UTC",Titan IV(404)A | KH-11 12 (Crystal 12) (USA-129) (NROL-2),Retired,,Success
2942,VKS RF,"Site 132/1, Plesetsk Cosmodrome, Russia","Fri Dec 20, 1996 06:43 UTC",Cosmos-3M | Cosmos 2336,Retired,,Success
2943,ILS,"SLC-36B, Cape Canaveral SFS, Florida, USA","Wed Dec 18, 1996 01:57 UTC",Atlas IIA | Inmarsat 3-F3,Retired,,Success
2944,VKS RF,"Site 90/20, Baikonur Cosmodrome, Kazakhstan","Wed Dec 11, 1996 12:00 UTC",Tsyklon-2 | Cosmos 2335,Retired,,Success
2945,Boeing,"SLC-17B, Cape Canaveral SFS, Florida, USA","Wed Dec 04, 1996 06:58 UTC",Delta II 7925 | Mars Pathfinder,Retired,,Success
2946,ILS,"SLC-36A, Cape Canaveral SFS, Florida, USA","Thu Nov 21, 1996 20:47 UTC",Atlas IIA | Hot Bird 2,Retired,,Success
2947,Roscosmos,"Site 1/5, Baikonur Cosmodrome, Kazakhstan","Tue Nov 19, 1996 23:20 UTC",Soyuz U | Progress M-33,Retired,20.0,Success
2948,NASA,"LC-39B, Kennedy Space Center, Florida, USA","Tue Nov 19, 1996 19:55 UTC",Space Shuttle Columbia | STS-80,Retired,450.0,Success
2949,Roscosmos,"Site 200/39, Baikonur Cosmodrome, Kazakhstan","Sat Nov 16, 1996 20:48 UTC",Proton-K/Block D-2 | Mars 96,Retired,,Failure
2950,Arianespace,"ELA-2, Guiana Space Centre, French Guiana, France","Wed Nov 13, 1996 22:40 UTC",Ariane 44L | Arabsat-2B & Measat-2,Retired,,Success
2951,Boeing,"SLC-17A, Cape Canaveral SFS, Florida, USA","Thu Nov 07, 1996 17:00 UTC",Delta II 7925 | Mars Global Surveyor,Retired,,Success
2952,Northrop,"Stargazer, Vandenberg SFB, California, USA","Mon Nov 04, 1996 17:08 UTC",Pegasus XL | HETE & SAC-B,Active,40.0,Failure
2953,VKS RF,"Site 43/4, Plesetsk Cosmodrome, Russia","Thu Oct 24, 1996 11:37 UTC",Molniya-M/Block ML | Molniya-3 n°165,Retired,,Success
2954,CAC,"Site 138 (LA-2B), Jiuquan Satellite Launch Center, China","Sun Oct 20, 1996 07:20 UTC",Long March 2D | FSW-2 3,Active,29.75,Success
2955,Roscosmos,"Site 200/39, Baikonur Cosmodrome, Kazakhstan","Thu Sep 26, 1996 17:50 UTC",Proton-K/Block DM-2M | Ekspress 2,Retired,,Success
2956,NASA,"LC-39A, Kennedy Space Center, Florida, USA","Mon Sep 16, 1996 08:54 UTC",Space Shuttle Atlantis | STS-79,Retired,450.0,Success
2957,Boeing,"SLC-17A, Cape Canaveral SFS, Florida, USA","Thu Sep 12, 1996 08:49 UTC",Delta II 7925 | GPS IIA-18 (USA-128),Retired,,Success
2958,Arianespace,"ELA-2, Guiana Space Centre, French Guiana, France","Wed Sep 11, 1996 00:00 UTC",Ariane 42P | Echostar 2,Retired,,Success
2959,ILS,"SLC-36B, Cape Canaveral SFS, Florida, USA","Sun Sep 08, 1996 21:49 UTC",Atlas IIA | GE-1,Retired,,Success
2960,Roscosmos,"Site 81/23, Baikonur Cosmodrome, Kazakhstan","Fri Sep 06, 1996 17:37 UTC",Proton-K/Block-DM | Inmarsat-3 F2,Retired,,Success
2961,VKS RF,"Site 132/1, Plesetsk Cosmodrome, Russia","Thu Sep 05, 1996 12:47 UTC",Cosmos-3M | Cosmos 2334 & UNAMSAT-B,Retired,,Success
2962,VKS RF,"Site 45/1, Baikonur Cosmodrome, Kazakhstan","Wed Sep 04, 1996 09:01 UTC",Zenit-2 | Cosmos 2333,Retired,,Success
2963,VKS RF,"Site 43/3, Plesetsk Cosmodrome, Russia","Thu Aug 29, 1996 05:22 UTC","Molniya-M/Block SO-L | Interbol 2, Magion5 & Victor",Retired,,Success
2964,Northrop,"Stargazer, Vandenberg SFB, California, USA","Wed Aug 21, 1996 09:47 UTC",Pegasus XL | FAST,Active,40.0,Success
2965,CAC,"LC-3, Xichang Satellite Launch Center, China","Sun Aug 18, 1996 10:27 UTC",Long March 3 | ChinaSat-7,Retired,,Partial Failure
2966,Roscosmos,"Site 1/5, Baikonur Cosmodrome, Kazakhstan","Sat Aug 17, 1996 13:18 UTC",Soyuz U | Soyuz TM-24,Retired,20.0,Success
2967,MHI,"LA-Y1, Tanegashima Space Center, Japan","Sat Aug 17, 1996 01:53 UTC",H-II (2 SSB) | Fuji 2 & Midori,Retired,,Success
2968,VKS RF,"Site 43/3, Plesetsk Cosmodrome, Russia","Wed Aug 14, 1996 22:20 UTC",Molniya-M/Block ML | Molniya-1T n°164,Retired,,Success
2969,Arianespace,"ELA-2, Guiana Space Centre, French Guiana, France","Thu Aug 08, 1996 22:49 UTC",Ariane 44L | Italsat F2 & Télécom 2D,Retired,,Success
2970,Roscosmos,"Site 1/5, Baikonur Cosmodrome, Kazakhstan","Wed Jul 31, 1996 20:00 UTC",Soyuz U | Progress M-32,Retired,20.0,Success
2971,Lockheed,"SLC-36A, Cape Canaveral SFS, Florida, USA","Thu Jul 25, 1996 12:41 UTC",Atlas II | UHF F7,Retired,,Success
2972,Boeing,"SLC-17A, Cape Canaveral SFS, Florida, USA","Tue Jul 16, 1996 00:50 UTC",Delta II 7925 | GPS IIA-17 (USA-126),Retired,,Success
2973,Arianespace,"ELA-2, Guiana Space Centre, French Guiana, France","Tue Jul 09, 1996 22:24 UTC",Ariane 44L | Arabsat-2A & Türksat 1C,Retired,,Success
2974,CAC,"LC-3, Xichang Satellite Launch Center, China","Wed Jul 03, 1996 10:47 UTC",Long March 3 | Apstar 1A,Retired,,Success
2975,Lockheed,"SLC-40, Cape Canaveral SFS, Florida, USA","Wed Jul 03, 1996 00:30 UTC",Titan IV(405)A | Quasar-11 (USA-125),Retired,,Success
2976,Northrop,"Stargazer, Vandenberg SFB, California, USA","Tue Jul 02, 1996 07:48 UTC",Pegasus XL | TOMS,Active,40.0,Success
2977,VKS RF,"Site 16/2, Plesetsk Cosmodrome, Russia","Thu Jun 20, 1996 18:44 UTC",Soyuz U | Yantar-4K2 n°158,Retired,20.0,Failure
2978,NASA,"LC-39B, Kennedy Space Center, Florida, USA","Thu Jun 20, 1996 14:49 UTC",Space Shuttle Columbia | STS-78,Retired,450.0,Success
2979,Arianespace,"ELA-2, Guiana Space Centre, French Guiana, France","Sat Jun 15, 1996 06:55 UTC",Ariane 44P | Intelsat 709,Retired,,Success
2980,ESA,"ELA-3, Guiana Space Centre, French Guiana, France","Tue Jun 04, 1996 12:34 UTC",Ariane 5 G | Cluster FM1 to FM4,Retired,,Failure
2981,Roscosmos,"Site 200/39, Baikonur Cosmodrome, Kazakhstan","Sat May 25, 1996 02:05 UTC",Proton K/Block-DM-2 | Gorizont 32,Retired,,Success
2982,Boeing,"SLC-17B, Cape Canaveral SFS, Florida, USA","Fri May 24, 1996 01:10 UTC",Delta II 7925 | Galaxy 9,Retired,,Success
2983,NASA,"LC-39B, Kennedy Space Center, Florida, USA","Sun May 19, 1996 10:30 UTC",Space Shuttle Endeavour | STS-77,Retired,450.0,Success
2984,Northrop,"Stargazer, Vandenberg SFB, California, USA","Fri May 17, 1996 02:44 UTC",Pegasus | MSTI-3,Retired,40.0,Success
2985,Arianespace,"ELA-2, Guiana Space Centre, French Guiana, France","Thu May 16, 1996 01:56 UTC",Ariane 44L | Palapa C2 & AMOS-1,Retired,,Success
2986,VKS RF,"Site 31/6, Baikonur Cosmodrome, Kazakhstan","Tue May 14, 1996 08:55 UTC",Soyuz U | Yantar-1KFT n°157,Retired,20.0,Failure
2987,Lockheed,"SLC-4E, Vandenberg SFB, California, USA","Sun May 12, 1996 21:32 UTC",Titan IV(403)A | SLDCOM 4 & NOSS-2 4A to 4C & TiPS 1a/1b (USA-119 to USA-121),Retired,,Success
2988,Roscosmos,"Site 1/5, Baikonur Cosmodrome, Kazakhstan","Sun May 05, 1996 07:04 UTC",Soyuz U | Progress M-31,Retired,20.0,Success
2989,Lockheed,"SLC-36B, Cape Canaveral SFS, Florida, USA","Tue Apr 30, 1996 04:31 UTC",Atlas I | BeppoSAX,Retired,,Success
2990,Lockheed,"SLC-41, Cape Canaveral SFS, Florida, USA","Wed Apr 24, 1996 23:37 UTC",Titan IV(401)A | Mercury-15 (USA-118),Retired,,Success
2991,VKS RF,"Site 132/1, Plesetsk Cosmodrome, Russia","Wed Apr 24, 1996 13:00 UTC",Cosmos-3M | Cosmos 2265,Retired,,Success
2992,Boeing,"SLC-2W, Vandenberg SFB, California, USA","Wed Apr 24, 1996 12:27 UTC",Delta II 7920-10 | MSX,Retired,,Success
2993,Roscosmos,"Site 81/23, Baikonur Cosmodrome, Kazakhstan","Tue Apr 23, 1996 11:48 UTC",Proton-K | Priroda,Retired,,Success
2994,Arianespace,"ELA-2, Guiana Space Centre, French Guiana, France","Sat Apr 20, 1996 22:36 UTC",Ariane 42P | M-SAT-1,Retired,,Success
2995,ILS,"Site 81/23, Baikonur Cosmodrome, Kazakhstan","Mon Apr 08, 1996 23:09 UTC",Proton-K/Block DM-3 | Astra 1F,Retired,,Success
2996,ILS,"SLC-36A, Cape Canaveral SFS, Florida, USA","Wed Apr 03, 1996 23:01 UTC",Atlas IIA | Inmarsat 3-F1,Retired,,Success
2997,Boeing,"SLC-17B, Cape Canaveral SFS, Florida, USA","Thu Mar 28, 1996 00:21 UTC",Delta II 7925 | GPS IIA-16 (USA-117),Retired,,Success
2998,NASA,"LC-39B, Kennedy Space Center, Florida, USA","Fri Mar 22, 1996 08:13 UTC",Space Shuttle Atlantis | STS-76,Retired,450.0,Success
2999,ISRO,"First Launch Pad, Satish Dhawan Space Centre, India","Thu Mar 21, 1996 04:53 UTC",PSLV-G | IRS-P3,Retired,25.0,Success
3000,VKS RF,"Site 43/4, Plesetsk Cosmodrome, Russia","Thu Mar 14, 1996 17:39 UTC",Soyuz U | Cosmos 2331,Retired,20.0,Success
3001,Arianespace,"ELA-2, Guiana Space Centre, French Guiana, France","Thu Mar 14, 1996 07:11 UTC",Ariane 44LP | Intelsat 707,Retired,,Success
3002,Northrop,"Stargazer, Vandenberg SFB, California, USA","Sat Mar 09, 1996 01:33 UTC",Pegasus XL | REX II,Active,40.0,Success
3003,Boeing,"SLC-2W, Vandenberg SFB, California, USA","Sat Feb 24, 1996 11:24 UTC",Delta II 7925-10 | Polar,Retired,,Success
3004,NASA,"LC-39B, Kennedy Space Center, Florida, USA","Thu Feb 22, 1996 20:18 UTC",Space Shuttle Columbia | STS-75,Retired,450.0,Success
3005,Roscosmos,"Site 1/5, Baikonur Cosmodrome, Kazakhstan","Wed Feb 21, 1996 12:34 UTC",Soyuz U | Soyuz TM-23,Retired,20.0,Success
3006,Roscosmos,"Site 200/39, Baikonur Cosmodrome, Kazakhstan","Mon Feb 19, 1996 08:19 UTC",Proton K/Block-DM-2 | Raduga 33,Retired,,Failure
3007,VKS RF,"Site 32/1, Plesetsk Cosmodrome, Russia","Mon Feb 19, 1996 00:58 UTC",Tsyklon-3 | Cosmos 2328 to 2330 & Goniets n°1 to 3,Retired,,Success
3008,Boeing,"SLC-17B, Cape Canaveral SFS, Florida, USA","Sat Feb 17, 1996 20:43 UTC",Delta II 7925-8 | NEAR,Retired,,Success
3009,CAC,"LC-2, Xichang Satellite Launch Center, China","Wed Feb 14, 1996 19:01 UTC",Long March 3B | Intelsat 708,Retired,,Failure
3010,Arianespace,"ELA-2, Guiana Space Centre, French Guiana, France","Mon Feb 05, 1996 07:19 UTC",Ariane 44P | N-Star B,Retired,,Success
3011,ILS,"SLC-36B, Cape Canaveral SFS, Florida, USA","Thu Feb 01, 1996 01:15 UTC",Atlas IIAS | Palapa C1,Retired,,Success
3012,Roscosmos,"Site 200/39, Baikonur Cosmodrome, Kazakhstan","Thu Jan 25, 1996 09:55 UTC",Proton K/Block-DM-2 | Gorizont 31,Retired,,Success
3013,VKS RF,"Site 132/1, Plesetsk Cosmodrome, Russia","Tue Jan 16, 1996 15:33 UTC",Cosmos-3M | Cosmos 2327,Retired,,Success
3014,Boeing,"SLC-17B, Cape Canaveral SFS, Florida, USA","Sun Jan 14, 1996 11:10 UTC",Delta II 7925 | Koreasat-2,Retired,,Success
3015,Arianespace,"ELA-2, Guiana Space Centre, French Guiana, France","Fri Jan 12, 1996 23:10 UTC",Ariane 44L | Panamsat-3R & Measat-1,Retired,,Success
3016,NASA,"LC-39B, Kennedy Space Center, Florida, USA","Thu Jan 11, 1996 09:41 UTC",Space Shuttle Endeavour | STS-72,Retired,450.0,Success
3017,Boeing,"SLC-17A, Cape Canaveral SFS, Florida, USA","Sat Dec 30, 1995 13:48 UTC",Delta II 7920-10 | XTE,Retired,,Success
3018,CAC,"LC-2, Xichang Satellite Launch Center, China","Thu Dec 28, 1995 11:50 UTC",Long March 2E EPKM | EchoStar 1,Retired,,Success
3019,VKS RF,"Site 31/6, Baikonur Cosmodrome, Kazakhstan","Thu Dec 28, 1995 06:45 UTC",Molniya-M/Block 2BL | IRS-1C & Skipper,Retired,,Success
3020,VKS RF,"Site 90/20, Baikonur Cosmodrome, Kazakhstan","Wed Dec 20, 1995 00:52 UTC",Tsyklon-2 | Cosmos 2326,Retired,,Success
3021,Roscosmos,"Site 1/5, Baikonur Cosmodrome, Kazakhstan","Mon Dec 18, 1995 14:31 UTC",Soyuz U | Progress M-30,Retired,20.0,Success
3022,Lockheed,"SLC-36A, Cape Canaveral SFS, Florida, USA","Fri Dec 15, 1995 00:23 UTC",Atlas IIA | Galaxy 3R,Retired,,Success
3023,Roscosmos,"Site 200/39, Baikonur Cosmodrome, Kazakhstan","Thu Dec 14, 1995 06:10 UTC","Proton K/Block-DM-2 | Cosmos 2323, 2324 & 2325",Retired,,Success
3024,Arianespace,"ELA-2, Guiana Space Centre, French Guiana, France","Wed Dec 06, 1995 23:23 UTC",Ariane 44L | Télécom 2C & Insat 2C,Retired,,Success
3025,Lockheed,"SLC-4E, Vandenberg SFB, California, USA","Tue Dec 05, 1995 21:18 UTC",Titan IV(404)A | KH-11 11 (Crystal 11) (USA-116),Retired,,Success
3026,Lockheed,"SLC-36B, Cape Canaveral SFS, Florida, USA","Sat Dec 02, 1995 08:08 UTC",Atlas IIAS | SOHO,Retired,,Success
3027,CAC,"LC-2, Xichang Satellite Launch Center, China","Tue Nov 28, 1995 11:30 UTC",Long March 2E EPKM | AsiaSat 2,Retired,,Partial Failure
3028,Roscosmos,"Site 200/39, Baikonur Cosmodrome, Kazakhstan","Fri Nov 17, 1995 14:25 UTC",Proton K/Block-DM-2 | Gals 2,Retired,,Success
3029,Arianespace,"ELA-2, Guiana Space Centre, French Guiana, France","Fri Nov 17, 1995 01:20 UTC",Ariane 44P | Infrared Space Observatory,Retired,,Success
3030,NASA,"LC-39A, Kennedy Space Center, Florida, USA","Sun Nov 12, 1995 12:30 UTC",Space Shuttle Atlantis | STS-74,Retired,450.0,Success
3031,Lockheed,"SLC-40, Cape Canaveral SFS, Florida, USA","Mon Nov 06, 1995 05:15 UTC",Titan IV(401)A | Milstar DFS-2,Retired,,Success
3032,Boeing,"SLC-2W, Vandenberg SFB, California, USA","Sat Nov 04, 1995 14:22 UTC",Delta II 7920-10 | RADARSAT-1 & SURFSAT,Retired,,Success
3033,VKS RF,"Site 45/1, Baikonur Cosmodrome, Kazakhstan","Tue Oct 31, 1995 20:19 UTC",Zenit-2 | Cosmos 2322,Retired,,Success
3034,EER,"LP-0A, Wallops Flight Facility, Virginia, USA","Mon Oct 23, 1995 22:03 UTC",Conestoga 1620 | METEOR,Retired,20.0,Failure
3035,Lockheed,"SLC-36A, Cape Canaveral SFS, Florida, USA","Sun Oct 22, 1995 08:00 UTC",Atlas II | UHF F6 (USA-114),Retired,,Success
3036,NASA,"LC-39B, Kennedy Space Center, Florida, USA","Fri Oct 20, 1995 13:53 UTC",Space Shuttle Columbia | STS-73,Retired,450.0,Success
3037,Arianespace,"ELA-2, Guiana Space Centre, French Guiana, France","Thu Oct 19, 1995 00:38 UTC",Ariane 42L | Astra 1E,Retired,,Success
3038,Roscosmos,"Site 81/23, Baikonur Cosmodrome, Kazakhstan","Wed Oct 11, 1995 16:25 UTC",Proton K/Block-DM-2 | Luch-2 1,Retired,,Success
3039,Roscosmos,"Site 1/5, Baikonur Cosmodrome, Kazakhstan","Sun Oct 08, 1995 18:50 UTC",Soyuz U | Progress M-29,Retired,20.0,Success
3040,VKS RF,"Site 132/1, Plesetsk Cosmodrome, Russia","Fri Oct 06, 1995 03:23 UTC",Cosmos-3M | Cosmos 2321,Retired,,Partial Failure
3041,VKS RF,"Site 31/6, Baikonur Cosmodrome, Kazakhstan","Fri Sep 29, 1995 04:24 UTC",Soyuz U | Cosmos 2320,Retired,20.0,Success
3042,VKS RF,"Site 43/4, Plesetsk Cosmodrome, Russia","Tue Sep 26, 1995 11:20 UTC",Soyuz U | Resurs-F,Retired,20.0,Success
3043,Arianespace,"ELA-2, Guiana Space Centre, French Guiana, France","Sun Sep 24, 1995 00:06 UTC",Ariane 42L | Telstar 402R,Retired,,Success
3044,NASA,"LC-39A, Kennedy Space Center, Florida, USA","Thu Sep 07, 1995 15:09 UTC",Space Shuttle Endeavour | STS-69,Retired,450.0,Success
3045,Roscosmos,"Site 1/5, Baikonur Cosmodrome, Kazakhstan","Sun Sep 03, 1995 09:00 UTC",Soyuz U2 | Soyuz TM-22,Retired,40.0,Success
3046,VKS RF,"Site 32/2, Plesetsk Cosmodrome, Russia","Thu Aug 31, 1995 06:49 UTC",Tsyklon-3 | Sich 1 & FASat Alfa,Retired,,Success
3047,Roscosmos,"Site 81/23, Baikonur Cosmodrome, Kazakhstan","Wed Aug 30, 1995 19:32 UTC",Proton K/Block-DM-2 | Cosmos 2319,Retired,,Success
3048,Arianespace,"ELA-2, Guiana Space Centre, French Guiana, France","Tue Aug 29, 1995 06:41 UTC",Ariane 44P | N-Star A,Retired,,Success
3049,ILS,"SLC-36B, Cape Canaveral SFS, Florida, USA","Tue Aug 29, 1995 00:53 UTC",Atlas IIAS | JCSAT-3,Retired,,Success
3050,Lockheed,"SLC-6, Vandenberg SFB, California, USA","Tue Aug 15, 1995 22:30 UTC",Athena I | GemStar 1,Retired,,Failure
3051,VKS RF,"Site 43/3, Plesetsk Cosmodrome, Russia","Wed Aug 09, 1995 02:21 UTC",Molniya-M/Block ML | Molniya-3 n°163,Retired,,Success
3052,Boeing,"SLC-17B, Cape Canaveral SFS, Florida, USA","Sat Aug 05, 1995 11:10 UTC",Delta II 7925 | Koreasat 1,Retired,,Partial Failure
3053,Arianespace,"ELA-2, Guiana Space Centre, French Guiana, France","Thu Aug 03, 1995 22:58 UTC",Ariane 42L | Panamsat-4,Retired,,Success
3054,VKS RF,"Site 43/3, Plesetsk Cosmodrome, Russia","Wed Aug 02, 1995 23:59 UTC",Molniya-M/Block SO-L | Interbol 1 & Magion 4,Retired,,Success
3055,Lockheed,"SLC-36A, Cape Canaveral SFS, Florida, USA","Mon Jul 31, 1995 23:30 UTC",Atlas IIA | USA-113 (DSCS IIIB-7),Retired,,Success
3056,Roscosmos,"Site 81/23, Baikonur Cosmodrome, Kazakhstan","Mon Jul 24, 1995 15:52 UTC","Proton K/Block-DM-2 | Cosmos 2316, 2317 & 2318",Retired,,Success
3057,Roscosmos,"Site 1/5, Baikonur Cosmodrome, Kazakhstan","Thu Jul 20, 1995 03:04 UTC",Soyuz U | Progress M-28,Retired,20.0,Success
3058,NASA,"LC-39B, Kennedy Space Center, Florida, USA","Thu Jul 13, 1995 13:41 UTC",Space Shuttle Discovery | STS-70,Retired,450.0,Success
3059,Lockheed,"SLC-41, Cape Canaveral SFS, Florida, USA","Mon Jul 10, 1995 12:38 UTC",Titan IV(401)A | Trumpet,Retired,,Success
3060,Arianespace,"ELA-2, Guiana Space Centre, French Guiana, France","Fri Jul 07, 1995 16:23 UTC","Ariane 40 | Hélios 1A, Cerise, LBSAT-1",Retired,,Success
3061,VKS RF,"Site 132/1, Plesetsk Cosmodrome, Russia","Wed Jul 05, 1995 03:09 UTC",Cosmos-3M | Cosmos 2315,Retired,,Success
3062,VKS RF,"Site 43/3, Plesetsk Cosmodrome, Russia","Wed Jun 28, 1995 18:24 UTC",Soyuz U | Cosmos 2314,Retired,20.0,Success
3063,NASA,"LC-39A, Kennedy Space Center, Florida, USA","Tue Jun 27, 1995 19:32 UTC",Space Shuttle Atlantis | STS-71,Retired,450.0,Success
3064,Northrop,"Stargazer, Vandenberg SFB, California, USA","Thu Jun 22, 1995 19:58 UTC",Pegasus XL | STEP-3,Active,40.0,Failure
3065,Arianespace,"ELA-2, Guiana Space Centre, French Guiana, France","Sat Jun 10, 1995 00:24 UTC",Ariane 42P | DirecTV 3,Retired,,Success
3066,VKS RF,"Site 90/20, Baikonur Cosmodrome, Kazakhstan","Thu Jun 08, 1995 04:43 UTC",Tsyklon-2 | Cosmos 2313,Retired,,Success
3067,Lockheed,"SLC-36A, Cape Canaveral SFS, Florida, USA","Wed May 31, 1995 15:27 UTC",Atlas II | UHF F5 (USA-111),Retired,,Success
3068,VKS RF,"Site 16/2, Plesetsk Cosmodrome, Russia","Wed May 24, 1995 20:10 UTC",Molniya-M/Block 2BL | Cosmos 2312,Retired,,Success
3069,Lockheed,"SLC-36B, Cape Canaveral SFS, Florida, USA","Tue May 23, 1995 05:52 UTC",Atlas I | GOES-J,Retired,,Success
3070,Roscosmos,"Site 81/23, Baikonur Cosmodrome, Kazakhstan","Sat May 20, 1995 03:33 UTC",Proton-K | Spektr,Retired,,Success
3071,Arianespace,"ELA-2, Guiana Space Centre, French Guiana, France","Wed May 17, 1995 06:34 UTC",Ariane 44LP | Intelsat 706,Retired,,Success
3072,Lockheed,"SLC-40, Cape Canaveral SFS, Florida, USA","Sun May 14, 1995 13:45 UTC",Titan IV(401)A | Mentor,Retired,,Success
3073,Arianespace,"ELA-2, Guiana Space Centre, French Guiana, France","Fri Apr 21, 1995 01:44 UTC",Ariane 40 | ERS-2,Retired,,Success
3074,Roscosmos,"Site 1/5, Baikonur Cosmodrome, Kazakhstan","Sun Apr 09, 1995 19:34 UTC",Soyuz U | Progress M-27,Retired,20.0,Success
3075,ILS,"SLC-36A, Cape Canaveral SFS, Florida, USA","Fri Apr 07, 1995 23:47 UTC",Atlas IIA | AMSC-1,Retired,,Success
3076,IAI,"Pad 1, Palmachim Airbase, Israel","Wed Apr 05, 1995 11:16 UTC",Shavit 1 | Ofek-3,Retired,,Success
3077,Northrop,"Stargazer, Vandenberg SFB, California, USA","Mon Apr 03, 1995 13:48 UTC",Pegasus | Orbcomm F1 and F2 & OrbView-1,Retired,40.0,Success
3078,Arianespace,"ELA-2, Guiana Space Centre, French Guiana, France","Tue Mar 28, 1995 23:14 UTC",Ariane 44LP | Brasilsat B2 & Hotbird 1,Retired,,Success
3079,MITT,"Site 158, Plesetsk Cosmodrome, Russia","Tue Mar 28, 1995 10:00 UTC","START | EKA-2, Gurwin-1A & UNAMSat-A",Retired,,Failure
3080,General Dynamics,"SLC-3W, Vandenberg SFB, California, USA","Fri Mar 24, 1995 14:05 UTC",Atlas-E/F Star-37S-ISS | DMSP-5D2 F13 (USA-109),Retired,,Success
3081,VKS RF,"Site 43/4, Plesetsk Cosmodrome, Russia","Wed Mar 22, 1995 16:44 UTC",Soyuz U | Cosmos 2311,Retired,20.0,Success
3082,ILS,"SLC-36B, Cape Canaveral SFS, Florida, USA","Wed Mar 22, 1995 06:18 UTC",Atlas IIAS | Intelsat 705,Retired,,Success
3083,VKS RF,"Site 132/1, Plesetsk Cosmodrome, Russia","Wed Mar 22, 1995 04:09 UTC",Cosmos-3M | Cosmos 2310,Retired,,Success
3084,MHI,"LA-Y1, Tanegashima Space Center, Japan","Sat Mar 18, 1995 08:01 UTC",H-II | Himawari 5 & SFU 1,Retired,,Success
3085,Roscosmos,"Site 1/5, Baikonur Cosmodrome, Kazakhstan","Tue Mar 14, 1995 06:11 UTC",Soyuz U2 | Soyuz TM-21,Retired,40.0,Success
3086,Roscosmos,"Site 200/39, Baikonur Cosmodrome, Kazakhstan","Tue Mar 07, 1995 09:23 UTC","Proton K/Block-DM-2 | Cosmos 2307, 2308 & 2309",Retired,,Success
3087,VKS RF,"Site 132/1, Plesetsk Cosmodrome, Russia","Thu Mar 02, 1995 13:00 UTC",Cosmos-3M | Cosmos 2306,Retired,,Success
3088,NASA,"LC-39A, Kennedy Space Center, Florida, USA","Thu Mar 02, 1995 06:38 UTC",Space Shuttle Endeavour | STS-67,Retired,450.0,Success
3089,VKS RF,"Site 43/4, Plesetsk Cosmodrome, Russia","Thu Feb 16, 1995 17:39 UTC",Soyuz U | Foton 10,Retired,20.0,Success
3090,Roscosmos,"Site 1/5, Baikonur Cosmodrome, Kazakhstan","Wed Feb 15, 1995 16:48 UTC",Soyuz U | Progress M-26,Retired,20.0,Success
3091,NASA,"LC-39B, Kennedy Space Center, Florida, USA","Fri Feb 03, 1995 05:22 UTC",Space Shuttle Discovery | STS-63,Retired,450.0,Success
3092,Lockheed,"SLC-36A, Cape Canaveral SFS, Florida, USA","Sun Jan 29, 1995 01:25 UTC",Atlas II | UFO 4 (USA-108),Retired,,Success
3093,CAC,"LC-2, Xichang Satellite Launch Center, China","Wed Jan 25, 1995 22:40 UTC",Long March 2E | Apstar 2,Retired,,Failure
3094,VKS RF,"Site 132/1, Plesetsk Cosmodrome, Russia","Tue Jan 24, 1995 03:54 UTC","Cosmos-3M | Tsikada 1, Faisat 1 & Astrid 1",Retired,,Success
3095,ISAS,"Mu Pad, Uchinoura Space Center, Japan","Sun Jan 15, 1995 13:45 UTC",Mu-III S2 | EXPRESS,Retired,,Partial Failure
3096,ILS,"SLC-36B, Cape Canaveral SFS, Florida, USA","Tue Jan 10, 1995 06:18 UTC",Atlas IIAS | Intelsat 704,Retired,,Success
3097,General Dynamics,"SLC-3W, Vandenberg SFB, California, USA","Fri Dec 30, 1994 10:02 UTC",Atlas-E/F Star-37S-ISS | NOAA-J,Retired,,Success
3098,VKS RF,"Site 31/6, Baikonur Cosmodrome, Kazakhstan","Thu Dec 29, 1994 11:30 UTC",Soyuz U | Cosmos 2305,Retired,20.0,Success
3099,Roscosmos,"Site 81/23, Baikonur Cosmodrome, Kazakhstan","Wed Dec 28, 1994 11:30 UTC",Proton K/Block-DM-2 | Raduga 32,Retired,,Success
3100,VKS RF,"Site 32/2, Plesetsk Cosmodrome, Russia","Mon Dec 26, 1994 22:26 UTC",Tsyklon-3 | Cosmos 2299 to 2304,Retired,,Success
3101,VKS RF,"Site 175/58, Baikonur Cosmodrome, Kazakhstan","Mon Dec 26, 1994 03:01 UTC",Rokot/Briz K | Radio-ROSTO & Naryad-V,Retired,,Success
3102,Martin Marietta,"SLC-40, Cape Canaveral SFS, Florida, USA","Thu Dec 22, 1994 22:19 UTC",Titan IV(402)A | DSP-17 (USA-107),Retired,,Success
3103,VKS RF,"Site 132/1, Plesetsk Cosmodrome, Russia","Tue Dec 20, 1994 05:11 UTC",Cosmos-3M | Cosmos 2298,Retired,,Success
3104,Roscosmos,"Site 81/23, Baikonur Cosmodrome, Kazakhstan","Fri Dec 16, 1994 11:59 UTC",Proton K/Block-DM-2 | Luch 1,Retired,,Success
3105,VKS RF,"Site 43/4, Plesetsk Cosmodrome, Russia","Wed Dec 14, 1994 14:21 UTC",Molniya-M/Block ML | Molniya-1T n°162,Retired,,Success
3106,Arianespace,"ELA-2, Guiana Space Centre, French Guiana, France","Thu Dec 01, 1994 22:57 UTC",Ariane 42P | Panamsat-3,Retired,,Failure
3107,CAC,"LC-2, Xichang Satellite Launch Center, China","Tue Nov 29, 1994 17:02 UTC",Long March 3A | ChinaSat-5,Retired,69.7,Partial Failure
3108,Lockheed,"SLC-36A, Cape Canaveral SFS, Florida, USA","Tue Nov 29, 1994 10:21 UTC",Atlas IIA | Orion 1,Retired,,Success
3109,VKS RF,"Site 32/2, Plesetsk Cosmodrome, Russia","Tue Nov 29, 1994 02:54 UTC",Tsyklon-3 | Geo-IK n°14,Retired,,Success
3110,VKS RF,"Site 45/1, Baikonur Cosmodrome, Kazakhstan","Thu Nov 24, 1994 09:15 UTC",Zenit-2 | Cosmos 2297,Retired,,Success
3111,Roscosmos,"Site 200/39, Baikonur Cosmodrome, Kazakhstan","Sun Nov 20, 1994 00:39 UTC","Proton K/Block-DM-2 | Cosmos 2294, 2295 & 2296",Retired,,Success
3112,Roscosmos,"Site 1/5, Baikonur Cosmodrome, Kazakhstan","Fri Nov 11, 1994 07:21 UTC",Soyuz U | Progress M-25,Retired,20.0,Success
3113,VKS RF,"Site 45/1, Baikonur Cosmodrome, Kazakhstan","Fri Nov 04, 1994 05:47 UTC",Zenit-2 | Resurs-O1 n°3,Retired,,Success
3114,NASA,"LC-39B, Kennedy Space Center, Florida, USA","Thu Nov 03, 1994 16:59 UTC",Space Shuttle Atlantis | STS-66,Retired,450.0,Success
3115,VKS RF,"Site 90/20, Baikonur Cosmodrome, Kazakhstan","Wed Nov 02, 1994 01:04 UTC",Tsyklon-2 | Cosmos 2293,Retired,,Success
3116,Boeing,"SLC-17B, Cape Canaveral SFS, Florida, USA","Tue Nov 01, 1994 09:31 UTC",Delta II 7925-10 | Wind,Retired,,Success
3117,Arianespace,"ELA-2, Guiana Space Centre, French Guiana, France","Tue Nov 01, 1994 00:37 UTC",Ariane 42P | Astra 1D,Retired,,Success
3118,Roscosmos,"Site 81/23, Baikonur Cosmodrome, Kazakhstan","Mon Oct 31, 1994 14:30 UTC",Proton K/Block-DM-2 | Elektro 1,Retired,,Success
3119,ISRO,"First Launch Pad, Satish Dhawan Space Centre, India","Sat Oct 15, 1994 05:05 UTC",PSLV-G | IRS-P2,Retired,25.0,Success
3120,Roscosmos,"Site 200/39, Baikonur Cosmodrome, Kazakhstan","Thu Oct 13, 1994 16:18 UTC",Proton-K/Block DM-2M | Ekspress 1,Retired,,Success
3121,VKS RF,"Site 32/2, Plesetsk Cosmodrome, Russia","Tue Oct 11, 1994 14:30 UTC",Tsyklon-3 | Okean 4,Retired,,Success
3122,Arianespace,"ELA-2, Guiana Space Centre, French Guiana, France","Sat Oct 08, 1994 01:07 UTC",Ariane 44L | Solidaridad-2 & Thaicom-2,Retired,,Success
3123,Lockheed,"SLC-36B, Cape Canaveral SFS, Florida, USA","Thu Oct 06, 1994 06:35 UTC",Atlas IIAS | Intelsat 703,Retired,,Success
3124,Roscosmos,"Site 1/5, Baikonur Cosmodrome, Kazakhstan","Mon Oct 03, 1994 22:42 UTC",Soyuz U2 | Soyuz TM-20,Retired,40.0,Success
3125,NASA,"LC-39A, Kennedy Space Center, Florida, USA","Fri Sep 30, 1994 11:16 UTC",Space Shuttle Endeavour | STS-68,Retired,450.0,Success
3126,VKS RF,"Site 132/1, Plesetsk Cosmodrome, Russia","Tue Sep 27, 1994 14:00 UTC",Cosmos-3M | Cosmos 2292,Retired,,Success
3127,Roscosmos,"Site 200/39, Baikonur Cosmodrome, Kazakhstan","Wed Sep 21, 1994 17:53 UTC",Proton K/Block-DM-2 | Cosmos 2291,Retired,,Success
3128,NASA,"LC-39B, Kennedy Space Center, Florida, USA","Fri Sep 09, 1994 22:22 UTC",Space Shuttle Discovery | STS-64,Retired,450.0,Success
3129,Arianespace,"ELA-2, Guiana Space Centre, French Guiana, France","Fri Sep 09, 1994 00:29 UTC",Ariane 42L | Telstar 402,Retired,,Success
3130,General Dynamics,"SLC-3W, Vandenberg SFB, California, USA","Mon Aug 29, 1994 17:38 UTC",Atlas-E/F Star-37S-ISS | DMSP-5D2 F12 (USA-106),Retired,,Success
3131,MHI,"LA-Y1, Tanegashima Space Center, Japan","Sun Aug 28, 1994 07:50 UTC",H-II | Kiku 6,Retired,,Success
3132,CAC,"LC-2, Xichang Satellite Launch Center, China","Sat Aug 27, 1994 23:10 UTC",Long March 2E | Optus B3,Retired,,Success
3133,Martin Marietta,"SLC-41, Cape Canaveral SFS, Florida, USA","Sat Aug 27, 1994 08:58 UTC",Titan IV(401)A | Mercury,Retired,,Success
3134,VKS RF,"Site 45/1, Baikonur Cosmodrome, Kazakhstan","Fri Aug 26, 1994 12:00 UTC",Zenit-2 | Cosmos 2290,Retired,,Success
3135,Roscosmos,"Site 1/5, Baikonur Cosmodrome, Kazakhstan","Thu Aug 25, 1994 14:25 UTC",Soyuz U | Progress M-24,Retired,20.0,Success
3136,VKS RF,"Site 43/4, Plesetsk Cosmodrome, Russia","Tue Aug 23, 1994 14:30 UTC",Molniya-M/Block ML | Molniya-3 n°161,Retired,,Success
3137,Roscosmos,"Site 81/23, Baikonur Cosmodrome, Kazakhstan","Thu Aug 11, 1994 15:27 UTC","Proton K/Block-DM-2 | Cosmos 2287, 2288 & 2289",Retired,,Success
3138,Arianespace,"ELA-2, Guiana Space Centre, French Guiana, France","Wed Aug 10, 1994 23:05 UTC",Ariane 44LP | Brasilsat B1 & Türksat 1B,Retired,,Success
3139,VKS RF,"Site 16/2, Plesetsk Cosmodrome, Russia","Fri Aug 05, 1994 01:12 UTC",Molniya-M/Block 2BL | Cosmos 2286,Retired,,Success
3140,Lockheed,"SLC-36A, Cape Canaveral SFS, Florida, USA","Wed Aug 03, 1994 23:57 UTC",Atlas IIA | DirecTV 2 (DBS 2),Retired,,Success
3141,Northrop,"NB-52B Carrier, Edwards AFB, California, USA","Wed Aug 03, 1994 14:38 UTC",Pegasus | APEX,Retired,40.0,Success
3142,VKS RF,"Site 132/1, Plesetsk Cosmodrome, Russia","Tue Aug 02, 1994 20:00 UTC",Cosmos-3M | Cosmos 2285,Retired,,Success
3143,VKS RF,"Site 31/6, Baikonur Cosmodrome, Kazakhstan","Fri Jul 29, 1994 09:29 UTC",Soyuz U | Cosmos 2284,Retired,20.0,Success
3144,CAC,"LC-3, Xichang Satellite Launch Center, China","Thu Jul 21, 1994 10:55 UTC",Long March 3 | Apstar 1,Retired,,Success
3145,VKS RF,"Site 43/3, Plesetsk Cosmodrome, Russia","Wed Jul 20, 1994 17:34 UTC",Soyuz U | Cosmos 2283,Retired,20.0,Success
3146,VKS RF,"Site 133/3, Plesetsk Cosmodrome, Russia","Thu Jul 14, 1994 05:13 UTC",Cosmos-3M | Nadiezhda n°7,Retired,,Success
3147,Arianespace,"ELA-2, Guiana Space Centre, French Guiana, France","Fri Jul 08, 1994 23:05 UTC",Ariane 44L | Panamsat-2 & Yuri-3N,Retired,,Success
3148,NASA,"LC-39A, Kennedy Space Center, Florida, USA","Fri Jul 08, 1994 16:43 UTC",Space Shuttle Columbia | STS-65,Retired,450.0,Success
3149,Roscosmos,"Site 81/23, Baikonur Cosmodrome, Kazakhstan","Wed Jul 06, 1994 23:58 UTC",Proton K/Block-DM-2 | Cosmos 2282,Retired,,Success
3150,CAC,"Site 138 (LA-2B), Jiuquan Satellite Launch Center, China","Sun Jul 03, 1994 08:00 UTC",Long March 2D | FSW-2 2,Active,29.75,Success
3151,Roscosmos,"Site 1/5, Baikonur Cosmodrome, Kazakhstan","Fri Jul 01, 1994 12:24 UTC",Soyuz U2 | Soyuz TM-19,Retired,40.0,Success
3152,Northrop,"Stargazer, Vandenberg SFB, California, USA","Mon Jun 27, 1994 21:15 UTC",Pegasus XL | STEP-1,Active,40.0,Failure
3153,Lockheed,"SLC-36B, Cape Canaveral SFS, Florida, USA","Fri Jun 24, 1994 13:50 UTC",Atlas I | UHF F3 (USA-104),Retired,,Success
3154,Arianespace,"ELA-2, Guiana Space Centre, French Guiana, France","Fri Jun 17, 1994 07:07 UTC","Ariane 44LP | Intelsat 702, STRV 1A & 1B",Retired,,Success
3155,VKS RF,"Site 43/3, Plesetsk Cosmodrome, Russia","Tue Jun 14, 1994 16:05 UTC",Soyuz U | Foton 9,Retired,20.0,Success
3156,VKS RF,"Site 16/2, Plesetsk Cosmodrome, Russia","Tue Jun 07, 1994 07:19 UTC",Soyuz U | Cosmos 2281,Retired,20.0,Success
3157,VKS RF,"Site 32/2, Plesetsk Cosmodrome, Russia","Wed May 25, 1994 10:14 UTC",Tsyklon-3 | Cosmos 2281,Retired,,Failure
3158,Roscosmos,"Site 1/5, Baikonur Cosmodrome, Kazakhstan","Sun May 22, 1994 04:30 UTC",Soyuz U | Progress M-23,Retired,20.0,Success
3159,Roscosmos,"Site 81/23, Baikonur Cosmodrome, Kazakhstan","Fri May 20, 1994 02:01 UTC",Proton K/Block-DM-2 | Gorizont 30,Retired,,Success
3160,Northrop,"NB-52B Carrier, Edwards AFB, California, USA","Thu May 19, 1994 17:03 UTC",Pegasus/HAPS | STEP-2,Retired,40.0,Partial Failure
3161,US Air Force,"SLC-5, Vandenberg SFB, California, USA","Mon May 09, 1994 02:47 UTC",Scout G1 | MSTI 2,Retired,,Success
3162,ISRO,"SLV LP, Satish Dhawan Space Centre, India","Wed May 04, 1994 00:00 UTC",ASLV | SROSS C2,Retired,,Success
3163,Martin Marietta,"SLC-41, Cape Canaveral SFS, Florida, USA","Tue May 03, 1994 15:55 UTC",Titan IV(401)A | Trumpet,Retired,,Success
3164,VKS RF,"Site 31/6, Baikonur Cosmodrome, Kazakhstan","Thu Apr 28, 1994 17:14 UTC",Soyuz U | Cosmos 2280,Retired,20.0,Success
3165,VKS RF,"Site 133/3, Plesetsk Cosmodrome, Russia","Tue Apr 26, 1994 02:14 UTC",Cosmos-3M | Cosmos 2279,Retired,,Success
3166,VKS RF,"Site 45/1, Baikonur Cosmodrome, Kazakhstan","Sat Apr 23, 1994 08:01 UTC",Zenit-2 | Cosmos 2278,Retired,,Success
3167,Lockheed,"SLC-36B, Cape Canaveral SFS, Florida, USA","Wed Apr 13, 1994 06:04 UTC",Atlas I | GOES-I,Retired,,Success
3168,Roscosmos,"Site 81/23, Baikonur Cosmodrome, Kazakhstan","Mon Apr 11, 1994 07:49 UTC","Proton K/Block-DM-2 | Cosmos 2275, 2276 & 2277",Retired,,Success
3169,NASA,"LC-39A, Kennedy Space Center, Florida, USA","Sat Apr 09, 1994 11:05 UTC",Space Shuttle Endeavour | STS-59,Retired,450.0,Success
3170,Roscosmos,"Site 1/5, Baikonur Cosmodrome, Kazakhstan","Tue Mar 22, 1994 04:54 UTC",Soyuz U | Progress M-22,Retired,20.0,Success
3171,VKS RF,"Site 43/3, Plesetsk Cosmodrome, Russia","Thu Mar 17, 1994 16:29 UTC",Soyuz U | Cosmos 2274,Retired,20.0,Success
3172,Northrop,"SLC-576E, Vandenberg SFB, California, USA","Sun Mar 13, 1994 22:32 UTC",Minotaur C (Taurus) | STEP Mission 0 & DARPASAT,Active,45.0,Success
3173,Boeing,"SLC-17A, Cape Canaveral SFS, Florida, USA","Thu Mar 10, 1994 03:40 UTC",Delta II 7925 | GPS IIA-15 (USA-100) & SEDS-2,Retired,,Success
3174,NASA,"LC-39B, Kennedy Space Center, Florida, USA","Fri Mar 04, 1994 13:53 UTC",Space Shuttle Columbia | STS-62,Retired,450.0,Success
3175,VKS RF,"Site 32/2, Plesetsk Cosmodrome, Russia","Wed Mar 02, 1994 03:25 UTC",Tsyklon-3 | Koronas I,Retired,,Success
3176,Boeing,"SLC-17B, Cape Canaveral SFS, Florida, USA","Sat Feb 19, 1994 23:45 UTC",Delta II 7925-8 | Galaxy 1R,Retired,,Success
3177,Roscosmos,"Site 81/23, Baikonur Cosmodrome, Kazakhstan","Fri Feb 18, 1994 07:56 UTC",Proton K/Block-DM-2 | Raduga 31,Retired,,Success
3178,VKS RF,"Site 32/1, Plesetsk Cosmodrome, Russia","Sat Feb 12, 1994 08:54 UTC",Tsyklon-3 | Cosmos 2268 to 2273,Retired,,Success
3179,CAC,"LC-2, Xichang Satellite Launch Center, China","Tue Feb 08, 1994 08:33 UTC",Long March 3A | Shijian 4 & Kuafu-1,Retired,69.7,Success
3180,Martin Marietta,"SLC-40, Cape Canaveral SFS, Florida, USA","Mon Feb 07, 1994 21:47 UTC",Titan IV(401)A | Milstar DFS-1,Retired,,Success
3181,Roscosmos,"Site 81/23, Baikonur Cosmodrome, Kazakhstan","Sat Feb 05, 1994 08:46 UTC",Proton K/Block-DM-2 | Raduga-1 3,Retired,,Success
3182,MHI,"LA-Y1, Tanegashima Space Center, Japan","Thu Feb 03, 1994 22:20 UTC",H-II | Ryusei & Myojo,Retired,,Success
3183,NASA,"LC-39A, Kennedy Space Center, Florida, USA","Thu Feb 03, 1994 12:10 UTC",Space Shuttle Discovery | STS-60,Retired,450.0,Success
3184,Roscosmos,"Site 1/5, Baikonur Cosmodrome, Kazakhstan","Fri Jan 28, 1994 02:12 UTC",Soyuz U | Progress M-21,Retired,20.0,Success
3185,Martin Marietta,"SLC-4W, Vandenberg SFB, California, USA","Tue Jan 25, 1994 16:34 UTC",Titan II(23)G | Clementine,Retired,35.0,Success
3186,VKS RF,"Site 32/1, Plesetsk Cosmodrome, Russia","Tue Jan 25, 1994 00:25 UTC",Tsyklon-3 | Meteor-3 n°06 & Tubsat-B,Retired,,Success
3187,Arianespace,"ELA-2, Guiana Space Centre, French Guiana, France","Mon Jan 24, 1994 21:37 UTC",Ariane 44LP | Eutelsat 2F5 & Türksat 1A,Retired,,Failure
3188,Roscosmos,"Site 81/23, Baikonur Cosmodrome, Kazakhstan","Thu Jan 20, 1994 09:49 UTC",Proton-K/Block DM-2M | Gals 1,Retired,,Success
3189,Roscosmos,"Site 1/5, Baikonur Cosmodrome, Kazakhstan","Sat Jan 08, 1994 10:05 UTC",Soyuz U2 | Soyuz TM-18,Retired,40.0,Success
3190,VKS RF,"Site 43/3, Plesetsk Cosmodrome, Russia","Wed Dec 22, 1993 20:37 UTC",Molniya-M/Block ML | Molniya-1T n°160,Retired,,Success
3191,Arianespace,"ELA-2, Guiana Space Centre, French Guiana, France","Sat Dec 18, 1993 01:27 UTC",Ariane 44L | DirecTV-1 & Thaicom-1,Retired,,Success
3192,General Dynamics,"SLC-36B, Cape Canaveral SFS, Florida, USA","Thu Dec 16, 1993 00:40 UTC",Atlas IIAS | Telstar 401,Retired,,Success
3193,Boeing,"SLC-17A, Cape Canaveral SFS, Florida, USA","Wed Dec 08, 1993 00:48 UTC",Delta II 7925 | NATO 4B,Retired,,Success
3194,NASA,"LC-39B, Kennedy Space Center, Florida, USA","Thu Dec 02, 1993 09:27 UTC",Space Shuttle Endeavour | STS-61,Retired,450.0,Success
3195,General Dynamics,"SLC-36A, Cape Canaveral SFS, Florida, USA","Sun Nov 28, 1993 23:40 UTC",Atlas II | USA-97 (DSCS IIIB-10),Retired,,Success
3196,Arianespace,"ELA-2, Guiana Space Centre, French Guiana, France","Sat Nov 20, 1993 01:17 UTC",Ariane 44LP | Solidaridad 1 & Météosat 6,Retired,,Success
3197,Roscosmos,"Site 81/23, Baikonur Cosmodrome, Kazakhstan","Thu Nov 18, 1993 13:54 UTC",Proton K/Block-DM-2 | Gorizont 29,Retired,,Success
3198,VKS RF,"Site 31/6, Baikonur Cosmodrome, Kazakhstan","Fri Nov 05, 1993 08:25 UTC",Soyuz U | Cosmos 2267,Retired,20.0,Success
3199,VKS RF,"Site 132/1, Plesetsk Cosmodrome, Russia","Tue Nov 02, 1993 12:10 UTC",Cosmos-3M | Cosmos 2266,Retired,,Success
3200,Roscosmos,"Site 81/23, Baikonur Cosmodrome, Kazakhstan","Thu Oct 28, 1993 15:17 UTC",Proton K/Block-DM-2 | Gorizont 28,Retired,,Success
3201,Boeing,"SLC-17B, Cape Canaveral SFS, Florida, USA","Tue Oct 26, 1993 17:04 UTC",Delta II 7925 | GPS IIA-14 (USA-96),Retired,,Success
3202,VKS RF,"Site 132/1, Plesetsk Cosmodrome, Russia","Tue Oct 26, 1993 13:00 UTC",Cosmos-3M | Cosmos 2265,Retired,,Success
3203,Arianespace,"ELA-2, Guiana Space Centre, French Guiana, France","Fri Oct 22, 1993 06:46 UTC",Ariane 44LP | Intelsat 701,Retired,,Success
3204,NASA,"LC-39B, Kennedy Space Center, Florida, USA","Mon Oct 18, 1993 14:53 UTC",Space Shuttle Columbia | STS-58,Retired,450.0,Success
3205,Roscosmos,"Site 1/5, Baikonur Cosmodrome, Kazakhstan","Mon Oct 11, 1993 21:33 UTC",Soyuz U | Progress M-20,Retired,20.0,Success
3206,CAC,"Site 138 (LA-2B), Jiuquan Satellite Launch Center, China","Fri Oct 08, 1993 08:00 UTC",Long March 2C | FSW-1 5,Active,30.8,Success
3207,Martin Marietta,"SLC-4W, Vandenberg SFB, California, USA","Tue Oct 05, 1993 17:56 UTC",Titan II(23)G | Landsat 6,Retired,35.0,Failure
3208,Roscosmos,"Site 81/23, Baikonur Cosmodrome, Kazakhstan","Thu Sep 30, 1993 17:05 UTC",Proton K/Block-DM-2 | Raduga 30,Retired,,Success
3209,Arianespace,"ELA-2, Guiana Space Centre, French Guiana, France","Sun Sep 26, 1993 01:45 UTC","Ariane 40 | SPOT-3, Stella & Rideshares",Retired,,Success
3210,ISRO,"First Launch Pad, Satish Dhawan Space Centre, India","Mon Sep 20, 1993 05:12 UTC",PSLV-G | IRS-P1,Retired,25.0,Failure
3211,VKS RF,"Site 90/20, Baikonur Cosmodrome, Kazakhstan","Fri Sep 17, 1993 00:43 UTC",Tsyklon-2 | Cosmos 2264,Retired,,Success
3212,VKS RF,"Site 45/1, Baikonur Cosmodrome, Kazakhstan","Thu Sep 16, 1993 07:36 UTC",Zenit-2 | Cosmos 2263,Retired,,Success
3213,NASA,"LC-39B, Kennedy Space Center, Florida, USA","Sun Sep 12, 1993 11:45 UTC",Space Shuttle Discovery | STS-51,Retired,450.0,Success
3214,VKS RF,"Site 31/6, Baikonur Cosmodrome, Kazakhstan","Tue Sep 07, 1993 13:25 UTC",Soyuz U2 | Cosmos 2262,Retired,40.0,Success
3215,General Dynamics,"SLC-36B, Cape Canaveral SFS, Florida, USA","Fri Sep 03, 1993 11:17 UTC",Atlas I | UHF F2,Retired,,Success
3216,VKS RF,"Site 32/1, Plesetsk Cosmodrome, Russia","Tue Aug 31, 1993 04:40 UTC",Tsyklon-3 | Meteor-2 n°21 & Temisat,Retired,,Success
3217,Boeing,"SLC-17B, Cape Canaveral SFS, Florida, USA","Mon Aug 30, 1993 12:38 UTC",Delta II 7925 | GPS IIA-13 (USA-94),Retired,,Success
3218,VKS RF,"Site 16/2, Plesetsk Cosmodrome, Russia","Tue Aug 24, 1993 10:45 UTC",Soyuz U | Resurs-F,Retired,20.0,Success
3219,Roscosmos,"Site 1/5, Baikonur Cosmodrome, Kazakhstan","Tue Aug 10, 1993 22:23 UTC",Soyuz U | Progress M-19,Retired,20.0,Success
3220,VKS RF,"Site 16/2, Plesetsk Cosmodrome, Russia","Tue Aug 10, 1993 14:53 UTC",Molniya-M/Block 2BL | Cosmos 2261,Retired,,Success
3221,General Dynamics,"SLC-3W, Vandenberg SFB, California, USA","Mon Aug 09, 1993 10:02 UTC",Atlas-E/F Star-37S-ISS | NOAA-I,Retired,,Success
3222,VKS RF,"Site 43/3, Plesetsk Cosmodrome, Russia","Wed Aug 04, 1993 00:52 UTC",Molniya-M/Block ML | Molniya-3 n°159,Retired,,Success
3223,Martin Marietta,"SLC-4E, Vandenberg SFB, California, USA","Mon Aug 02, 1993 19:59 UTC",Titan IV(403)A | SLDCOM 3 & NOSS-2 3A to 3C,Retired,,Failure
3224,Arianespace,"ELA-2, Guiana Space Centre, French Guiana, France","Thu Jul 22, 1993 22:58 UTC",Ariane 44L | Hispasat 1B & Insat-2B,Retired,,Success
3225,VKS RF,"Site 43/3, Plesetsk Cosmodrome, Russia","Thu Jul 22, 1993 08:45 UTC",Soyuz U | Cosmos 2260,Retired,20.0,Success
3226,General Dynamics,"SLC-36A, Cape Canaveral SFS, Florida, USA","Mon Jul 19, 1993 22:04 UTC",Atlas II | USA-93 (DSCS IIIB-9),Retired,,Success
3227,VKS RF,"Site 43/3, Plesetsk Cosmodrome, Russia","Wed Jul 14, 1993 16:40 UTC",Soyuz U | Cosmos 2259,Retired,20.0,Success
3228,VKS RF,"Site 90/20, Baikonur Cosmodrome, Kazakhstan","Wed Jul 07, 1993 07:15 UTC",Tsyklon-2 | Cosmos 2258,Retired,,Success
3229,Roscosmos,"Site 1/5, Baikonur Cosmodrome, Kazakhstan","Thu Jul 01, 1993 14:32 UTC",Soyuz U2 | Soyuz TM-17,Retired,40.0,Success
3230,Boeing,"SLC-17A, Cape Canaveral SFS, Florida, USA","Sat Jun 26, 1993 13:27 UTC",Delta II 7925 | GPS IIA-12 (USA-92) & PMG,Retired,,Success
3231,US Air Force,"SLC-5, Vandenberg SFB, California, USA","Fri Jun 25, 1993 23:30 UTC",Scout G1 | RadCal,Retired,,Success
3232,VKS RF,"Site 16/2, Plesetsk Cosmodrome, Russia","Fri Jun 25, 1993 08:20 UTC",Soyuz U | Resurs-F,Retired,20.0,Success
3233,Arianespace,"ELA-2, Guiana Space Centre, French Guiana, France","Fri Jun 25, 1993 00:18 UTC",Ariane 42P | Galaxy 4,Retired,,Success
3234,VKS RF,"Site 32/1, Plesetsk Cosmodrome, Russia","Thu Jun 24, 1993 04:12 UTC",Tsyklon-3 | Cosmos 2252 to 2257,Retired,,Success
3235,NASA,"LC-39B, Kennedy Space Center, Florida, USA","Mon Jun 21, 1993 13:07 UTC",Space Shuttle Endeavour | STS-57,Retired,450.0,Success
3236,VKS RF,"Site 132/1, Plesetsk Cosmodrome, Russia","Wed Jun 16, 1993 04:17 UTC",Cosmos-3M | Cosmos 2251,Retired,,Success
3237,Roscosmos,"Site 81/23, Baikonur Cosmodrome, Kazakhstan","Thu May 27, 1993 01:22 UTC",Proton K/Block-DM-2 | Gorizont n°39L,Retired,,Failure
3238,VKS RF,"Site 43/4, Plesetsk Cosmodrome, Russia","Wed May 26, 1993 03:23 UTC",Molniya-M/Block ML | Molniya-1 n°158,Retired,,Success
3239,Roscosmos,"Site 1/5, Baikonur Cosmodrome, Kazakhstan","Sat May 22, 1993 06:41 UTC",Soyuz U2 | Progress M-18,Retired,40.0,Success
3240,VKS RF,"Site 16/2, Plesetsk Cosmodrome, Russia","Fri May 21, 1993 09:15 UTC",Soyuz U | Resurs-F,Retired,20.0,Success
3241,IAI,"Pad 1, Palmachim Airbase, Israel","Sat May 15, 1993",Shavit | Ofek,Retired,,Failure
3242,Boeing,"SLC-17A, Cape Canaveral SFS, Florida, USA","Thu May 13, 1993 00:07 UTC",Delta II 7925 | GPS IIA-11 (USA-91),Retired,,Success
3243,Arianespace,"ELA-2, Guiana Space Centre, French Guiana, France","Wed May 12, 1993 00:56 UTC",Ariane 42L | Astra 1C & Arsene,Retired,,Success
3244,VKS RF,"Site 32/1, Plesetsk Cosmodrome, Russia","Tue May 11, 1993 14:56 UTC",Tsyklon-3 | Cosmos 2245 to 2250,Retired,,Success
3245,VKS RF,"Site 90/20, Baikonur Cosmodrome, Kazakhstan","Wed Apr 28, 1993 03:39 UTC",Tsyklon-2 | Cosmos 2244,Retired,,Success
3246,VKS RF,"Site 31/6, Baikonur Cosmodrome, Kazakhstan","Tue Apr 27, 1993 10:35 UTC",Soyuz U | Cosmos 2243,Retired,20.0,Success
3247,NASA,"LC-39A, Kennedy Space Center, Florida, USA","Mon Apr 26, 1993 14:50 UTC",Space Shuttle Columbia | STS-55,Retired,450.0,Success
3248,Northrop,"NB-52B Carrier, Edwards AFB, California, USA","Sun Apr 25, 1993 13:56 UTC",Pegasus | ALEXIS,Retired,40.0,Success
3249,VKS RF,"Site 43/4, Plesetsk Cosmodrome, Russia","Wed Apr 21, 1993 00:23 UTC",Molniya-M/Block ML | Molniya-3 n°157,Retired,,Success
3250,VKS RF,"Site 32/1, Plesetsk Cosmodrome, Russia","Fri Apr 16, 1993 07:49 UTC",Tsyklon-3 | Cosmos 2242,Retired,,Success
3251,NASA,"LC-39B, Kennedy Space Center, Florida, USA","Thu Apr 08, 1993 05:29 UTC",Space Shuttle Discovery | STS-56,Retired,450.0,Success
3252,VKS RF,"Site 43/4, Plesetsk Cosmodrome, Russia","Tue Apr 06, 1993 19:07 UTC",Molniya-M/Block 2BL | Cosmos 2241,Retired,,Success
3253,VKS RF,"Site 16/2, Plesetsk Cosmodrome, Russia","Fri Apr 02, 1993 14:30 UTC",Soyuz U | Cosmos 2240,Retired,20.0,Success
3254,VKS RF,"Site 133/3, Plesetsk Cosmodrome, Russia","Thu Apr 01, 1993 18:57 UTC",Cosmos-3M | Cosmos 2239,Retired,,Success
3255,Roscosmos,"Site 1/5, Baikonur Cosmodrome, Kazakhstan","Wed Mar 31, 1993 03:34 UTC",Soyuz U2 | Progress M-17,Retired,40.0,Success
3256,VKS RF,"Site 90/20, Baikonur Cosmodrome, Kazakhstan","Tue Mar 30, 1993 12:00 UTC",Tsyklon-2 | Cosmos 2238,Retired,,Success
3257,Boeing,"SLC-17A, Cape Canaveral SFS, Florida, USA","Tue Mar 30, 1993 03:09 UTC",Delta II 7925 | GPS IIA-10 (USA-90) & SEDS-1,Retired,,Success
3258,VKS RF,"Site 45/1, Baikonur Cosmodrome, Kazakhstan","Fri Mar 26, 1993 02:21 UTC",Zenit-2 | Cosmos 2237,Retired,,Success
3259,General Dynamics,"SLC-36B, Cape Canaveral SFS, Florida, USA","Thu Mar 25, 1993 21:38 UTC",Atlas I | UHF F1,Retired,,Failure
3260,MITT,"Site 158, Plesetsk Cosmodrome, Russia","Thu Mar 25, 1993 13:15 UTC",START-1 | EKA-1,Retired,,Partial Failure
3261,Roscosmos,"Site 81/23, Baikonur Cosmodrome, Kazakhstan","Thu Mar 25, 1993 02:28 UTC",Proton K/Block-DM-2 | Raduga 29,Retired,,Success
3262,Roscosmos,"Site 1/5, Baikonur Cosmodrome, Kazakhstan","Sun Feb 21, 1993 18:32 UTC",Soyuz U2 | Progress M-16,Retired,40.0,Success
3263,ISAS,"Mu Pad, Uchinoura Space Center, Japan","Sat Feb 20, 1993 02:20 UTC",Mu-III S2 | Asuka,Retired,,Success
3264,Roscosmos,"Site 81/23, Baikonur Cosmodrome, Kazakhstan","Wed Feb 17, 1993 20:09 UTC","Proton K/Block-DM-2 | Cosmos 2234, 2235 & 2236",Retired,,Success
3265,Northrop,"NB-52B Carrier, Cape Canaveral SFS, Florida, USA","Tue Feb 09, 1993 14:30 UTC",Pegasus | SCD-1,Retired,40.0,Success
3266,VKS RF,"Site 133/3, Plesetsk Cosmodrome, Russia","Tue Feb 09, 1993 02:56 UTC",Cosmos-3M | Cosmos 2233,Retired,,Success
3267,Boeing,"SLC-17A, Cape Canaveral SFS, Florida, USA","Wed Feb 03, 1993 02:55 UTC",Delta II 7925 | GPS IIA-9 (USA-88),Retired,,Success
3268,VKS RF,"Site 16/2, Plesetsk Cosmodrome, Russia","Tue Jan 26, 1993 15:55 UTC",Molniya-M/Block 2BL | Cosmos 2232,Retired,,Success
3269,Roscosmos,"Site 1/5, Baikonur Cosmodrome, Kazakhstan","Sun Jan 24, 1993 05:58 UTC",Soyuz U2 | Soyuz TM-16,Retired,40.0,Success
3270,VKS RF,"Site 43/3, Plesetsk Cosmodrome, Russia","Tue Jan 19, 1993 14:49 UTC",Soyuz U | Cosmos 2231,Retired,20.0,Success
3271,NASA,"LC-39B, Kennedy Space Center, Florida, USA","Wed Jan 13, 1993 13:59 UTC",Space Shuttle Endeavour | STS-54,Retired,450.0,Success
3272,VKS RF,"Site 43/4, Plesetsk Cosmodrome, Russia","Wed Jan 13, 1993 01:49 UTC",Molniya-M/Block ML | Molniya-1 n°156,Retired,,Success
3273,VKS RF,"Site 133/3, Plesetsk Cosmodrome, Russia","Tue Jan 12, 1993 11:10 UTC",Cosmos-3M | Cosmos 2230,Retired,,Success
3274,VKS RF,"Site 43/3, Plesetsk Cosmodrome, Russia","Tue Dec 29, 1992 13:30 UTC",Soyuz U | Cosmos 2229,Retired,20.0,Success
3275,VKS RF,"Site 32/2, Plesetsk Cosmodrome, Russia","Fri Dec 25, 1992 20:07 UTC",Tsyklon-3 | Cosmos 2228,Retired,,Success
3276,VKS RF,"Site 45/1, Baikonur Cosmodrome, Kazakhstan","Fri Dec 25, 1992 05:56 UTC",Zenit-2 | Cosmos 2227,Retired,,Success
3277,VKS RF,"Site 32/2, Plesetsk Cosmodrome, Russia","Tue Dec 22, 1992 12:36 UTC",Tsyklon-3 | Cosmos 2226,Retired,,Success
3278,VKS RF,"Site 31/6, Baikonur Cosmodrome, Kazakhstan","Tue Dec 22, 1992 12:00 UTC",Soyuz U | Cosmos 2225,Retired,20.0,Success
3279,MASI,"LC-2, Xichang Satellite Launch Center, China","Mon Dec 21, 1992 11:21 UTC",Long March 2E | Optus B2,Retired,,Failure
3280,Boeing,"SLC-17B, Cape Canaveral SFS, Florida, USA","Fri Dec 18, 1992 22:16 UTC",Delta II 7925 | GPS IIA-8 (USA-87),Retired,,Success
3281,Roscosmos,"Site 200/39, Baikonur Cosmodrome, Kazakhstan","Thu Dec 17, 1992 12:45 UTC",Proton K/Block-DM-2 | Cosmos 2224,Retired,,Success
3282,VKS RF,"Site 1/5, Baikonur Cosmodrome, Kazakhstan","Wed Dec 09, 1992 11:25 UTC",Soyuz U | Cosmos 2223,Retired,20.0,Success
3283,NASA,"LC-39A, Kennedy Space Center, Florida, USA","Wed Dec 02, 1992 13:24 UTC","Space Shuttle Discovery | STS-53, Quasar-10 (USA-89) & ODERACS A to F",Retired,450.0,Success
3284,VKS RF,"Site 43/3, Plesetsk Cosmodrome, Russia","Wed Dec 02, 1992 01:57 UTC",Molniya-M/Block ML | Molniya-3 n°155,Retired,,Success
3285,Arianespace,"ELA-2, Guiana Space Centre, French Guiana, France","Tue Dec 01, 1992 22:48 UTC",Ariane 42P | Superbird A1,Retired,,Success
3286,Martin Marietta,"SLC-4E, Vandenberg SFB, California, USA","Sat Nov 28, 1992 21:34 UTC",Titan IV(404)A | KH-11 10 (Crystal 10) (USA-86),Retired,,Success
3287,Roscosmos,"Site 81/23, Baikonur Cosmodrome, Kazakhstan","Fri Nov 27, 1992 13:10 UTC",Proton K/Block-DM-2 | Gorizont 27,Retired,,Success
3288,VKS RF,"Site 43/3, Plesetsk Cosmodrome, Russia","Wed Nov 25, 1992 12:18 UTC",Molniya-M/Block 2BL | Cosmos 2222,Retired,,Success
3289,VKS RF,"Site 32/2, Plesetsk Cosmodrome, Russia","Tue Nov 24, 1992 04:09 UTC",Tsyklon-3 | Cosmos 2221,Retired,,Success
3290,Boeing,"SLC-17A, Cape Canaveral SFS, Florida, USA","Sun Nov 22, 1992 23:54 UTC",Delta II 7925 | GPS IIA-7 (USA-85),Retired,,Success
3291,US Air Force,"SLC-5, Vandenberg SFB, California, USA","Sat Nov 21, 1992 13:45 UTC",Scout G1 | MSTI 1,Retired,,Success
3292,VKS RF,"Site 43/4, Plesetsk Cosmodrome, Russia","Fri Nov 20, 1992 15:29 UTC",Soyuz U | Cosmos 2220,Retired,20.0,Success
3293,VKS RF,"Site 45/1, Baikonur Cosmodrome, Kazakhstan","Tue Nov 17, 1992 07:47 UTC",Zenit-2 | Cosmos 2219,Retired,,Success
3294,VKS RF,"Site 16/2, Plesetsk Cosmodrome, Russia","Sun Nov 15, 1992 21:45 UTC",Soyuz U | Resurs 500,Retired,20.0,Success
3295,Roscosmos,"Site 81/23, Baikonur Cosmodrome, Kazakhstan","Fri Oct 30, 1992 14:59 UTC",Proton K/Block-DM-2 | Ekran-M 3,Retired,,Success
3296,VKS RF,"Site 133/3, Plesetsk Cosmodrome, Russia","Thu Oct 29, 1992 10:40 UTC",Cosmos-3M | Cosmos 2218,Retired,,Success
3297,Arianespace,"ELA-2, Guiana Space Centre, French Guiana, France","Wed Oct 28, 1992 00:15 UTC",Ariane 42P | Galaxy-7,Retired,,Success
3298,Roscosmos,"Site 31/6, Baikonur Cosmodrome, Kazakhstan","Tue Oct 27, 1992 17:19 UTC",Soyuz U2 | Progress M-15,Retired,40.0,Success
3299,NASA,"LC-39B, Kennedy Space Center, Florida, USA","Thu Oct 22, 1992 17:09 UTC",Space Shuttle Columbia | STS-52,Retired,450.0,Success
3300,VKS RF,"Site 16/2, Plesetsk Cosmodrome, Russia","Wed Oct 21, 1992 10:21 UTC",Molniya-M/Block 2BL | Cosmos 2217,Retired,,Success
3301,VKS RF,"Site 32/1, Plesetsk Cosmodrome, Russia","Tue Oct 20, 1992 12:58 UTC",Tsyklon-3 | Cosmos 2211 to 2216,Retired,,Success
3302,VKS RF,"Site 43/3, Plesetsk Cosmodrome, Russia","Wed Oct 14, 1992 19:58 UTC",Molniya-M/Block ML | Molniya-3 n°154,Retired,,Success
3303,Boeing,"SLC-17B, Cape Canaveral SFS, Florida, USA","Mon Oct 12, 1992 09:47 UTC",Delta II 7925 | DFS Kopernikus 3,Retired,,Success
3304,VKS RF,"Site 43/4, Plesetsk Cosmodrome, Russia","Thu Oct 08, 1992 18:59 UTC",Soyuz U | Foton 8,Retired,20.0,Success
3305,MASI,"Site 138 (LA-2B), Jiuquan Satellite Launch Center, China","Tue Oct 06, 1992 06:20 UTC",Long March 2C | FSW-1 4 & Freja,Active,30.8,Success
3306,Martin Marietta,"SLC-40, Cape Canaveral SFS, Florida, USA","Fri Sep 25, 1992 17:05 UTC",Commercial Titan III | Mars Observer,Retired,136.6,Success
3307,VKS RF,"Site 16/2, Plesetsk Cosmodrome, Russia","Tue Sep 22, 1992 16:09 UTC",Soyuz U | Cosmos 2210,Retired,20.0,Success
3308,NASA,"LC-39B, Kennedy Space Center, Florida, USA","Sat Sep 12, 1992 14:23 UTC",Space Shuttle Endeavour | STS-47,Retired,450.0,Success
3309,Arianespace,"ELA-2, Guiana Space Centre, French Guiana, France","Thu Sep 10, 1992 23:04 UTC",Ariane 44LP | Hispasat 1A & Satcom C3,Retired,,Success
3310,Roscosmos,"Site 81/23, Baikonur Cosmodrome, Kazakhstan","Thu Sep 10, 1992 18:01 UTC",Proton K/Block-DM-2 | Cosmos 2209,Retired,,Success
3311,Boeing,"SLC-17A, Cape Canaveral SFS, Florida, USA","Wed Sep 09, 1992 08:57 UTC",Delta II 7925 | GPS IIA-6 (USA-84),Retired,,Success
3312,Boeing,"SLC-17B, Cape Canaveral SFS, Florida, USA","Mon Aug 31, 1992 10:40 UTC",Delta II 7925 | Satcom C4,Retired,,Success
3313,General Dynamics,"SLC-36B, Cape Canaveral SFS, Florida, USA","Sat Aug 22, 1992 22:40 UTC",Atlas I | Galaxy 1R,Retired,,Failure
3314,VKS RF,"Site 16/2, Plesetsk Cosmodrome, Russia","Wed Aug 19, 1992 10:19 UTC",Soyuz U | Resurs-F,Retired,20.0,Success
3315,Roscosmos,"Site 31/6, Baikonur Cosmodrome, Kazakhstan","Sat Aug 15, 1992 22:18 UTC",Soyuz U2 | Progress M-14,Retired,40.0,Success
3316,MASI,"LC-2, Xichang Satellite Launch Center, China","Thu Aug 13, 1992 23:00 UTC",Long March 2E | Optus B1,Retired,,Success
3317,VKS RF,"Site 132/1, Plesetsk Cosmodrome, Russia","Wed Aug 12, 1992 05:44 UTC",Cosmos-3M | Cosmos 2208,Retired,,Success
3318,Arianespace,"ELA-2, Guiana Space Centre, French Guiana, France","Mon Aug 10, 1992 23:08 UTC","Ariane 42P | TOPEX-Poseidon, Kitsat-1 & S80/T",Retired,,Success
3319,MASI,"Site 138 (LA-2B), Jiuquan Satellite Launch Center, China","Sun Aug 09, 1992 08:00 UTC",Long March 2D | FSW-2 1,Active,29.75,Success
3320,VKS RF,"Site 43/3, Plesetsk Cosmodrome, Russia","Thu Aug 06, 1992 19:30 UTC",Molniya-M/Block NVL | Molniya-1 n°153,Retired,,Success
3321,NASA,"LC-39B, Kennedy Space Center, Florida, USA","Fri Jul 31, 1992 13:56 UTC",Space Shuttle Atlantis | STS-46,Retired,450.0,Success
3322,VKS RF,"Site 43/4, Plesetsk Cosmodrome, Russia","Thu Jul 30, 1992 11:00 UTC",Soyuz U | Cosmos 2207,Retired,20.0,Success
3323,Roscosmos,"Site 81/23, Baikonur Cosmodrome, Kazakhstan","Thu Jul 30, 1992 01:59 UTC","Proton K/Block-DM-2 | Cosmos 2204, 2205 & 2206",Retired,,Success
3324,Roscosmos,"Site 1/5, Baikonur Cosmodrome, Kazakhstan","Mon Jul 27, 1992 06:08 UTC",Soyuz U2 | Soyuz TM-15,Retired,40.0,Success
3325,VKS RF,"Site 43/3, Plesetsk Cosmodrome, Russia","Fri Jul 24, 1992 19:39 UTC",Soyuz U | Cosmos 2203,Retired,20.0,Success
3326,Boeing,"SLC-17A, Cape Canaveral SFS, Florida, USA","Fri Jul 24, 1992 14:26 UTC",Delta II 6925 | GEOTAIL,Retired,,Success
3327,Roscosmos,"Site 81/23, Baikonur Cosmodrome, Kazakhstan","Tue Jul 14, 1992 22:02 UTC",Proton K/Block-DM-2 | Gorizont 26,Retired,,Success
3328,VKS RF,"Site 32/1, Plesetsk Cosmodrome, Russia","Mon Jul 13, 1992 17:41 UTC",Tsyklon-3 | Cosmos 2197 to 2202,Retired,,Success
3329,Arianespace,"ELA-2, Guiana Space Centre, French Guiana, France","Thu Jul 09, 1992 22:42 UTC",Ariane 44L | Insat-2A & Eutelsat 2F4,Retired,,Success
3330,VKS RF,"Site 43/3, Plesetsk Cosmodrome, Russia","Wed Jul 08, 1992 09:53 UTC",Molniya-M/Block 2BL | Cosmos 2196,Retired,,Success
3331,Boeing,"SLC-17B, Cape Canaveral SFS, Florida, USA","Tue Jul 07, 1992 09:20 UTC",Delta II 7925 | GPS IIA-5 (USA-83),Retired,,Success
3332,US Air Force,"SLC-5, Vandenberg SFB, California, USA","Fri Jul 03, 1992 14:19 UTC",Scout G1 | SAMPEX,Retired,,Success
3333,General Dynamics,"SLC-36A, Cape Canaveral SFS, Florida, USA","Thu Jul 02, 1992 21:54 UTC",Atlas II | USA-82 (DSCS IIIB-12),Retired,,Success
3334,VKS RF,"Site 133/3, Plesetsk Cosmodrome, Russia","Wed Jul 01, 1992 20:16 UTC",Cosmos-3M | Cosmos 2195,Retired,,Success
3335,Roscosmos,"Site 31/6, Baikonur Cosmodrome, Kazakhstan","Tue Jun 30, 1992 16:43 UTC",Soyuz U2 | Progress M-13,Retired,40.0,Success
3336,NASA,"LC-39A, Kennedy Space Center, Florida, USA","Thu Jun 25, 1992 16:12 UTC",Space Shuttle Columbia | STS-50,Retired,450.0,Success
3337,VKS RF,"Site 43/3, Plesetsk Cosmodrome, Russia","Tue Jun 23, 1992 08:00 UTC",Soyuz U | Resurs-F,Retired,20.0,Success
3338,General Dynamics,"SLC-36B, Cape Canaveral SFS, Florida, USA","Wed Jun 10, 1992 00:00 UTC",Atlas IIA | Intelsat K,Retired,,Success
3339,Boeing,"SLC-17A, Cape Canaveral SFS, Florida, USA","Sun Jun 07, 1992 16:40 UTC",Delta II 6920-10 | Explorer 67 (EUVE),Retired,,Success
3340,VKS RF,"Site 133/3, Plesetsk Cosmodrome, Russia","Wed Jun 03, 1992 00:50 UTC",Cosmos-3M | Cosmos 2187 to 2194,Retired,,Success
3341,VKS RF,"Site 16/2, Plesetsk Cosmodrome, Russia","Thu May 28, 1992 19:09 UTC",Soyuz U | Cosmos 2186,Retired,20.0,Success
3342,ISRO,"SLV LP, Satish Dhawan Space Centre, India","Wed May 20, 1992 00:30 UTC",ASLV | SROSS C,Retired,,Partial Failure
3343,Boeing,"SLC-17B, Cape Canaveral SFS, Florida, USA","Thu May 14, 1992 00:40 UTC",Delta II 7925 | Palapa B4,Retired,,Success
3344,NASA,"LC-39B, Kennedy Space Center, Florida, USA","Thu May 07, 1992 23:40 UTC",Space Shuttle Endeavour | STS-49,Retired,450.0,Success
3345,VKS RF,"Site 1/5, Baikonur Cosmodrome, Kazakhstan","Wed Apr 29, 1992 10:10 UTC",Soyuz U | Cosmos 2185,Retired,20.0,Success
3346,VKS RF,"Site 43/4, Plesetsk Cosmodrome, Russia","Wed Apr 29, 1992 08:59 UTC",Soyuz U | Resurs-F,Retired,20.0,Success
3347,Martin Marietta,"SLC-4W, Vandenberg SFB, California, USA","Sat Apr 25, 1992 08:53 UTC",Titan II(23)G | USA-81,Retired,35.0,Success
3348,Roscosmos,"Site 1/5, Baikonur Cosmodrome, Kazakhstan","Sun Apr 19, 1992 21:29 UTC",Soyuz U2 | Progress M-12,Retired,40.0,Success
3349,Arianespace,"ELA-2, Guiana Space Centre, French Guiana, France","Wed Apr 15, 1992 23:25 UTC",Ariane 44L | Télécom 2B & Inmarsat-2F4,Retired,,Success
3350,VKS RF,"Site 132/1, Plesetsk Cosmodrome, Russia","Wed Apr 15, 1992 07:17 UTC",Cosmos-3M | Cosmos 2184,Retired,,Success
3351,Boeing,"SLC-17B, Cape Canaveral SFS, Florida, USA","Fri Apr 10, 1992 03:20 UTC",Delta II 7925 | GPS IIA-4 (USA-80),Retired,,Success
3352,VKS RF,"Site 31/6, Baikonur Cosmodrome, Kazakhstan","Wed Apr 08, 1992 12:20 UTC",Soyuz U | Cosmos 2183,Retired,20.0,Success
3353,Roscosmos,"Site 81/23, Baikonur Cosmodrome, Kazakhstan","Thu Apr 02, 1992 01:50 UTC",Proton K/Block-DM-2 | Gorizont 25,Retired,,Success
3354,VKS RF,"Site 16/2, Plesetsk Cosmodrome, Russia","Wed Apr 01, 1992 14:17 UTC",Soyuz U | Cosmos 2182,Retired,20.0,Success
3355,NASA,"LC-39A, Kennedy Space Center, Florida, USA","Tue Mar 24, 1992 13:13 UTC",Space Shuttle Atlantis | STS-45,Retired,450.0,Success
3356,Roscosmos,"Site 1/5, Baikonur Cosmodrome, Kazakhstan","Tue Mar 17, 1992 10:54 UTC",Soyuz U2 | Soyuz TM-14,Retired,40.0,Success
3357,General Dynamics,"SLC-36B, Cape Canaveral SFS, Florida, USA","Sat Mar 14, 1992 00:00 UTC",Atlas I | Galaxy 5,Retired,,Success
3358,VKS RF,"Site 132/1, Plesetsk Cosmodrome, Russia","Mon Mar 09, 1992 22:35 UTC",Cosmos-3M | Cosmos 2181,Retired,,Success
3359,VKS RF,"Site 43/4, Plesetsk Cosmodrome, Russia","Wed Mar 04, 1992 04:27 UTC",Molniya-M/Block ML | Molniya-1 n°152,Retired,,Success
3360,Arianespace,"ELA-2, Guiana Space Centre, French Guiana, France","Wed Feb 26, 1992 23:58 UTC",Ariane 44L | Superbird-B1 & Arabsat-1C,Retired,,Success
3361,Boeing,"SLC-17B, Cape Canaveral SFS, Florida, USA","Sun Feb 23, 1992 22:29 UTC",Delta II 7925 | GPS IIA-3 (USA-79),Retired,,Success
3362,VKS RF,"Site 133/3, Plesetsk Cosmodrome, Russia","Mon Feb 17, 1992 22:05 UTC",Cosmos-3M | Cosmos 2180,Retired,,Success
3363,MHI,"LA-Y1, Tanegashima Space Center, Japan","Tue Feb 11, 1992 01:50 UTC",H-I (9 SO) | Fuyo (JERS-1),Retired,,Success
3364,General Dynamics,"SLC-36A, Cape Canaveral SFS, Florida, USA","Tue Feb 11, 1992 00:41 UTC",Atlas II | DSCS IIIB-14 (USA-78),Retired,,Success
3365,VKS RF,"Site 45/1, Baikonur Cosmodrome, Kazakhstan","Wed Feb 05, 1992 18:14 UTC",Zenit-2 | Tselina-2 n°10,Retired,,Failure
3366,Roscosmos,"Site 81/23, Baikonur Cosmodrome, Kazakhstan","Wed Jan 29, 1992 22:19 UTC","Proton K/Block-DM-2 | Cosmos 2177, 2178 & 2179",Retired,,Success
3367,Roscosmos,"Site 1/5, Baikonur Cosmodrome, Kazakhstan","Sat Jan 25, 1992 07:50 UTC",Soyuz U2 | Progress M-11,Retired,40.0,Success
3368,VKS RF,"Site 43/3, Plesetsk Cosmodrome, Russia","Fri Jan 24, 1992 01:18 UTC",Molniya-M/Block 2BL | Cosmos 2176,Retired,,Success
3369,NASA,"LC-39A, Kennedy Space Center, Florida, USA","Wed Jan 22, 1992 14:52 UTC",Space Shuttle Discovery | STS-42,Retired,450.0,Success
3370,VKS RF,"Site 43/4, Plesetsk Cosmodrome, Russia","Tue Jan 21, 1992 15:00 UTC",Soyuz U | Cosmos 2175,Retired,20.0,Success
3371,MASI,"LC-3, Xichang Satellite Launch Center, China","Sat Dec 28, 1991 12:00 UTC",Long March 3 | DFH-2A 05,Retired,,Partial Failure
3372,RVSN USSR,"Site 175/58, Baikonur Cosmodrome, Kazakhstan","Fri Dec 20, 1991",Rokot/Briz K | GVM Demo Flight,Retired,,Success
3373,RVSN USSR,"Site 81/23, Baikonur Cosmodrome, Kazakhstan","Thu Dec 19, 1991 11:41 UTC",Proton K/Block-DM-2 | Raduga 28,Retired,,Success
3374,RVSN USSR,"Site 32/2, Plesetsk Cosmodrome, Russia","Wed Dec 18, 1991 03:54 UTC",Tsyklon-3 | Intercosmos 25 & Magion 3,Retired,,Success
3375,RVSN USSR,"Site 31/6, Baikonur Cosmodrome, Kazakhstan","Tue Dec 17, 1991 11:00 UTC",Soyuz U | Cosmos 2174,Retired,20.0,Success
3376,Arianespace,"ELA-2, Guiana Space Centre, French Guiana, France","Mon Dec 16, 1991 23:19 UTC",Ariane 44L | Télécom 2A & Inmarsat 2F3,Retired,,Success
3377,General Dynamics,"SLC-36B, Cape Canaveral SFS, Florida, USA","Sat Dec 07, 1991 22:47 UTC",Atlas II | Eutelsat 2F3,Retired,,Success
3378,General Dynamics,"SLC-3W, Vandenberg SFB, California, USA","Thu Nov 28, 1991 13:23 UTC",Atlas-E/F Star-37S-ISS | DMSP-5D2 F11 (USA-73),Retired,,Success
3379,RVSN USSR,"Site 133/3, Plesetsk Cosmodrome, Russia","Wed Nov 27, 1991 03:30 UTC",Cosmos-3M | Cosmos 2173,Retired,,Success
3380,NASA,"LC-39A, Kennedy Space Center, Florida, USA","Sun Nov 24, 1991 23:44 UTC",Space Shuttle Atlantis | STS-44 & DSP-16 (USA-75),Retired,450.0,Success
3381,RVSN USSR,"Site 81/23, Baikonur Cosmodrome, Kazakhstan","Fri Nov 22, 1991 13:27 UTC",Proton K/Block-DM-2 | Cosmos 2172,Retired,,Success
3382,RVSN USSR,"Site 43/3, Plesetsk Cosmodrome, Russia","Wed Nov 20, 1991 19:14 UTC",Soyuz U | Cosmos 2171,Retired,20.0,Success
3383,RVSN USSR,"Site 32/1, Plesetsk Cosmodrome, Russia","Tue Nov 12, 1991 20:09 UTC",Tsyklon-3 | Cosmos 2165 to 2170,Retired,,Success
3384,Martin Marietta,"SLC-4E, Vandenberg SFB, California, USA","Fri Nov 08, 1991 07:07 UTC","Titan IV(403)A | SLDCOM 2 & NOSS-2 1A to 1C (USA-72, USA-74, USA-76 & USA-77)",Retired,,Success
3385,Arianespace,"ELA-2, Guiana Space Centre, French Guiana, France","Tue Oct 29, 1991 23:08 UTC",Ariane 44L | Intelsat 6AF1,Retired,,Success
3386,RVSN USSR,"Site 200/39, Baikonur Cosmodrome, Kazakhstan","Wed Oct 23, 1991 15:25 UTC",Proton K/Block-DM-2 | Gorizont 24,Retired,,Success
3387,RVSN USSR,"Site 1/5, Baikonur Cosmodrome, Kazakhstan","Thu Oct 17, 1991 00:05 UTC",Soyuz U2 | Progress M-10,Retired,40.0,Success
3388,RVSN USSR,"Site 132/1, Plesetsk Cosmodrome, Russia","Thu Oct 10, 1991 14:00 UTC",Cosmos-3M | Cosmos 2164,Retired,,Success
3389,RVSN USSR,"Site 1/5, Baikonur Cosmodrome, Kazakhstan","Wed Oct 09, 1991 13:15 UTC",Soyuz U2 | Cosmos 2163,Retired,40.0,Success
3390,RVSN USSR,"Site 43/4, Plesetsk Cosmodrome, Russia","Fri Oct 04, 1991 18:09 UTC",Soyuz U | Foton 7,Retired,20.0,Success
3391,RVSN USSR,"Site 1/5, Baikonur Cosmodrome, Kazakhstan","Wed Oct 02, 1991 05:59 UTC",Soyuz U2 | Soyuz TM-13,Retired,40.0,Success
3392,IAI,"Pad 1, Palmachim Airbase, Israel","Mon Sep 30, 1991",Shavit | Ofek,Retired,,Failure
3393,RVSN USSR,"Site 32/2, Plesetsk Cosmodrome, Russia","Sat Sep 28, 1991 07:05 UTC",Tsyklon-3 | Cosmos 2157 to 2162,Retired,,Success
3394,Arianespace,"ELA-2, Guiana Space Centre, French Guiana, France","Thu Sep 26, 1991 23:43 UTC",Ariane 44P | Anik E1,Retired,,Success
3395,RVSN USSR,"Site 43/3, Plesetsk Cosmodrome, Russia","Thu Sep 19, 1991 16:19 UTC",Soyuz U | Cosmos 2156,Retired,20.0,Success
3396,RVSN USSR,"Site 43/4, Plesetsk Cosmodrome, Russia","Tue Sep 17, 1991 20:01 UTC",Molniya-M/Block ML | Molniya-3 n°151,Retired,,Success
3397,RVSN USSR,"Site 81/23, Baikonur Cosmodrome, Kazakhstan","Fri Sep 13, 1991 17:51 UTC",Proton K/Block-DM-2 | Cosmos 2155,Retired,,Success
3398,NASA,"LC-39A, Kennedy Space Center, Florida, USA","Thu Sep 12, 1991 23:11 UTC",Space Shuttle Discovery | STS-48,Retired,450.0,Success
3399,RVSN USSR,"Site 45/1, Baikonur Cosmodrome, Kazakhstan","Fri Aug 30, 1991 08:58 UTC",Zenit-2 | Tselina-2 n°09,Retired,,Failure
3400,ISAS,"Mu Pad, Uchinoura Space Center, Japan","Fri Aug 30, 1991 02:30 UTC",Mu-III S2 | Yohkoh,Retired,,Success
3401,RVSN USSR,"Site 31/6, Baikonur Cosmodrome, Kazakhstan","Thu Aug 29, 1991 06:48 UTC",Vostok-2M | IRS-1B,Retired,,Success
3402,MHI,"LA-Y1, Tanegashima Space Center, Japan","Sun Aug 25, 1991 08:40 UTC",H-I UM-129A (9SO) | Yuri-3B,Retired,,Success
3403,RVSN USSR,"Site 132/1, Plesetsk Cosmodrome, Russia","Thu Aug 22, 1991 12:35 UTC",Cosmos-3M | Cosmos 2154,Retired,,Success
3404,RVSN USSR,"Site 43/3, Plesetsk Cosmodrome, Russia","Wed Aug 21, 1991 10:49 UTC",Soyuz U | Resurs-F,Retired,20.0,Success
3405,RVSN USSR,"Site 1/5, Baikonur Cosmodrome, Kazakhstan","Tue Aug 20, 1991 22:54 UTC",Soyuz U2 | Progress M-9,Retired,40.0,Success
3406,RVSN USSR,"Site 32/2, Plesetsk Cosmodrome, Russia","Thu Aug 15, 1991 09:14 UTC",Tsyklon-3 | Meteor-3 n°05,Retired,,Success
3407,Arianespace,"ELA-2, Guiana Space Centre, French Guiana, France","Wed Aug 14, 1991 23:15 UTC",Ariane 44L | Intelsat 605,Retired,,Success
3408,NASA,"LC-39A, Kennedy Space Center, Florida, USA","Fri Aug 02, 1991 15:01 UTC",Space Shuttle Atlantis | STS-43,Retired,450.0,Success
3409,RVSN USSR,"Site 43/4, Plesetsk Cosmodrome, Russia","Thu Aug 01, 1991 11:53 UTC",Molniya-M/Block ML | Molniya-1 n°150,Retired,,Success
3410,RVSN USSR,"Site 43/3, Plesetsk Cosmodrome, Russia","Tue Jul 23, 1991 09:04 UTC",Soyuz U | Resurs-F,Retired,20.0,Success
3411,Northrop,"NB-52B Carrier, Edwards AFB, California, USA","Wed Jul 17, 1991 17:33 UTC",Pegasus/HAPS | Microsat (SCS),Retired,40.0,Partial Failure
3412,Arianespace,"ELA-2, Guiana Space Centre, French Guiana, France","Wed Jul 17, 1991 01:46 UTC","Ariane 40 | ERS-1, Orbcomm-X & Rideshares",Retired,,Success
3413,RVSN USSR,"Site 31/6, Baikonur Cosmodrome, Kazakhstan","Wed Jul 10, 1991 14:00 UTC",Soyuz U | Cosmos 2153,Retired,20.0,Success
3414,RVSN USSR,"Site 43/4, Plesetsk Cosmodrome, Russia","Tue Jul 09, 1991 09:40 UTC",Soyuz U | Cosmos 2152,Retired,20.0,Success
3415,Boeing,"SLC-17A, Cape Canaveral SFS, Florida, USA","Thu Jul 04, 1991 02:32 UTC",Delta II 7925 | GPS IIA-2 (USA-71) & Losat X,Retired,,Success
3416,RVSN USSR,"Site 200/39, Baikonur Cosmodrome, Kazakhstan","Mon Jul 01, 1991 21:53 UTC",Proton K/Block-DM-2 | Gorizont 23,Retired,,Success
3417,US Air Force,"SLC-5, Vandenberg SFB, California, USA","Sat Jun 29, 1991 14:00 UTC",Scout G1 | REX,Retired,,Success
3418,RVSN USSR,"Site 43/3, Plesetsk Cosmodrome, Russia","Fri Jun 28, 1991 08:09 UTC",Soyuz U | Resurs-F,Retired,20.0,Success
3419,RVSN USSR,"Site 132/1, Plesetsk Cosmodrome, Russia","Tue Jun 25, 1991 13:20 UTC",Cosmos-3M | Taïfoun n°59,Retired,,Failure
3420,RVSN USSR,"Site 43/4, Plesetsk Cosmodrome, Russia","Tue Jun 18, 1991 09:09 UTC",Molniya-M/Block ML | Molniya-1 n°149,Retired,,Success
3421,RVSN USSR,"Site 32/2, Plesetsk Cosmodrome, Russia","Thu Jun 13, 1991 15:41 UTC",Tsyklon-3 | Cosmos 2151,Retired,,Success
3422,RVSN USSR,"Site 133/3, Plesetsk Cosmodrome, Russia","Tue Jun 11, 1991 05:41 UTC",Cosmos-3M | Cosmos 2150,Retired,,Success
3423,NASA,"LC-39B, Kennedy Space Center, Florida, USA","Wed Jun 05, 1991 13:24 UTC",Space Shuttle Columbia | STS-40,Retired,450.0,Success
3424,RVSN USSR,"Site 32/2, Plesetsk Cosmodrome, Russia","Tue Jun 04, 1991 08:10 UTC",Tsyklon-3 | Okean 3,Retired,,Success
3425,RVSN USSR,"Site 1/5, Baikonur Cosmodrome, Kazakhstan","Thu May 30, 1991 08:04 UTC",Soyuz U2 | Progress M-8,Retired,40.0,Success
3426,Boeing,"SLC-17B, Cape Canaveral SFS, Florida, USA","Wed May 29, 1991 22:55 UTC",Delta II 7925 | Aurora 2,Retired,,Success
3427,RVSN USSR,"Site 43/3, Plesetsk Cosmodrome, Russia","Fri May 24, 1991 15:29 UTC",Soyuz U | Cosmos 2149,Retired,20.0,Success
3428,RVSN USSR,"Site 43/4, Plesetsk Cosmodrome, Russia","Tue May 21, 1991 08:59 UTC",Soyuz U | Resurs-F,Retired,20.0,Success
3429,RVSN USSR,"Site 1/5, Baikonur Cosmodrome, Kazakhstan","Sat May 18, 1991 12:50 UTC",Soyuz U2 | Soyuz TM-12,Retired,40.0,Success
3430,RVSN USSR,"Site 32/2, Plesetsk Cosmodrome, Russia","Thu May 16, 1991 21:40 UTC",Tsyklon-3 | Cosmos 2143 to 2148,Retired,,Success
3431,General Dynamics,"SLC-3W, Vandenberg SFB, California, USA","Tue May 14, 1991 15:52 UTC",Atlas-E/F Star-37S-ISS | NOAA-D,Retired,,Success
3432,NASA,"LC-39A, Kennedy Space Center, Florida, USA","Sun Apr 28, 1991 11:33 UTC",Space Shuttle Discovery | STS-39 & (USA-70),Retired,450.0,Success
3433,RVSN USSR,"Site 32/2, Plesetsk Cosmodrome, Russia","Wed Apr 24, 1991 01:36 UTC",Tsyklon-3 | Meteor-3 n°04,Retired,,Success
3434,General Dynamics,"SLC-36B, Cape Canaveral SFS, Florida, USA","Thu Apr 18, 1991 23:30 UTC",Atlas I | Yuri 3H,Retired,,Failure
3435,RVSN USSR,"Site 132/1, Plesetsk Cosmodrome, Russia","Tue Apr 16, 1991 07:21 UTC",Cosmos-3M | Cosmos 2142,Retired,,Success
3436,Boeing,"SLC-17B, Cape Canaveral SFS, Florida, USA","Sat Apr 13, 1991 00:09 UTC",Delta II 7925 | ASC-2 (Spacenet F4),Retired,,Success
3437,NASA,"LC-39B, Kennedy Space Center, Florida, USA","Fri Apr 05, 1991 14:22 UTC",Space Shuttle Atlantis | STS-37,Retired,450.0,Success
3438,Arianespace,"ELA-2, Guiana Space Centre, French Guiana, France","Thu Apr 04, 1991 23:33 UTC",Ariane 44P | Anik E2,Retired,,Success
3439,RVSN USSR,"Site 200/39, Baikonur Cosmodrome, Kazakhstan","Thu Apr 04, 1991 10:47 UTC","Proton K/Block-DM-2 | Cosmos 2139, 2140 & 2141",Retired,,Success
3440,RVSN USSR,"Site 200/40, Baikonur Cosmodrome, Kazakhstan","Sun Mar 31, 1991 15:12 UTC",Proton-K | Almaz 1,Retired,,Success
3441,RVSN USSR,"Site 16/2, Plesetsk Cosmodrome, Russia","Tue Mar 26, 1991 13:44 UTC",Soyuz U | Cosmos 2138,Retired,20.0,Success
3442,RVSN USSR,"Site 43/3, Plesetsk Cosmodrome, Russia","Fri Mar 22, 1991 12:19 UTC",Molniya-M/Block ML | Molniya-3 n°148,Retired,,Success
3443,RVSN USSR,"Site 132/1, Plesetsk Cosmodrome, Russia","Tue Mar 19, 1991 14:30 UTC",Cosmos-3M | Cosmos 2137,Retired,,Success
3444,RVSN USSR,"Site 1/5, Baikonur Cosmodrome, Kazakhstan","Tue Mar 19, 1991 13:05 UTC",Soyuz U2 | Progress M-7,Retired,40.0,Success
3445,RVSN USSR,"Site 133/3, Plesetsk Cosmodrome, Russia","Tue Mar 12, 1991 19:29 UTC",Cosmos-3M | Nadiezhda n°6,Retired,,Success
3446,Boeing,"SLC-17B, Cape Canaveral SFS, Florida, USA","Fri Mar 08, 1991 23:03 UTC",Delta II 6925 | Inmarsat-2 F2,Retired,,Success
3447,Martin Marietta,"SLC-4E, Vandenberg SFB, California, USA","Fri Mar 08, 1991 12:03 UTC",Titan IV(403)A | Onyx 2 (USA-69),Retired,,Success
3448,RVSN USSR,"Site 16/2, Plesetsk Cosmodrome, Russia","Wed Mar 06, 1991 15:30 UTC",Soyuz U | Cosmos 2136,Retired,20.0,Success
3449,Arianespace,"ELA-2, Guiana Space Centre, French Guiana, France","Sat Mar 02, 1991 23:36 UTC",Ariane 44LP | Astra 1B & Météosat 5,Retired,,Success
3450,RVSN USSR,"Site 81/23, Baikonur Cosmodrome, Kazakhstan","Thu Feb 28, 1991 05:30 UTC",Proton K/Block-DM-2 | Raduga 27,Retired,,Success
3451,RVSN USSR,"Site 133/3, Plesetsk Cosmodrome, Russia","Tue Feb 26, 1991 04:53 UTC",Cosmos-3M | Cosmos 2135,Retired,,Success
3452,RVSN USSR,"Site 43/3, Plesetsk Cosmodrome, Russia","Fri Feb 15, 1991 15:19 UTC",Molniya-M/Block ML | Molniya-1 n°147,Retired,,Success
3453,RVSN USSR,"Site 1/5, Baikonur Cosmodrome, Kazakhstan","Fri Feb 15, 1991 09:30 UTC",Soyuz U | Cosmos 2134,Retired,20.0,Success
3454,RVSN USSR,"Site 200/39, Baikonur Cosmodrome, Kazakhstan","Thu Feb 14, 1991 08:31 UTC",Proton K/Block-DM-2 | Cosmos 2133,Retired,,Success
3455,RVSN USSR,"Site 133/3, Plesetsk Cosmodrome, Russia","Tue Feb 12, 1991 02:44 UTC",Cosmos-3M | Cosmos 2125 to 2132,Retired,,Success
3456,RVSN USSR,"Site 16/2, Plesetsk Cosmodrome, Russia","Thu Feb 07, 1991 18:14 UTC",Soyuz U | Cosmos 2124,Retired,20.0,Success
3457,RVSN USSR,"Site 133/3, Plesetsk Cosmodrome, Russia","Tue Feb 05, 1991 02:36 UTC",Cosmos-3M | Cosmos 2123,Retired,,Success
3458,RVSN USSR,"Site 133/3, Plesetsk Cosmodrome, Russia","Tue Jan 29, 1991 11:59 UTC",Cosmos-3M | Oscar-21,Retired,,Success
3459,RVSN USSR,"Site 90/20, Baikonur Cosmodrome, Kazakhstan","Fri Jan 18, 1991 11:34 UTC",Tsyklon-2 | Cosmos 2122,Retired,,Success
3460,RVSN USSR,"Site 16/2, Plesetsk Cosmodrome, Russia","Thu Jan 17, 1991 10:30 UTC",Soyuz U | Cosmos 2121,Retired,20.0,Success
3461,Arianespace,"ELA-2, Guiana Space Centre, French Guiana, France","Tue Jan 15, 1991 23:10 UTC",Ariane 44L | Italsat-1 & Eutelsat 2F2,Retired,,Success
3462,RVSN USSR,"Site 1/5, Baikonur Cosmodrome, Kazakhstan","Mon Jan 14, 1991 14:50 UTC",Soyuz U2 | Progress M-6,Retired,40.0,Success
3463,Boeing,"SLC-17B, Cape Canaveral SFS, Florida, USA","Tue Jan 08, 1991 00:53 UTC",Delta II 7925 | NATO 4A,Retired,,Success
3464,RVSN USSR,"Site 200/39, Baikonur Cosmodrome, Kazakhstan","Thu Dec 27, 1990 11:08 UTC",Proton K/Block-DM-2 | Raduga-1 2,Retired,,Success
3465,RVSN USSR,"Site 16/2, Plesetsk Cosmodrome, Russia","Wed Dec 26, 1990 11:10 UTC",Soyuz U | Cosmos 2120,Retired,20.0,Success
3466,RVSN USSR,"Site 32/2, Plesetsk Cosmodrome, Russia","Sat Dec 22, 1990 07:28 UTC",Tsyklon-3 | Cosmos 2114 to 2119,Retired,,Success
3467,RVSN USSR,"Site 1/5, Baikonur Cosmodrome, Kazakhstan","Fri Dec 21, 1990 06:20 UTC",Soyuz U | Cosmos 2113,Retired,20.0,Success
3468,RVSN USSR,"Site 81/23, Baikonur Cosmodrome, Kazakhstan","Thu Dec 20, 1990 11:35 UTC",Proton K/Block-DM-2 | Raduga 26,Retired,,Success
3469,RVSN USSR,"Site 133/3, Plesetsk Cosmodrome, Russia","Mon Dec 10, 1990 07:54 UTC",Cosmos-3M | Cosmos 2112,Retired,,Success
3470,RVSN USSR,"Site 200/40, Baikonur Cosmodrome, Kazakhstan","Sat Dec 08, 1990 02:43 UTC","Proton K/Block-DM-2 | Cosmos 2109, 2110 & 2111",Retired,,Success
3471,RVSN USSR,"Site 43/4, Plesetsk Cosmodrome, Russia","Tue Dec 04, 1990 18:29 UTC",Soyuz U | Cosmos 2108,Retired,20.0,Success
3472,RVSN USSR,"Site 90/20, Baikonur Cosmodrome, Kazakhstan","Tue Dec 04, 1990 00:48 UTC",Tsyklon-2 | Cosmos 2107,Retired,,Success
3473,RVSN USSR,"Site 1/5, Baikonur Cosmodrome, Kazakhstan","Sun Dec 02, 1990 08:13 UTC",Soyuz U2 | Soyuz TM-11,Retired,40.0,Success
3474,NASA,"LC-39B, Kennedy Space Center, Florida, USA","Sun Dec 02, 1990 06:49 UTC",Space Shuttle Columbia | STS-35,Retired,450.0,Success
3475,General Dynamics,"SLC-3W, Vandenberg SFB, California, USA","Sat Dec 01, 1990 15:57 UTC",Atlas-E/F Star-37S-ISS | DMSP-5D2 F10 (USA-68),Retired,,Success
3476,RVSN USSR,"Site 32/2, Plesetsk Cosmodrome, Russia","Wed Nov 28, 1990 16:33 UTC",Tsyklon-3 | Cosmos 2106,Retired,,Success
3477,Boeing,"SLC-17A, Cape Canaveral SFS, Florida, USA","Mon Nov 26, 1990 21:39 UTC",Delta II 7925 | GPS IIA-1 (USA-66),Retired,,Success
3478,RVSN USSR,"Site 200/39, Baikonur Cosmodrome, Kazakhstan","Fri Nov 23, 1990 13:22 UTC",Proton K/Block-DM-2 | Gorizont 22,Retired,,Success
3479,RVSN USSR,"Site 43/3, Plesetsk Cosmodrome, Russia","Fri Nov 23, 1990 03:51 UTC",Molniya-M/Block ML | Molniya-1 n°146,Retired,,Success
3480,RVSN USSR,"Site 131/29, Baikonur Cosmodrome, Kazakhstan","Tue Nov 20, 1990",Rokot/Briz K | GVM Demo Flight,Retired,,Success
3481,Arianespace,"ELA-2, Guiana Space Centre, French Guiana, France","Tue Nov 20, 1990 23:11 UTC","Ariane 42P | Satcom C1, GStar-4",Retired,,Success
3482,RVSN USSR,"Site 16/2, Plesetsk Cosmodrome, Russia","Tue Nov 20, 1990 02:33 UTC",Molniya-M/Block 2BL | Cosmos 2105,Retired,,Success
3483,RVSN USSR,"Site 43/4, Plesetsk Cosmodrome, Russia","Fri Nov 16, 1990 16:30 UTC",Soyuz U | Cosmos 2104,Retired,20.0,Success
3484,NASA,"LC-39A, Kennedy Space Center, Florida, USA","Thu Nov 15, 1990 23:48 UTC","Space Shuttle Atlantis | STS-38, Quasar-9 (USA-67) & Prowler 1",Retired,450.0,Success
3485,RVSN USSR,"Site 90/20, Baikonur Cosmodrome, Kazakhstan","Wed Nov 14, 1990 06:33 UTC",Tsyklon-2 | Cosmos 2103,Retired,,Success
3486,Martin Marietta,"SLC-41, Cape Canaveral SFS, Florida, USA","Tue Nov 13, 1990 00:37 UTC",Titan IV(402)A | DSP-15 (USA-65),Retired,,Success
3487,RVSN USSR,"Site 81/23, Baikonur Cosmodrome, Kazakhstan","Sat Nov 03, 1990 14:40 UTC",Proton K/Block-DM-2 | Gorizont 21,Retired,,Success
3488,Boeing,"SLC-17B, Cape Canaveral SFS, Florida, USA","Tue Oct 30, 1990 23:16 UTC",Delta II 6925 | Inmarsat-2 F1,Retired,,Success
3489,RVSN USSR,"Site 16/2, Plesetsk Cosmodrome, Russia","Tue Oct 16, 1990 18:59 UTC",Soyuz U | Cosmos 2102,Retired,20.0,Success
3490,Arianespace,"ELA-2, Guiana Space Centre, French Guiana, France","Fri Oct 12, 1990 22:58 UTC",Ariane 44L | SBS-6 & Galaxy 6,Retired,,Success
3491,NASA,"LC-39B, Kennedy Space Center, Florida, USA","Sat Oct 06, 1990 11:47 UTC",Space Shuttle Discovery | STS-41,Retired,450.0,Success
3492,MASI,"Site 138 (LA-2B), Jiuquan Satellite Launch Center, China","Fri Oct 05, 1990 06:14 UTC",Long March 2C | FSW-1 3,Active,30.8,Success
3493,RVSN USSR,"Site 45/2, Baikonur Cosmodrome, Kazakhstan","Thu Oct 04, 1990 04:27 UTC",Zenit-2 | Tselina-2 n°08,Retired,,Failure
3494,Boeing,"SLC-17A, Cape Canaveral SFS, Florida, USA","Mon Oct 01, 1990 21:56 UTC",Delta II 6925 | GPS II-9 (USA-64),Retired,,Success
3495,RVSN USSR,"Site 1/5, Baikonur Cosmodrome, Kazakhstan","Mon Oct 01, 1990 11:00 UTC",Soyuz U2 | Cosmos 2101,Retired,40.0,Success
3496,RVSN USSR,"Site 32/1, Plesetsk Cosmodrome, Russia","Fri Sep 28, 1990 07:30 UTC",Tsyklon-3 | Meteor-2 n°20,Retired,,Success
3497,RVSN USSR,"Site 1/5, Baikonur Cosmodrome, Kazakhstan","Thu Sep 27, 1990 10:37 UTC",Soyuz U2 | Progress M-5,Retired,40.0,Success
3498,RVSN USSR,"Site 43/4, Plesetsk Cosmodrome, Russia","Thu Sep 20, 1990 20:16 UTC",Molniya-M/Block ML | Molniya-3 n°145,Retired,,Success
3499,RVSN USSR,"Site 133/3, Plesetsk Cosmodrome, Russia","Fri Sep 14, 1990 05:59 UTC",Cosmos-3M | Cosmos 2100,Retired,,Success
3500,RVSN USSR,"Site 16/2, Plesetsk Cosmodrome, Russia","Fri Sep 07, 1990 11:59 UTC",Soyuz U | Resurs-F,Retired,20.0,Success
3501,MASI,"LC-7, Taiyuan Satellite Launch Center, China","Mon Sep 03, 1990 00:53 UTC","Long March 4A | Fengyun 1B, QQW 1 & 2",Retired,,Success
3502,RVSN USSR,"Site 43/4, Plesetsk Cosmodrome, Russia","Fri Aug 31, 1990 08:00 UTC",Soyuz U | Cosmos 2099,Retired,20.0,Success
3503,Arianespace,"ELA-2, Guiana Space Centre, French Guiana, France","Thu Aug 30, 1990 22:46 UTC",Ariane 44LP | Skynet 4C & Eutelsat 2F1,Retired,,Success
3504,RVSN USSR,"Site 133/3, Plesetsk Cosmodrome, Russia","Tue Aug 28, 1990 15:45 UTC",Cosmos-3M | Cosmos 2098,Retired,,Success
3505,MHI,"LA-Y1, Tanegashima Space Center, Japan","Tue Aug 28, 1990 09:05 UTC",H-I UM-129A (9SO) | Yuri-3A,Retired,,Success
3506,RVSN USSR,"Site 43/4, Plesetsk Cosmodrome, Russia","Tue Aug 28, 1990 07:49 UTC",Molniya-M/Block 2BL | Cosmos 2097,Retired,,Success
3507,RVSN USSR,"Site 90/20, Baikonur Cosmodrome, Kazakhstan","Thu Aug 23, 1990 16:17 UTC",Tsyklon-2 | Cosmos 2096,Retired,,Success
3508,Boeing,"SLC-17B, Cape Canaveral SFS, Florida, USA","Sat Aug 18, 1990 00:42 UTC",Delta II 6925 | Marcopolo 2,Retired,,Success
3509,RVSN USSR,"Site 43/4, Plesetsk Cosmodrome, Russia","Thu Aug 16, 1990 09:54 UTC",Soyuz U | Resurs-F,Retired,20.0,Success
3510,RVSN USSR,"Site 1/5, Baikonur Cosmodrome, Kazakhstan","Wed Aug 15, 1990 04:00 UTC",Soyuz U2 | Progress M-4,Retired,40.0,Success
3511,RVSN USSR,"Site 43/4, Plesetsk Cosmodrome, Russia","Fri Aug 10, 1990 20:18 UTC",Molniya-M/Block ML | Molniya-1 n°144,Retired,,Success
3512,RVSN USSR,"Site 200/39, Baikonur Cosmodrome, Kazakhstan","Thu Aug 09, 1990 20:18 UTC",Proton K/Block-DM-2 | Ekran-M n°14L,Retired,,Failure
3513,RVSN USSR,"Site 32/2, Plesetsk Cosmodrome, Russia","Wed Aug 08, 1990 04:15 UTC",Tsyklon-3 | Cosmos 2090 to 2095,Retired,,Success
3514,RVSN USSR,"Site 16/2, Plesetsk Cosmodrome, Russia","Fri Aug 03, 1990 19:45 UTC",Soyuz U | Cosmos 2089,Retired,20.0,Success
3515,Boeing,"SLC-17A, Cape Canaveral SFS, Florida, USA","Thu Aug 02, 1990 05:39 UTC",Delta II 6925 | GPS II-8 (USA-63),Retired,,Success
3516,RVSN USSR,"Site 1/5, Baikonur Cosmodrome, Kazakhstan","Wed Aug 01, 1990 09:32 UTC",Soyuz U2 | Soyuz TM-10,Retired,40.0,Success
3517,RVSN USSR,"Site 32/1, Plesetsk Cosmodrome, Russia","Mon Jul 30, 1990 00:06 UTC",Tsyklon-3 | Cosmos 2088,Retired,,Success
3518,General Dynamics,"SLC-36B, Cape Canaveral SFS, Florida, USA","Wed Jul 25, 1990 19:21 UTC",Atlas I | CRRES,Retired,,Success
3519,RVSN USSR,"Site 16/2, Plesetsk Cosmodrome, Russia","Wed Jul 25, 1990 18:13 UTC",Molniya-M/Block 2BL | Cosmos 2087,Retired,,Success
3520,Arianespace,"ELA-2, Guiana Space Centre, French Guiana, France","Tue Jul 24, 1990 22:25 UTC",Ariane 44L | TDF-2 & DFS-2,Retired,,Success
3521,RVSN USSR,"Site 43/3, Plesetsk Cosmodrome, Russia","Fri Jul 20, 1990 08:40 UTC",Soyuz U | Cosmos 2086,Retired,20.0,Success
3522,RVSN USSR,"Site 200/39, Baikonur Cosmodrome, Kazakhstan","Wed Jul 18, 1990 21:46 UTC",Proton K/Block-DM-2 | Cosmos 2085,Retired,,Success
3523,RVSN USSR,"Site 43/3, Plesetsk Cosmodrome, Russia","Tue Jul 17, 1990 09:29 UTC",Soyuz U | Resurs-F,Retired,20.0,Success
3524,MASI,"LC-2, Xichang Satellite Launch Center, China","Mon Jul 16, 1990 00:40 UTC",Long March 2E EPKM | Badr A & Aussat B-MFS,Retired,,Partial Failure
3525,RVSN USSR,"Site 1/5, Baikonur Cosmodrome, Kazakhstan","Wed Jul 11, 1990 10:00 UTC",Soyuz U2 | Gamma,Retired,40.0,Success
3526,RVSN USSR,"Site 16/2, Plesetsk Cosmodrome, Russia","Tue Jul 03, 1990 19:19 UTC",Soyuz U | Yantar-4K2 n°122,Retired,20.0,Failure
3527,RVSN USSR,"Site 32/1, Plesetsk Cosmodrome, Russia","Wed Jun 27, 1990 22:29 UTC",Tsyklon-3 | Meteor-2 n°19,Retired,,Success
3528,Martin Marietta,"SLC-40, Cape Canaveral SFS, Florida, USA","Sat Jun 23, 1990 11:19 UTC",Commercial Titan III | Intelsat 604,Retired,136.6,Success
3529,RVSN USSR,"Site 43/3, Plesetsk Cosmodrome, Russia","Thu Jun 21, 1990 20:45 UTC",Molniya-M/Block 2BL | Cosmos 2084,Retired,,Partial Failure
3530,RVSN USSR,"Site 200/40, Baikonur Cosmodrome, Kazakhstan","Wed Jun 20, 1990 23:36 UTC",Proton-K/Block-DM | Gorizont 20,Retired,,Success
3531,RVSN USSR,"Site 16/2, Plesetsk Cosmodrome, Russia","Tue Jun 19, 1990 08:44 UTC",Soyuz U | Cosmos 2083,Retired,20.0,Success
3532,RVSN USSR,"Site 43/3, Plesetsk Cosmodrome, Russia","Wed Jun 13, 1990 01:07 UTC",Molniya-M/Block ML | Molniya-3 n°143,Retired,,Success
3533,Boeing,"SLC-17B, Cape Canaveral SFS, Florida, USA","Tue Jun 12, 1990 05:52 UTC",Delta 4925-8 | INSAT-1D,Retired,,Success
3534,Martin Marietta,"SLC-41, Cape Canaveral SFS, Florida, USA","Fri Jun 08, 1990 05:21 UTC",Titan IV(405)A | SLDCOM 1 & (NOSS-2 1A to 1C) (USA-59 to USA-62),Retired,,Success
3535,Boeing,"SLC-17A, Cape Canaveral SFS, Florida, USA","Fri Jun 01, 1990 21:48 UTC",Delta II 6920-10 | ROSAT,Retired,,Success
3536,RVSN USSR,"Site 200/39, Baikonur Cosmodrome, Kazakhstan","Thu May 31, 1990 10:33 UTC",Proton-K | Kristall,Retired,,Success
3537,RVSN USSR,"Site 43/4, Plesetsk Cosmodrome, Russia","Tue May 29, 1990 07:19 UTC",Soyuz U | Resurs-F,Retired,20.0,Success
3538,RVSN USSR,"Site 45/2, Baikonur Cosmodrome, Kazakhstan","Tue May 22, 1990 05:14 UTC",Zenit-2 | Cosmos 2082,Retired,,Success
3539,RVSN USSR,"Site 200/40, Baikonur Cosmodrome, Kazakhstan","Sat May 19, 1990 08:32 UTC","Proton K/Block-DM-2 | Cosmos 2079, 2080 & 2081",Retired,,Success
3540,RVSN USSR,"Site 1/5, Baikonur Cosmodrome, Kazakhstan","Tue May 15, 1990 09:55 UTC",Soyuz U | Cosmos 2078,Retired,20.0,Success
3541,US Air Force,"SLC-5, Vandenberg SFB, California, USA","Wed May 09, 1990 17:50 UTC",Scout G1 | MACSAT 1 & 2,Retired,,Success
3542,RVSN USSR,"Site 16/2, Plesetsk Cosmodrome, Russia","Mon May 07, 1990 18:39 UTC",Soyuz U | Cosmos 2077,Retired,20.0,Success
3543,RVSN USSR,"Site 1/5, Baikonur Cosmodrome, Kazakhstan","Sat May 05, 1990 20:44 UTC",Soyuz U2 | Progress 42,Retired,40.0,Success
3544,RVSN USSR,"Site 16/2, Plesetsk Cosmodrome, Russia","Sat Apr 28, 1990 11:37 UTC",Molniya-M/Block 2BL | Cosmos 2076,Retired,,Success
3545,RVSN USSR,"Site 43/4, Plesetsk Cosmodrome, Russia","Thu Apr 26, 1990 01:37 UTC",Molniya-M/Block ML | Molniya-1 n°142,Retired,,Success
3546,RVSN USSR,"Site 132/2, Plesetsk Cosmodrome, Russia","Wed Apr 25, 1990 13:00 UTC",Cosmos-3M | Cosmos 2075,Retired,,Success
3547,NASA,"LC-39B, Kennedy Space Center, Florida, USA","Tue Apr 24, 1990 12:33 UTC",Space Shuttle Discovery | STS-31,Retired,450.0,Success
3548,RVSN USSR,"Site 133/3, Plesetsk Cosmodrome, Russia","Fri Apr 20, 1990 18:41 UTC",Cosmos-3M | Cosmos 2074,Retired,,Success
3549,RVSN USSR,"Site 43/4, Plesetsk Cosmodrome, Russia","Tue Apr 17, 1990 08:00 UTC",Soyuz U | Cosmos 2073,Retired,20.0,Success
3550,Boeing,"SLC-17B, Cape Canaveral SFS, Florida, USA","Fri Apr 13, 1990 22:28 UTC",Delta II 6925-8 | Palapa B2R,Retired,,Success
3551,RVSN USSR,"Site 1/5, Baikonur Cosmodrome, Kazakhstan","Fri Apr 13, 1990 18:53 UTC",Soyuz U | Cosmos 2072,Retired,20.0,Success
3552,RVSN USSR,"Site 43/3, Plesetsk Cosmodrome, Russia","Wed Apr 11, 1990 16:59 UTC",Soyuz U | Foton 6,Retired,20.0,Success
3553,Lockheed,"SLC-3W, Vandenberg SFB, California, USA","Wed Apr 11, 1990 15:00 UTC",Atlas-E/F Altair | Stacksat 1 to 3 & P87-2 (USA-56 to USA-58),Retired,,Success
3554,MASI,"LC-3, Xichang Satellite Launch Center, China","Sat Apr 07, 1990 13:30 UTC",Long March 3 | AsiaSat 1,Retired,,Success
3555,RVSN USSR,"Site 133/3, Plesetsk Cosmodrome, Russia","Fri Apr 06, 1990 03:12 UTC",Cosmos-3M | Cosmos 2064 to 2071,Retired,,Success
3556,Northrop,"NB-52B Carrier, Edwards AFB, California, USA","Thu Apr 05, 1990 19:10 UTC",Pegasus | Pegsat & SECS (USA-55),Retired,40.0,Success
3557,RVSN USSR,"Site 43/4, Plesetsk Cosmodrome, Russia","Tue Apr 03, 1990 18:00 UTC",Soyuz U | Yantar-4K2 n°117,Retired,20.0,Failure
3558,IAI,"Pad 1, Palmachim Airbase, Israel","Tue Apr 03, 1990 12:02 UTC",Shavit | Ofek-2,Retired,,Success
3559,RVSN USSR,"Site 43/3, Plesetsk Cosmodrome, Russia","Tue Mar 27, 1990 16:40 UTC",Molniya-M/Block 2BL | Cosmos 2063,Retired,,Success
3560,Boeing,"SLC-17A, Cape Canaveral SFS, Florida, USA","Mon Mar 26, 1990 02:45 UTC",Delta II 6925 | GPS II-7 (USA-54),Retired,,Success
3561,RVSN USSR,"Site 43/4, Plesetsk Cosmodrome, Russia","Thu Mar 22, 1990 07:20 UTC",Soyuz U | Cosmos 2062,Retired,20.0,Success
3562,RVSN USSR,"Site 133/3, Plesetsk Cosmodrome, Russia","Tue Mar 20, 1990 00:25 UTC",Cosmos-3M | Cosmos 2061,Retired,,Success
3563,RVSN USSR,"Site 90/20, Baikonur Cosmodrome, Kazakhstan","Wed Mar 14, 1990 15:27 UTC",Tsyklon-2 | Cosmos 2060,Retired,,Success
3564,Martin Marietta,"SLC-40, Cape Canaveral SFS, Florida, USA","Wed Mar 14, 1990 11:52 UTC",Commercial Titan III | Intelsat 603,Retired,136.6,Failure
3565,RVSN USSR,"Site 1/5, Baikonur Cosmodrome, Kazakhstan","Wed Feb 28, 1990 23:10 UTC",Soyuz U2 | Progress M-3,Retired,40.0,Success
3566,NASA,"LC-39A, Kennedy Space Center, Florida, USA","Wed Feb 28, 1990 07:50 UTC",Space Shuttle Atlantis | STS-36 & (USA-53),Retired,450.0,Success
3567,RVSN USSR,"Site 32/2, Plesetsk Cosmodrome, Russia","Wed Feb 28, 1990 00:55 UTC",Tsyklon-3 | Okean 2,Retired,,Success
3568,RVSN USSR,"Site 132/2, Plesetsk Cosmodrome, Russia","Tue Feb 27, 1990 20:59 UTC",Cosmos-3M | Nadiezhda n°5,Retired,,Success
3569,Arianespace,"ELA-2, Guiana Space Centre, French Guiana, France","Thu Feb 22, 1990 23:17 UTC",Ariane 44L | Superbird-B & BS-2X,Retired,,Failure
3570,RVSN USSR,"Site 81/23, Baikonur Cosmodrome, Kazakhstan","Thu Feb 15, 1990 07:52 UTC",Proton K/Block-DM-2 | Raduga 25,Retired,,Success
3571,Boeing,"SLC-17B, Cape Canaveral SFS, Florida, USA","Wed Feb 14, 1990 16:15 UTC",Delta II 6920-8 | LACE & RME (USA-51) & (USA-52),Retired,,Success
3572,RVSN USSR,"Site 1/5, Baikonur Cosmodrome, Kazakhstan","Sun Feb 11, 1990 06:16 UTC",Soyuz U2 | Soyuz TM-9,Retired,40.0,Success
3573,MHI,"LA-Y1, Tanegashima Space Center, Japan","Wed Feb 07, 1990 01:33 UTC","H-I (9 SO) | Orizuru, Fuji 1b & Momo-1b",Retired,,Success
3574,RVSN USSR,"Site 132/2, Plesetsk Cosmodrome, Russia","Tue Feb 06, 1990 16:30 UTC",Cosmos-3M | Cosmos 2059,Retired,,Success
3575,MASI,"LC-3, Xichang Satellite Launch Center, China","Sun Feb 04, 1990 12:27 UTC",Long March 3 | DFH-2A 04,Retired,,Success
3576,RVSN USSR,"Site 32/1, Plesetsk Cosmodrome, Russia","Tue Jan 30, 1990 11:20 UTC",Tsyklon-3 | Cosmos 2058,Retired,,Success
3577,RVSN USSR,"Site 16/2, Plesetsk Cosmodrome, Russia","Thu Jan 25, 1990 17:15 UTC",Soyuz U | Cosmos 2057,Retired,20.0,Success
3578,Boeing,"SLC-17A, Cape Canaveral SFS, Florida, USA","Wed Jan 24, 1990 22:55 UTC",Delta II 6925 | GPS II-6 (USA-50),Retired,,Success
3579,ISAS,"Mu Pad, Uchinoura Space Center, Japan","Wed Jan 24, 1990 11:46 UTC",Mu-III S2 | Hiten & Hagoromo,Retired,,Success
3580,RVSN USSR,"Site 43/4, Plesetsk Cosmodrome, Russia","Tue Jan 23, 1990 02:51 UTC",Molniya-M/Block ML | Molniya-3 n°141,Retired,,Success
3581,Arianespace,"ELA-2, Guiana Space Centre, French Guiana, France","Mon Jan 22, 1990 01:35 UTC","Ariane 40 | SPOT-2, PACSAT & Rideshares",Retired,,Success
3582,RVSN USSR,"Site 133/3, Plesetsk Cosmodrome, Russia","Thu Jan 18, 1990 12:52 UTC",Cosmos-3M | Cosmos 2056,Retired,,Success
3583,RVSN USSR,"Site 43/3, Plesetsk Cosmodrome, Russia","Wed Jan 17, 1990 14:45 UTC",Soyuz U | Cosmos 2055,Retired,20.0,Success
3584,NASA,"LC-39A, Kennedy Space Center, Florida, USA","Tue Jan 09, 1990 12:35 UTC",Space Shuttle Columbia | STS-32,Retired,450.0,Success
3585,Martin Marietta,"SLC-40, Cape Canaveral SFS, Florida, USA","Mon Jan 01, 1990 00:07 UTC",Commercial Titan III | Skynet 4A & JCSAT-2,Retired,136.6,Success
3586,RVSN USSR,"Site 200/39, Baikonur Cosmodrome, Kazakhstan","Wed Dec 27, 1989 11:10 UTC",Proton K/Block-DM-2 | Cosmos 2054,Retired,,Success
3587,RVSN USSR,"Site 32/2, Plesetsk Cosmodrome, Russia","Wed Dec 27, 1989 00:00 UTC",Tsyklon-3 | Cosmos 2053,Retired,,Success
3588,RVSN USSR,"Site 1/5, Baikonur Cosmodrome, Kazakhstan","Wed Dec 20, 1989 03:30 UTC",Soyuz U2 | Progress M-2,Retired,40.0,Success
3589,RVSN USSR,"Site 81/23, Baikonur Cosmodrome, Kazakhstan","Fri Dec 15, 1989 11:30 UTC",Proton K/Block-DM-2 | Raduga 24,Retired,,Success
3590,Boeing,"SLC-17B, Cape Canaveral SFS, Florida, USA","Mon Dec 11, 1989 18:10 UTC",Delta II 6925 | GPS II-5 (USA-49),Retired,,Success
3591,RVSN USSR,"Site 200/40, Baikonur Cosmodrome, Kazakhstan","Fri Dec 01, 1989 20:20 UTC",Proton-K/Block D-1 | Granat,Retired,,Success
3592,RVSN USSR,"Site 16/2, Plesetsk Cosmodrome, Russia","Thu Nov 30, 1989 15:00 UTC",Soyuz U | Cosmos 2052,Retired,20.0,Success
3593,RVSN USSR,"Site 43/3, Plesetsk Cosmodrome, Russia","Tue Nov 28, 1989 10:01 UTC",Molniya-M/Block ML | Molniya-3 n°140,Retired,,Success
3594,RVSN USSR,"Site 200/39, Baikonur Cosmodrome, Kazakhstan","Sun Nov 26, 1989 13:01 UTC",Proton-K | Kvant-2,Retired,,Success
3595,RVSN USSR,"Site 90/20, Baikonur Cosmodrome, Kazakhstan","Fri Nov 24, 1989 23:22 UTC",Tsyklon-2 | Cosmos 2051,Retired,,Partial Failure
3596,RVSN USSR,"Site 16/2, Plesetsk Cosmodrome, Russia","Thu Nov 23, 1989 20:35 UTC",Molniya-M/Block 2BL | Cosmos 2050,Retired,,Success
3597,NASA,"LC-39B, Kennedy Space Center, Florida, USA","Thu Nov 23, 1989 00:23 UTC",Space Shuttle Discovery | STS-33R & (USA-48),Retired,450.0,Success
3598,Boeing,"SLC-2W, Vandenberg SFB, California, USA","Sat Nov 18, 1989 14:34 UTC",Delta 5920-8 | Explorer 66 (COBE),Retired,,Success
3599,RVSN USSR,"Site 1/5, Baikonur Cosmodrome, Kazakhstan","Fri Nov 17, 1989 10:50 UTC",Soyuz U | Cosmos 2049,Retired,20.0,Success
3600,Arianespace,"ELA-2, Guiana Space Centre, French Guiana, France","Fri Oct 27, 1989 23:05 UTC",Ariane 44L | Intelsat 6AF2,Retired,,Success
3601,RVSN USSR,"Site 32/1, Plesetsk Cosmodrome, Russia","Tue Oct 24, 1989 21:35 UTC",Tsyklon-3 | Meteor-3 n°03,Retired,,Success
3602,Boeing,"SLC-17A, Cape Canaveral SFS, Florida, USA","Sat Oct 21, 1989 09:31 UTC",Delta II 6925 | GPS II-4 (USA-47),Retired,,Success
3603,NASA,"LC-39B, Kennedy Space Center, Florida, USA","Wed Oct 18, 1989 16:53 UTC",Space Shuttle Atlantis | STS-34R,Retired,450.0,Success
3604,RVSN USSR,"Site 43/4, Plesetsk Cosmodrome, Russia","Tue Oct 17, 1989 13:00 UTC",Soyuz U | Cosmos 2048,Retired,20.0,Success
3605,RVSN USSR,"Site 43/3, Plesetsk Cosmodrome, Russia","Tue Oct 03, 1989 14:59 UTC",Soyuz U | Cosmos 2047,Retired,20.0,Success
3606,RVSN USSR,"Site 200/40, Baikonur Cosmodrome, Kazakhstan","Thu Sep 28, 1989 17:05 UTC",Proton K/Block-DM-2 | Gorizont 19,Retired,,Success
3607,RVSN USSR,"Site 32/2, Plesetsk Cosmodrome, Russia","Thu Sep 28, 1989 00:04 UTC",Tsyklon-3 | Intercosmos 24 & Magion 2,Retired,,Success
3608,RVSN USSR,"Site 90/20, Baikonur Cosmodrome, Kazakhstan","Wed Sep 27, 1989 16:20 UTC",Tsyklon-2 | Cosmos 2046,Retired,,Success
3609,RVSN USSR,"Site 43/4, Plesetsk Cosmodrome, Russia","Wed Sep 27, 1989 14:38 UTC",Molniya-M/Block ML | Molniya-1 n°139,Retired,,Success
3610,General Dynamics,"SLC-36B, Cape Canaveral SFS, Florida, USA","Mon Sep 25, 1989 08:56 UTC",Atlas-G Centaur-D1AR | FLTSATCOM-8 (USA-46),Retired,,Success
3611,RVSN USSR,"Site 1/5, Baikonur Cosmodrome, Kazakhstan","Fri Sep 22, 1989 08:00 UTC",Soyuz U | Cosmos 2045,Retired,20.0,Success
3612,RVSN USSR,"Site 41/1, Plesetsk Cosmodrome, Russia","Fri Sep 15, 1989 06:30 UTC",Soyuz U | Cosmos 2044,Retired,20.0,Success
3613,RVSN USSR,"Site 32/1, Plesetsk Cosmodrome, Russia","Thu Sep 14, 1989 09:49 UTC",Tsyklon-3 | Cosmos 2038 to 2043,Retired,,Success
3614,RVSN USSR,"Site 43/3, Plesetsk Cosmodrome, Russia","Wed Sep 06, 1989 10:49 UTC",Soyuz U | Resurs-F,Retired,20.0,Success
3615,Martin Marietta,"SLC-4W, Vandenberg SFB, California, USA","Wed Sep 06, 1989 01:48 UTC",Titan II(23)G | Farrah 4 (USA-45),Retired,35.0,Success
3616,RVSN USSR,"Site 1/5, Baikonur Cosmodrome, Kazakhstan","Tue Sep 05, 1989 21:38 UTC",Soyuz U2 | Soyuz TM-8,Retired,40.0,Success
3617,MHI,"LA-Y1, Tanegashima Space Center, Japan","Tue Sep 05, 1989 19:11 UTC",H-I UM-129A (6SO) | Himawari 4,Retired,,Success
3618,Martin Marietta,"SLC-40, Cape Canaveral SFS, Florida, USA","Mon Sep 04, 1989 05:54 UTC",Titan 34D | DSCS-II-16 (USA-43) & DSCS-III-A2 (USA-44),Retired,,Success
3619,RVSN USSR,"Site 32/2, Plesetsk Cosmodrome, Russia","Mon Aug 28, 1989 00:14 UTC",Tsyklon-3 | Cosmos 2037,Retired,,Success
3620,Boeing,"SLC-17B, Cape Canaveral SFS, Florida, USA","Sun Aug 27, 1989 22:59 UTC",Delta 4925-8 | Marcopolo 1,Retired,,Success
3621,RVSN USSR,"Site 1/5, Baikonur Cosmodrome, Kazakhstan","Wed Aug 23, 1989 03:09 UTC",Soyuz U2 | Progress M-1,Retired,40.0,Success
3622,RVSN USSR,"Site 41/1, Plesetsk Cosmodrome, Russia","Tue Aug 22, 1989 12:59 UTC",Soyuz U | Cosmos 2036,Retired,20.0,Success
3623,Boeing,"SLC-17A, Cape Canaveral SFS, Florida, USA","Fri Aug 18, 1989 05:57 UTC",Delta II 6925 | GPS II-3 (USA-42),Retired,,Success
3624,RVSN USSR,"Site 43/4, Plesetsk Cosmodrome, Russia","Tue Aug 15, 1989 10:29 UTC",Soyuz U | Resurs-F,Retired,20.0,Success
3625,Arianespace,"ELA-2, Guiana Space Centre, French Guiana, France","Tue Aug 08, 1989 23:25 UTC",Ariane 44LP | TVSAT-2 & Hipparcos,Retired,,Success
3626,NASA,"LC-39B, Kennedy Space Center, Florida, USA","Tue Aug 08, 1989 12:37 UTC","Space Shuttle Columbia | STS-28R, Quasar-8 (USA-40) & (USA-41)",Retired,450.0,Success
3627,RVSN USSR,"Site 16/2, Plesetsk Cosmodrome, Russia","Wed Aug 02, 1989 11:29 UTC",Soyuz U | Cosmos 2035,Retired,20.0,Success
3628,RVSN USSR,"Site 133/3, Plesetsk Cosmodrome, Russia","Tue Jul 25, 1989 07:48 UTC",Cosmos-3M | Cosmos 2034,Retired,,Success
3629,RVSN USSR,"Site 90/20, Baikonur Cosmodrome, Kazakhstan","Mon Jul 24, 1989 00:00 UTC",Tsyklon-2 | Cosmos 2033,Retired,,Success
3630,RVSN USSR,"Site 43/3, Plesetsk Cosmodrome, Russia","Thu Jul 20, 1989 08:59 UTC",Soyuz U | Cosmos 2032,Retired,20.0,Success
3631,RVSN USSR,"Site 1/5, Baikonur Cosmodrome, Kazakhstan","Tue Jul 18, 1989 12:10 UTC",Soyuz U | Cosmos 2031,Retired,20.0,Success
3632,RVSN USSR,"Site 16/2, Plesetsk Cosmodrome, Russia","Tue Jul 18, 1989 09:44 UTC",Soyuz U | Resurs-F,Retired,20.0,Success
3633,RVSN USSR,"Site 41/1, Plesetsk Cosmodrome, Russia","Wed Jul 12, 1989 15:00 UTC",Soyuz U | Cosmos 2030,Retired,20.0,Success
3634,Arianespace,"ELA-1, Guiana Space Centre, French Guiana, France","Wed Jul 12, 1989 00:14 UTC",Ariane 3 | Olympus 1,Retired,,Success
3635,RVSN USSR,"Site 200/40, Baikonur Cosmodrome, Kazakhstan","Wed Jul 05, 1989 22:45 UTC",Proton K/Block-DM-2 | Gorizont 18,Retired,,Success
3636,RVSN USSR,"Site 43/4, Plesetsk Cosmodrome, Russia","Wed Jul 05, 1989 07:59 UTC",Soyuz U | Cosmos 2029,Retired,20.0,Success
3637,RVSN USSR,"Site 133/3, Plesetsk Cosmodrome, Russia","Tue Jul 04, 1989 15:21 UTC",Cosmos-3M | Nadiezhda n°4,Retired,,Success
3638,RVSN USSR,"Site 16/2, Plesetsk Cosmodrome, Russia","Tue Jun 27, 1989 08:04 UTC",Soyuz U | Resurs-F,Retired,20.0,Success
3639,RVSN USSR,"Site 200/39, Baikonur Cosmodrome, Kazakhstan","Wed Jun 21, 1989 23:35 UTC",Proton K/Block-DM-2 | Raduga-1 1,Retired,,Success
3640,RVSN USSR,"Site 1/5, Baikonur Cosmodrome, Kazakhstan","Fri Jun 16, 1989 09:30 UTC",Soyuz U | Cosmos 2028,Retired,20.0,Success
3641,Martin Marietta,"SLC-41, Cape Canaveral SFS, Florida, USA","Wed Jun 14, 1989 13:18 UTC",Titan IV(402)A | DSP-14 (USA-39),Retired,,Success
3642,RVSN USSR,"Site 133/3, Plesetsk Cosmodrome, Russia","Wed Jun 14, 1989 12:30 UTC",Cosmos-3M | Cosmos 2027,Retired,,Success
3643,Boeing,"SLC-17A, Cape Canaveral SFS, Florida, USA","Sat Jun 10, 1989 22:30 UTC",Delta II 6925 | GPS II-2 (USA-38),Retired,,Success
3644,RVSN USSR,"Site 32/2, Plesetsk Cosmodrome, Russia","Fri Jun 09, 1989 10:10 UTC",Tsyklon-3 | Okean-O1 n°08,Retired,,Failure
3645,RVSN USSR,"Site 43/3, Plesetsk Cosmodrome, Russia","Thu Jun 08, 1989 17:09 UTC",Molniya-M/Block ML | Molniya-3 n°138,Retired,,Success
3646,RVSN USSR,"Site 132/2, Plesetsk Cosmodrome, Russia","Wed Jun 07, 1989 05:12 UTC",Cosmos-3M | Cosmos 2026,Retired,,Success
3647,Arianespace,"ELA-2, Guiana Space Centre, French Guiana, France","Mon Jun 05, 1989 22:37 UTC",Ariane 44L | Superbird-A & DFS-1,Retired,,Success
3648,RVSN USSR,"Site 43/4, Plesetsk Cosmodrome, Russia","Thu Jun 01, 1989 12:59 UTC",Soyuz U | Cosmos 2025,Retired,20.0,Success
3649,RVSN USSR,"Site 200/40, Baikonur Cosmodrome, Kazakhstan","Wed May 31, 1989 08:31 UTC","Proton K/Block-DM-2 | Cosmos 2022, 2023 & 2024",Retired,,Success
3650,RVSN USSR,"Site 43/3, Plesetsk Cosmodrome, Russia","Thu May 25, 1989 08:50 UTC",Soyuz U | Resurs-F,Retired,20.0,Success
3651,RVSN USSR,"Site 1/5, Baikonur Cosmodrome, Kazakhstan","Wed May 24, 1989 10:30 UTC",Soyuz U | Cosmos 2021,Retired,20.0,Success
3652,RVSN USSR,"Site 1/5, Baikonur Cosmodrome, Kazakhstan","Wed May 17, 1989 13:00 UTC",Soyuz U | Cosmos 2020,Retired,20.0,Success
3653,Martin Marietta,"SLC-40, Cape Canaveral SFS, Florida, USA","Wed May 10, 1989 19:47 UTC",Titan 34D | Vortex 13 (USA-37),Retired,,Success
3654,RVSN USSR,"Site 16/2, Plesetsk Cosmodrome, Russia","Fri May 05, 1989 12:59 UTC",Soyuz U | Cosmos 2019,Retired,20.0,Success
3655,NASA,"LC-39B, Kennedy Space Center, Florida, USA","Thu May 04, 1989 18:46 UTC",Space Shuttle Atlantis | STS-30R,Retired,450.0,Success
3656,RVSN USSR,"Site 41/1, Plesetsk Cosmodrome, Russia","Wed Apr 26, 1989 16:59 UTC",Soyuz U | Foton 5,Retired,20.0,Success
3657,RVSN USSR,"Site 43/3, Plesetsk Cosmodrome, Russia","Thu Apr 20, 1989 18:29 UTC",Soyuz U | Cosmos 2018,Retired,20.0,Success
3658,RVSN USSR,"Site 200/39, Baikonur Cosmodrome, Kazakhstan","Fri Apr 14, 1989 04:08 UTC",Proton K/Block-DM-2 | Raduga 23,Retired,,Success
3659,RVSN USSR,"Site 43/3, Plesetsk Cosmodrome, Russia","Thu Apr 06, 1989 14:00 UTC",Soyuz U | Cosmos 2017,Retired,20.0,Success
3660,RVSN USSR,"Site 132/2, Plesetsk Cosmodrome, Russia","Tue Apr 04, 1989 18:36 UTC",Cosmos-3M | Cosmos 2016,Retired,,Success
3661,Arianespace,"ELA-1, Guiana Space Centre, French Guiana, France","Sun Apr 02, 1989 02:28 UTC",Ariane 2 | TELE-X,Retired,,Success
3662,Douglas,"SLC-17A, Cape Canaveral SFS, Florida, USA","Fri Mar 24, 1989 21:50 UTC",Delta 3920-8 | Delta Star (USA-36),Retired,,Success
3663,RVSN USSR,"Site 132/2, Plesetsk Cosmodrome, Russia","Fri Mar 24, 1989 13:38 UTC",Cosmos-3M | Cosmos 2008 to 2015,Retired,,Success
3664,RVSN USSR,"Site 1/5, Baikonur Cosmodrome, Kazakhstan","Thu Mar 23, 1989 12:25 UTC",Soyuz U | Cosmos 2007,Retired,20.0,Success
3665,RVSN USSR,"Site 1/5, Baikonur Cosmodrome, Kazakhstan","Thu Mar 16, 1989 18:54 UTC",Soyuz U2 | Progress 41,Retired,40.0,Success
3666,RVSN USSR,"Site 16/2, Plesetsk Cosmodrome, Russia","Thu Mar 16, 1989 14:59 UTC",Soyuz U | Cosmos 2006,Retired,20.0,Success
3667,NASA,"LC-39B, Kennedy Space Center, Florida, USA","Mon Mar 13, 1989 14:57 UTC",Space Shuttle Discovery | STS-29R,Retired,450.0,Success
3668,Arianespace,"ELA-2, Guiana Space Centre, French Guiana, France","Mon Mar 06, 1989 23:29 UTC",Ariane 44LP | JCSAT-1 & Météosat 4,Retired,,Success
3669,RVSN USSR,"Site 43/3, Plesetsk Cosmodrome, Russia","Thu Mar 02, 1989 18:59 UTC",Soyuz U | Cosmos 2005,Retired,20.0,Success
3670,RVSN USSR,"Site 32/2, Plesetsk Cosmodrome, Russia","Tue Feb 28, 1989 04:04 UTC",Tsyklon-3 | Meteor-2 n°18,Retired,,Success
3671,RVSN USSR,"Site 132/2, Plesetsk Cosmodrome, Russia","Wed Feb 22, 1989 03:28 UTC",Cosmos-3M | Cosmos 2004,Retired,,Success
3672,ISAS,"Mu Pad, Uchinoura Space Center, Japan","Tue Feb 21, 1989 23:30 UTC",Mu-III S2 | Akebono,Retired,,Success
3673,RVSN USSR,"Site 43/3, Plesetsk Cosmodrome, Russia","Fri Feb 17, 1989 14:59 UTC",Soyuz U | Cosmos 2003,Retired,20.0,Success
3674,RVSN USSR,"Site 1/5, Baikonur Cosmodrome, Kazakhstan","Wed Feb 15, 1989 11:00 UTC",Molniya-M/Block ML | Molniya-1 n°137,Retired,,Success
3675,Boeing,"SLC-17A, Cape Canaveral SFS, Florida, USA","Tue Feb 14, 1989 18:30 UTC",Delta II 6925 | GPS II-1 (USA-35),Retired,,Success
3676,RVSN USSR,"Site 132/2, Plesetsk Cosmodrome, Russia","Tue Feb 14, 1989 17:00 UTC",Cosmos-3M | Cosmos 2002,Retired,,Success
3677,RVSN USSR,"Site 43/3, Plesetsk Cosmodrome, Russia","Tue Feb 14, 1989 04:21 UTC",Molniya-M/Block 2BL | Cosmos 2001,Retired,,Success
3678,RVSN USSR,"Site 41/1, Plesetsk Cosmodrome, Russia","Fri Feb 10, 1989 16:54 UTC",Soyuz U | Cosmos 2000,Retired,20.0,Success
3679,RVSN USSR,"Site 32/1, Plesetsk Cosmodrome, Russia","Fri Feb 10, 1989 15:13 UTC",Tsyklon-3 | Cosmos 1994 to 1999,Retired,,Success
3680,RVSN USSR,"Site 1/5, Baikonur Cosmodrome, Kazakhstan","Fri Feb 10, 1989 08:53 UTC",Soyuz U2 | Progress 40,Retired,40.0,Success
3681,RVSN USSR,"Site 1/5, Baikonur Cosmodrome, Kazakhstan","Sat Jan 28, 1989 12:30 UTC",Soyuz U | Cosmos 1993,Retired,20.0,Success
3682,Arianespace,"ELA-1, Guiana Space Centre, French Guiana, France","Fri Jan 27, 1989 01:21 UTC",Ariane 2 | Intelsat-5A 15,Retired,,Success
3683,RVSN USSR,"Site 132/2, Plesetsk Cosmodrome, Russia","Thu Jan 26, 1989 15:36 UTC",Cosmos-3M | Cosmos 1992,Retired,,Success
3684,RVSN USSR,"Site 200/40, Baikonur Cosmodrome, Kazakhstan","Thu Jan 26, 1989 09:16 UTC",Proton K/Block-DM-2 | Gorizont 17,Retired,,Success
3685,RVSN USSR,"Site 1/5, Baikonur Cosmodrome, Kazakhstan","Wed Jan 18, 1989 08:20 UTC",Soyuz U | Cosmos 1991,Retired,20.0,Success
3686,RVSN USSR,"Site 16/2, Plesetsk Cosmodrome, Russia","Thu Jan 12, 1989 11:29 UTC",Soyuz U | Cosmos 1990,Retired,20.0,Success
3687,RVSN USSR,"Site 200/39, Baikonur Cosmodrome, Kazakhstan","Tue Jan 10, 1989 02:05 UTC","Proton K/Block-DM-2 | Cosmos 1987, 1988 & 1989",Retired,,Success
3688,RVSN USSR,"Site 1/5, Baikonur Cosmodrome, Kazakhstan","Thu Dec 29, 1988 10:00 UTC",Soyuz U | Cosmos 1986,Retired,20.0,Success
3689,RVSN USSR,"Site 43/3, Plesetsk Cosmodrome, Russia","Wed Dec 28, 1988 05:27 UTC",Molniya-M/Block ML | Molniya-1 n°136,Retired,,Success
3690,RVSN USSR,"Site 1/5, Baikonur Cosmodrome, Kazakhstan","Sun Dec 25, 1988 04:11 UTC",Soyuz U2 | Progress 39,Retired,40.0,Success
3691,RVSN USSR,"Site 32/1, Plesetsk Cosmodrome, Russia","Fri Dec 23, 1988 07:20 UTC",Tsyklon-3 | Cosmos 1985,Retired,,Success
3692,RVSN USSR,"Site 43/3, Plesetsk Cosmodrome, Russia","Thu Dec 22, 1988 14:15 UTC",Molniya-M/Block ML | Molniya-3 n°135,Retired,,Success
3693,MASI,"LC-3, Xichang Satellite Launch Center, China","Thu Dec 22, 1988 12:40 UTC",Long March 3 | DFH-2A 03,Retired,,Success
3694,RVSN USSR,"Site 16/2, Plesetsk Cosmodrome, Russia","Fri Dec 16, 1988 18:59 UTC",Soyuz U | Cosmos 1984,Retired,20.0,Success
3695,Arianespace,"ELA-2, Guiana Space Centre, French Guiana, France","Sun Dec 11, 1988 00:33 UTC",Ariane 44LP | Skynet 4B & Astra 1A,Retired,,Success
3696,RVSN USSR,"Site 200/40, Baikonur Cosmodrome, Kazakhstan","Sat Dec 10, 1988 11:54 UTC",Proton K/Block-DM-2 | Ekran-M 2,Retired,,Success
3697,RVSN USSR,"Site 43/3, Plesetsk Cosmodrome, Russia","Thu Dec 08, 1988 14:50 UTC",Soyuz U | Cosmos 1983,Retired,20.0,Success
3698,NASA,"LC-39B, Kennedy Space Center, Florida, USA","Fri Dec 02, 1988 14:30 UTC",Space Shuttle Atlantis | STS-27R,Retired,450.0,Success
3699,RVSN USSR,"Site 1/5, Baikonur Cosmodrome, Kazakhstan","Wed Nov 30, 1988 09:00 UTC",Soyuz U | Cosmos 1982,Retired,20.0,Success
3700,RVSN USSR,"Site 1/5, Baikonur Cosmodrome, Kazakhstan","Sat Nov 26, 1988 15:49 UTC",Soyuz U2 | Soyuz TM-7,Retired,40.0,Success
3701,RVSN USSR,"Site 41/1, Plesetsk Cosmodrome, Russia","Thu Nov 24, 1988 14:49 UTC",Soyuz U | Cosmos 1981,Retired,20.0,Success
3702,RVSN USSR,"Site 45/1, Baikonur Cosmodrome, Kazakhstan","Wed Nov 23, 1988 14:50 UTC",Zenit-2 | Cosmos 1980,Retired,,Success
3703,RVSN USSR,"Site 90/19, Baikonur Cosmodrome, Kazakhstan","Fri Nov 18, 1988 00:12 UTC",Tsyklon-2 | Cosmos 1979,Retired,,Success
3704,RVSN USSR,"Site 110/37, Baikonur Cosmodrome, Kazakhstan","Tue Nov 15, 1988 03:00 UTC",Energiya/Buran | Buran,Retired,,Success
3705,RVSN USSR,"Site 1/5, Baikonur Cosmodrome, Kazakhstan","Fri Nov 11, 1988 10:30 UTC",Soyuz U | Yantar-4KS1 n°104,Retired,20.0,Failure
3706,Martin Marietta,"SLC-4E, Vandenberg SFB, California, USA","Sun Nov 06, 1988 18:03 UTC",Titan 34D | KH-11 9 (Crystal 9) (USA-33),Retired,,Success
3707,Arianespace,"ELA-1, Guiana Space Centre, French Guiana, France","Fri Oct 28, 1988 02:17 UTC",Ariane 2 | TDF-1,Retired,,Success
3708,RVSN USSR,"Site 16/2, Plesetsk Cosmodrome, Russia","Thu Oct 27, 1988 11:31 UTC",Soyuz U | Cosmos 1978,Retired,20.0,Success
3709,RVSN USSR,"Site 41/1, Plesetsk Cosmodrome, Russia","Tue Oct 25, 1988 18:02 UTC",Molniya-M/Block 2BL | Cosmos 1977,Retired,,Success
3710,RVSN USSR,"Site 200/39, Baikonur Cosmodrome, Kazakhstan","Thu Oct 20, 1988 15:43 UTC",Proton K/Block-DM-2 | Raduga 22,Retired,,Success
3711,RVSN USSR,"Site 16/2, Plesetsk Cosmodrome, Russia","Thu Oct 13, 1988 11:19 UTC",Soyuz U | Cosmos 1976,Retired,20.0,Success
3712,RVSN USSR,"Site 32/1, Plesetsk Cosmodrome, Russia","Tue Oct 11, 1988 08:01 UTC",Tsyklon-3 | Cosmos 1975,Retired,,Success
3713,RVSN USSR,"Site 41/1, Plesetsk Cosmodrome, Russia","Mon Oct 03, 1988 22:23 UTC",Molniya-M/Block 2BL | Cosmos 1974,Retired,,Success
3714,NASA,"LC-39A, Kennedy Space Center, Florida, USA","Thu Sep 29, 1988 15:37 UTC",Space Shuttle Discovery | STS-26R,Retired,450.0,Success
3715,RVSN USSR,"Site 41/1, Plesetsk Cosmodrome, Russia","Thu Sep 29, 1988 09:07 UTC",Molniya-M/Block ML | Molniya-3 n°134,Retired,,Success
3716,General Dynamics,"SLC-3W, Vandenberg SFB, California, USA","Sat Sep 24, 1988 10:02 UTC",Atlas-E/F Star-37S-ISS | NOAA-H,Retired,,Success
3717,RVSN USSR,"Site 16/2, Plesetsk Cosmodrome, Russia","Thu Sep 22, 1988 10:20 UTC",Soyuz U | Cosmos 1973,Retired,20.0,Success
3718,IAI,"Pad 1, Palmachim Airbase, Israel","Mon Sep 19, 1988 09:31 UTC",Shavit | Ofek-1,Retired,,Success
3719,MHI,"LA-Y1, Tanegashima Space Center, Japan","Fri Sep 16, 1988 09:59 UTC",H-I UM-129A (9SO) | Sakura 3B,Retired,,Success
3720,RVSN USSR,"Site 200/39, Baikonur Cosmodrome, Kazakhstan","Fri Sep 16, 1988 02:00 UTC","Proton K/Block-DM-2 | Cosmos 1970, 1971 & 1972",Retired,,Success
3721,RVSN USSR,"Site 41/1, Plesetsk Cosmodrome, Russia","Thu Sep 15, 1988 14:59 UTC",Soyuz U | Cosmos 1969,Retired,20.0,Success
3722,RVSN USSR,"Site 1/5, Baikonur Cosmodrome, Kazakhstan","Fri Sep 09, 1988 23:33 UTC",Soyuz U2 | Progress 38,Retired,40.0,Success
3723,RVSN USSR,"Site 41/1, Plesetsk Cosmodrome, Russia","Fri Sep 09, 1988 10:39 UTC",Soyuz U | Cosmos 1968,Retired,20.0,Success
3724,Arianespace,"ELA-2, Guiana Space Centre, French Guiana, France","Thu Sep 08, 1988 23:00 UTC","Ariane 3 | GStar 5, SBS 5",Retired,,Success
3725,MASI,"LC-7, Taiyuan Satellite Launch Center, China","Tue Sep 06, 1988 20:30 UTC",Long March 4A | Fengyun 1A,Retired,,Success
3726,RVSN USSR,"Site 16/2, Plesetsk Cosmodrome, Russia","Tue Sep 06, 1988 07:30 UTC",Soyuz U | Cosmos 1967,Retired,20.0,Success
3727,Martin Marietta,"SLC-4W, Vandenberg SFB, California, USA","Mon Sep 05, 1988 09:25 UTC",Titan II(23)G | Farrah 3 (USA-32),Retired,35.0,Success
3728,Martin Marietta,"SLC-40, Cape Canaveral SFS, Florida, USA","Fri Sep 02, 1988 12:05 UTC",Titan 34D | Vortex 12 (USA-31),Retired,,Partial Failure
3729,RVSN USSR,"Site 16/2, Plesetsk Cosmodrome, Russia","Tue Aug 30, 1988 14:14 UTC",Molniya-M/Block 2BL | Cosmos 1966,Retired,,Success
3730,RVSN USSR,"Site 1/5, Baikonur Cosmodrome, Kazakhstan","Mon Aug 29, 1988 04:23 UTC",Soyuz U2 | Soyuz TM-6,Retired,40.0,Success
3731,US Air Force,"SLC-5, Vandenberg SFB, California, USA","Thu Aug 25, 1988 06:59 UTC",Scout G1 | Transit-O 25 & 31,Retired,,Success
3732,RVSN USSR,"Site 41/1, Plesetsk Cosmodrome, Russia","Tue Aug 23, 1988 11:14 UTC",Soyuz U | Cosmos 1965,Retired,20.0,Success
3733,RVSN USSR,"Site 1/5, Baikonur Cosmodrome, Kazakhstan","Tue Aug 23, 1988 09:20 UTC",Soyuz U | Cosmos 1964,Retired,20.0,Success
3734,RVSN USSR,"Site 200/40, Baikonur Cosmodrome, Kazakhstan","Thu Aug 18, 1988 19:52 UTC",Proton K/Block-DM-2 | Gorizont 16,Retired,,Success
3735,RVSN USSR,"Site 1/5, Baikonur Cosmodrome, Kazakhstan","Tue Aug 16, 1988 13:00 UTC",Soyuz U | Cosmos 1963,Retired,20.0,Success
3736,RVSN USSR,"Site 41/1, Plesetsk Cosmodrome, Russia","Fri Aug 12, 1988 12:53 UTC",Molniya-M/Block ML | Molniya-1 n°133,Retired,,Success
3737,RVSN USSR,"Site 1/5, Baikonur Cosmodrome, Kazakhstan","Mon Aug 08, 1988 09:25 UTC",Soyuz U | Cosmos 1962,Retired,20.0,Success
3738,MASI,"Site 138 (LA-2B), Jiuquan Satellite Launch Center, China","Fri Aug 05, 1988 07:28 UTC",Long March 2C | FSW-1 2,Active,30.8,Success
3739,RVSN USSR,"Site 200/39, Baikonur Cosmodrome, Kazakhstan","Mon Aug 01, 1988 21:04 UTC",Proton K/Block-DM-2 | Cosmos 1961,Retired,,Success
3740,RVSN USSR,"Site 132/1, Plesetsk Cosmodrome, Russia","Thu Jul 28, 1988 11:20 UTC",Cosmos-3M | Cosmos 1960,Retired,,Success
3741,RVSN USSR,"Site 43/4, Plesetsk Cosmodrome, Russia","Wed Jul 27, 1988 09:04 UTC",Soyuz U | Resurs-F1 n°39,Retired,20.0,Failure
3742,RVSN USSR,"Site 32/2, Plesetsk Cosmodrome, Russia","Tue Jul 26, 1988 05:01 UTC",Tsyklon-3 | Meteor-3 n°02,Retired,,Success
3743,Arianespace,"ELA-1, Guiana Space Centre, French Guiana, France","Thu Jul 21, 1988 23:12 UTC","Ariane 3 | INSAT-1C, Eutelsat-1 F5",Retired,,Success
3744,RVSN USSR,"Site 133/3, Plesetsk Cosmodrome, Russia","Mon Jul 18, 1988 22:28 UTC",Cosmos-3M | Cosmos 1959,Retired,,Success
3745,RVSN USSR,"Site 1/5, Baikonur Cosmodrome, Kazakhstan","Mon Jul 18, 1988 21:13 UTC",Soyuz U2 | Progress 37,Retired,40.0,Success
3746,RVSN USSR,"Site 132/1, Plesetsk Cosmodrome, Russia","Thu Jul 14, 1988 11:40 UTC",Cosmos-3M | Cosmos 1958,Retired,,Success
3747,ISRO,"SLV LP, Satish Dhawan Space Centre, India","Wed Jul 13, 1988 09:18 UTC",ASLV | SROSS-B,Retired,,Failure
3748,RVSN USSR,"Site 200/40, Baikonur Cosmodrome, Kazakhstan","Tue Jul 12, 1988 17:01 UTC",Proton-K/Block D-2 | Fobos 2,Retired,,Success
3749,RVSN USSR,"Site 1/5, Baikonur Cosmodrome, Kazakhstan","Sat Jul 09, 1988 13:25 UTC",Soyuz U | Yantar-4KS1 n°100,Retired,20.0,Failure
3750,RVSN USSR,"Site 200/39, Baikonur Cosmodrome, Kazakhstan","Thu Jul 07, 1988 17:38 UTC",Proton-K/Block D-2 | Fobos 1,Retired,,Success
3751,RVSN USSR,"Site 16/2, Plesetsk Cosmodrome, Russia","Thu Jul 07, 1988 08:05 UTC",Soyuz U | Cosmos 1957,Retired,20.0,Success
3752,RVSN USSR,"Site 32/1, Plesetsk Cosmodrome, Russia","Tue Jul 05, 1988 09:45 UTC",Tsyklon-3 | Okean 1,Retired,,Success
3753,RVSN USSR,"Site 41/1, Plesetsk Cosmodrome, Russia","Thu Jun 23, 1988 07:44 UTC",Soyuz U | Cosmos 1956,Retired,20.0,Success
3754,RVSN USSR,"Site 86/1, Kapustin Yar, Russia","Wed Jun 22, 1988",K65M-RB5 | BOR-5 n°505,Retired,,Success
3755,RVSN USSR,"Site 1/5, Baikonur Cosmodrome, Kazakhstan","Wed Jun 22, 1988 13:00 UTC",Soyuz U | Cosmos 1955,Retired,20.0,Success
3756,RVSN USSR,"Site 133/3, Plesetsk Cosmodrome, Russia","Tue Jun 21, 1988 16:26 UTC",Cosmos-3M | Cosmos 1954,Retired,,Success
3757,US Air Force,"SLC-5, Vandenberg SFB, California, USA","Thu Jun 16, 1988 06:54 UTC",Scout G1 | Nova,Retired,,Success
3758,ESA,"ELA-2, Guiana Space Centre, French Guiana, France","Wed Jun 15, 1988 11:19 UTC","Ariane 44LP | Météosat 3, Panamsat 1 & Amsat P3C",Retired,,Success
3759,RVSN USSR,"Site 32/2, Plesetsk Cosmodrome, Russia","Tue Jun 14, 1988 03:17 UTC",Tsyklon-3 | Cosmos 1953,Retired,,Success
3760,RVSN USSR,"Site 1/5, Baikonur Cosmodrome, Kazakhstan","Sat Jun 11, 1988 10:00 UTC",Soyuz U | Cosmos 1952,Retired,20.0,Success
3761,RVSN USSR,"Site 1/5, Baikonur Cosmodrome, Kazakhstan","Tue Jun 07, 1988 14:03 UTC",Soyuz U2 | Soyuz TM-5,Retired,40.0,Success
3762,RVSN USSR,"Site 41/1, Plesetsk Cosmodrome, Russia","Tue May 31, 1988 07:45 UTC",Soyuz U | Cosmos 1951,Retired,20.0,Success
3763,RVSN USSR,"Site 32/1, Plesetsk Cosmodrome, Russia","Mon May 30, 1988 07:59 UTC",Tsyklon-3 | Cosmos 1950,Retired,,Success
3764,RVSN USSR,"Site 90/19, Baikonur Cosmodrome, Kazakhstan","Sat May 28, 1988 02:49 UTC",Tsyklon-2 | Cosmos 1949,Retired,,Success
3765,RVSN USSR,"Site 43/4, Plesetsk Cosmodrome, Russia","Thu May 26, 1988 15:27 UTC",Molniya-M/Block ML | Molniya-3 n°132,Retired,,Success
3766,RVSN USSR,"Site 200/39, Baikonur Cosmodrome, Kazakhstan","Sat May 21, 1988 17:57 UTC","Proton K/Block-DM-2 | Cosmos 1946, 1947 & 1948",Retired,,Success
3767,RVSN USSR,"Site 31/6, Baikonur Cosmodrome, Kazakhstan","Thu May 19, 1988 09:15 UTC",Soyuz U | Cosmos 1945,Retired,20.0,Success
3768,RVSN USSR,"Site 1/5, Baikonur Cosmodrome, Kazakhstan","Wed May 18, 1988 10:30 UTC",Soyuz U | Cosmos 1944,Retired,20.0,Success
3769,Arianespace,"ELA-1, Guiana Space Centre, French Guiana, France","Tue May 17, 1988 23:58 UTC",Ariane 2 | Intelsat 3AF13,Retired,,Success
3770,RVSN USSR,"Site 45/1, Baikonur Cosmodrome, Kazakhstan","Sun May 15, 1988 09:20 UTC",Zenit-2 | Cosmos 1943,Retired,,Success
3771,RVSN USSR,"Site 1/5, Baikonur Cosmodrome, Kazakhstan","Fri May 13, 1988 00:30 UTC",Soyuz U2 | Progress 36,Retired,40.0,Success
3772,RVSN USSR,"Site 43/4, Plesetsk Cosmodrome, Russia","Thu May 12, 1988 14:39 UTC",Soyuz U | Cosmos 1942,Retired,20.0,Success
3773,RVSN USSR,"Site 200/40, Baikonur Cosmodrome, Kazakhstan","Fri May 06, 1988 02:47 UTC",Proton-K/Block-DM | Ekran 17,Retired,,Success
3774,RVSN USSR,"Site 31/6, Baikonur Cosmodrome, Kazakhstan","Wed Apr 27, 1988 09:10 UTC",Soyuz U | Cosmos 1941,Retired,20.0,Success
3775,RVSN USSR,"Site 200/39, Baikonur Cosmodrome, Kazakhstan","Tue Apr 26, 1988 03:15 UTC",Proton K/Block-DM-2 | Cosmos 1940,Retired,,Success
3776,US Air Force,"SLC-5, Vandenberg SFB, California, USA","Tue Apr 26, 1988 01:57 UTC",Scout G1 | Transit-O 23 & 32,Retired,,Success
3777,RVSN USSR,"Site 31/6, Baikonur Cosmodrome, Kazakhstan","Wed Apr 20, 1988 05:48 UTC",Vostok-2M | Cosmos 1939,Retired,,Success
3778,RVSN USSR,"Site 41/1, Plesetsk Cosmodrome, Russia","Thu Apr 14, 1988 16:59 UTC",Soyuz U | Foton 4,Retired,20.0,Success
3779,RVSN USSR,"Site 16/2, Plesetsk Cosmodrome, Russia","Mon Apr 11, 1988 11:14 UTC",Soyuz U | Cosmos 1938,Retired,20.0,Success
3780,RVSN USSR,"Site 133/3, Plesetsk Cosmodrome, Russia","Tue Apr 05, 1988 14:41 UTC",Cosmos-3M | Cosmos 1937,Retired,,Success
3781,RVSN USSR,"Site 200/40, Baikonur Cosmodrome, Kazakhstan","Thu Mar 31, 1988 04:18 UTC",Proton-K/Block-DM | Gorizont 15,Retired,,Success
3782,RVSN USSR,"Site 1/5, Baikonur Cosmodrome, Kazakhstan","Wed Mar 30, 1988 12:00 UTC",Soyuz U | Cosmos 1936,Retired,20.0,Success
3783,ASI,"SM Launch Tab, San Marco Launch Platform, Kenya","Fri Mar 25, 1988 19:50 UTC",Scout G1 | San Marco 5,Retired,,Success
3784,RVSN USSR,"Site 16/2, Plesetsk Cosmodrome, Russia","Thu Mar 24, 1988 14:09 UTC",Soyuz U | Cosmos 1935,Retired,20.0,Success
3785,RVSN USSR,"Site 1/5, Baikonur Cosmodrome, Kazakhstan","Wed Mar 23, 1988 21:05 UTC",Soyuz U2 | Progress 35,Retired,40.0,Success
3786,RVSN USSR,"Site 132/1, Plesetsk Cosmodrome, Russia","Tue Mar 22, 1988 14:07 UTC",Cosmos-3M | Cosmos 1934,Retired,,Success
3787,RVSN USSR,"Site 43/4, Plesetsk Cosmodrome, Russia","Thu Mar 17, 1988 20:55 UTC",Molniya-M/Block ML | Molniya-1 n°131,Retired,,Success
3788,RVSN USSR,"Site 31/6, Baikonur Cosmodrome, Kazakhstan","Thu Mar 17, 1988 06:43 UTC",Vostok-2M | IRS-1A,Retired,,Success
3789,RVSN USSR,"Site 32/2, Plesetsk Cosmodrome, Russia","Tue Mar 15, 1988 18:49 UTC",Tsyklon-3 | Cosmos 1933,Retired,,Success
3790,RVSN USSR,"Site 90/19, Baikonur Cosmodrome, Kazakhstan","Mon Mar 14, 1988 14:21 UTC",Tsyklon-2 | Cosmos 1932,Retired,,Success
3791,Arianespace,"ELA-1, Guiana Space Centre, French Guiana, France","Fri Mar 11, 1988 23:28 UTC","Ariane 3 | Spacenet 3R, Télécom 1C",Retired,,Success
3792,RVSN USSR,"Site 1/5, Baikonur Cosmodrome, Kazakhstan","Fri Mar 11, 1988 06:38 UTC",Molniya-M/Block ML | Molniya-1 n°130,Retired,,Success
3793,RVSN USSR,"Site 132/1, Plesetsk Cosmodrome, Russia","Fri Mar 11, 1988 00:18 UTC",Cosmos-3M | Cosmos 1924 to 1931,Retired,,Success
3794,RVSN USSR,"Site 43/4, Plesetsk Cosmodrome, Russia","Thu Mar 10, 1988 10:29 UTC",Soyuz U | Cosmos 1923,Retired,20.0,Success
3795,MASI,"LC-3, Xichang Satellite Launch Center, China","Mon Mar 07, 1988 12:41 UTC",Long March 3 | DFH-2A 02,Retired,,Success
3796,RVSN USSR,"Site 41/1, Plesetsk Cosmodrome, Russia","Fri Feb 26, 1988 09:31 UTC",Molniya-M/Block 2BL | Cosmos 1922,Retired,,Success
3797,MHI,"LA-Y1, Tanegashima Space Center, Japan","Fri Feb 19, 1988 10:05 UTC",H-I UM-129A (9SO) | Sakura 3A,Retired,,Success
3798,RVSN USSR,"Site 1/5, Baikonur Cosmodrome, Kazakhstan","Fri Feb 19, 1988 08:00 UTC",Soyuz U | Cosmos 1921,Retired,20.0,Success
3799,RVSN USSR,"Site 16/2, Plesetsk Cosmodrome, Russia","Thu Feb 18, 1988 09:49 UTC",Soyuz U | Cosmos 1920,Retired,20.0,Success
3800,RVSN USSR,"Site 200/39, Baikonur Cosmodrome, Kazakhstan","Wed Feb 17, 1988 00:23 UTC","Proton K/Block-DM-2 | Cosmos 1917, 1918 & 1919",Retired,,Failure
3801,US Air Force,"SLC-17B, Cape Canaveral SFS, Florida, USA","Mon Feb 08, 1988 22:07 UTC",Delta 3910 | Thrusted Vector Experiment (USA-30),Retired,,Success
3802,RVSN USSR,"Site 31/6, Baikonur Cosmodrome, Kazakhstan","Wed Feb 03, 1988 12:14 UTC",Soyuz U | Cosmos 1916,Retired,20.0,Success
3803,General Dynamics,"SLC-3W, Vandenberg SFB, California, USA","Wed Feb 03, 1988 05:53 UTC",Atlas-E/F Star-37S-ISS | DMSP-5D2 F9 (USA-29),Retired,,Success
3804,RVSN USSR,"Site 32/1, Plesetsk Cosmodrome, Russia","Sat Jan 30, 1988 10:59 UTC",Tsyklon-3 | Meteor-2 n°17,Retired,,Success
3805,RVSN USSR,"Site 1/5, Baikonur Cosmodrome, Kazakhstan","Tue Jan 26, 1988 11:19 UTC",Soyuz U | Cosmos 1915,Retired,20.0,Success
3806,RVSN USSR,"Site 1/5, Baikonur Cosmodrome, Kazakhstan","Wed Jan 20, 1988 22:51 UTC",Soyuz U2 | Progress 34,Retired,40.0,Success
3807,RVSN USSR,"Site 200/40, Baikonur Cosmodrome, Kazakhstan","Mon Jan 18, 1988 09:58 UTC",Proton K/Block-DM-2 | Gorizont n°25L,Retired,,Failure
3808,RVSN USSR,"Site 32/1, Plesetsk Cosmodrome, Russia","Fri Jan 15, 1988 03:49 UTC",Tsyklon-3 | Cosmos 1909 to 1914,Retired,,Success
3809,RVSN USSR,"Site 32/2, Plesetsk Cosmodrome, Russia","Wed Jan 06, 1988 07:40 UTC",Tsyklon-3 | Cosmos 1908,Retired,,Success
3810,RVSN USSR,"Site 43/4, Plesetsk Cosmodrome, Russia","Tue Dec 29, 1987 11:40 UTC",Soyuz U | Cosmos 1907,Retired,20.0,Success
3811,RVSN USSR,"Site 200/39, Baikonur Cosmodrome, Kazakhstan","Sun Dec 27, 1987 11:25 UTC",Proton K/Block-DM-2 | Ekran-M 1,Retired,,Success
3812,RVSN USSR,"Site 16/2, Plesetsk Cosmodrome, Russia","Sat Dec 26, 1987 11:30 UTC",Soyuz U | Cosmos 1906,Retired,20.0,Success
3813,RVSN USSR,"Site 31/6, Baikonur Cosmodrome, Kazakhstan","Fri Dec 25, 1987 08:44 UTC",Soyuz U | Cosmos 1905,Retired,20.0,Success
3814,RVSN USSR,"Site 133/3, Plesetsk Cosmodrome, Russia","Wed Dec 23, 1987 20:22 UTC",Cosmos-3M | Cosmos 1904,Retired,,Success
3815,RVSN USSR,"Site 41/1, Plesetsk Cosmodrome, Russia","Mon Dec 21, 1987 22:35 UTC",Molniya-M/Block 2BL | Cosmos 1903,Retired,,Success
3816,RVSN USSR,"Site 1/5, Baikonur Cosmodrome, Kazakhstan","Mon Dec 21, 1987 11:18 UTC",Soyuz U2 | Soyuz TM-4,Retired,40.0,Success
3817,RVSN USSR,"Site 86/1, Kapustin Yar, Russia","Sun Dec 20, 1987",K65M-RB5 | BOR-4 n°407,Retired,,Success
3818,RVSN USSR,"Site 133/3, Plesetsk Cosmodrome, Russia","Tue Dec 15, 1987 13:30 UTC",Cosmos-3M | Cosmos 1902,Retired,,Success
3819,RVSN USSR,"Site 31/6, Baikonur Cosmodrome, Kazakhstan","Mon Dec 14, 1987 11:29 UTC",Soyuz U | Cosmos 1901,Retired,20.0,Success
3820,RVSN USSR,"Site 90/20, Baikonur Cosmodrome, Kazakhstan","Sat Dec 12, 1987 05:40 UTC",Tsyklon-2 | Cosmos 1900,Retired,,Success
3821,RVSN USSR,"Site 200/40, Baikonur Cosmodrome, Kazakhstan","Thu Dec 10, 1987 11:30 UTC",Proton K/Block-DM-2 | Raduga 21,Retired,,Success
3822,RVSN USSR,"Site 31/6, Baikonur Cosmodrome, Kazakhstan","Mon Dec 07, 1987 08:50 UTC",Soyuz U | Cosmos 1899,Retired,20.0,Success
3823,RVSN USSR,"Site 132/1, Plesetsk Cosmodrome, Russia","Tue Dec 01, 1987 14:15 UTC",Cosmos-3M | Cosmos 1898,Retired,,Success
3824,Martin Marietta,"SLC-40, Cape Canaveral SFS, Florida, USA","Sun Nov 29, 1987 03:27 UTC",Titan 34D | DSP-13 (USA-28),Retired,,Success
3825,RVSN USSR,"Site 200/39, Baikonur Cosmodrome, Kazakhstan","Thu Nov 26, 1987 13:28 UTC",Proton K/Block-DM-2 | Cosmos 1897,Retired,,Success
3826,Arianespace,"ELA-2, Guiana Space Centre, French Guiana, France","Sat Nov 21, 1987 02:19 UTC",Ariane 2 | TVSAT-1,Retired,,Success
3827,RVSN USSR,"Site 1/5, Baikonur Cosmodrome, Kazakhstan","Fri Nov 20, 1987 23:47 UTC",Soyuz U2 | Progress 33,Retired,40.0,Success
3828,RVSN USSR,"Site 1/5, Baikonur Cosmodrome, Kazakhstan","Sat Nov 14, 1987 09:29 UTC",Soyuz U | Cosmos 1896,Retired,20.0,Success
3829,RVSN USSR,"Site 31/6, Baikonur Cosmodrome, Kazakhstan","Wed Nov 11, 1987 09:04 UTC",Soyuz U | Cosmos 1895,Retired,20.0,Success
3830,RVSN USSR,"Site 200/40, Baikonur Cosmodrome, Kazakhstan","Wed Oct 28, 1987 15:15 UTC",Proton K/Block-DM-2 | Cosmos 1894,Retired,,Success
3831,Martin Marietta,"SLC-4E, Vandenberg SFB, California, USA","Mon Oct 26, 1987 21:32 UTC","Titan 34D | KH-11 8 (Crystal 8, USA-27)",Retired,,Success
3832,RVSN USSR,"Site 16/2, Plesetsk Cosmodrome, Russia","Thu Oct 22, 1987 14:24 UTC",Soyuz U | Cosmos 1893,Retired,20.0,Success
3833,RVSN USSR,"Site 32/1, Plesetsk Cosmodrome, Russia","Tue Oct 20, 1987 09:08 UTC",Tsyklon-3 | Cosmos 1892,Retired,,Success
3834,RVSN USSR,"Site 133/3, Plesetsk Cosmodrome, Russia","Wed Oct 14, 1987 12:35 UTC",Cosmos-3M | Cosmos 1891,Retired,,Success
3835,RVSN USSR,"Site 90/19, Baikonur Cosmodrome, Kazakhstan","Sat Oct 10, 1987 21:48 UTC",Tsyklon-2 | Cosmos 1890,Retired,,Success
3836,RVSN USSR,"Site 1/5, Baikonur Cosmodrome, Kazakhstan","Fri Oct 09, 1987 08:30 UTC",Soyuz U | Cosmos 1889,Retired,20.0,Success
3837,RVSN USSR,"Site 200/39, Baikonur Cosmodrome, Kazakhstan","Thu Oct 01, 1987 17:09 UTC",Proton K/Block-DM-2 | Cosmos 1888,Retired,,Success
3838,RVSN USSR,"Site 41/1, Plesetsk Cosmodrome, Russia","Tue Sep 29, 1987 12:49 UTC",Soyuz U | Cosmos 1887,Retired,20.0,Success
3839,RVSN USSR,"Site 1/5, Baikonur Cosmodrome, Kazakhstan","Wed Sep 23, 1987 23:43 UTC",Soyuz U2 | Progress 32,Retired,40.0,Success
3840,RVSN USSR,"Site 41/1, Plesetsk Cosmodrome, Russia","Thu Sep 17, 1987 14:59 UTC",Soyuz U | Cosmos 1886,Retired,20.0,Success
3841,US Air Force,"SLC-5, Vandenberg SFB, California, USA","Wed Sep 16, 1987 19:22 UTC",Scout G1 | Transit-O 27 & 29,Retired,,Success
3842,RVSN USSR,"Site 200/40, Baikonur Cosmodrome, Kazakhstan","Wed Sep 16, 1987 02:53 UTC","Proton K/Block-DM-2 | Cosmos 1883, 1884 & 1885",Retired,,Success
3843,Arianespace,"ELA-1, Guiana Space Centre, French Guiana, France","Wed Sep 16, 1987 00:45 UTC","Ariane 3 | Aussat-A3, Eutelsat 1-F4",Retired,,Success
3844,RVSN USSR,"Site 43/4, Plesetsk Cosmodrome, Russia","Tue Sep 15, 1987 10:29 UTC",Soyuz U | Cosmos 1882,Retired,20.0,Success
3845,RVSN USSR,"Site 1/5, Baikonur Cosmodrome, Kazakhstan","Fri Sep 11, 1987 02:06 UTC",Soyuz U | Cosmos 1881,Retired,20.0,Success
3846,MASI,"Site 138 (LA-2B), Jiuquan Satellite Launch Center, China","Wed Sep 09, 1987 07:15 UTC",Long March 2C | FSW-1 1,Active,30.8,Success
3847,RVSN USSR,"Site 32/1, Plesetsk Cosmodrome, Russia","Mon Sep 07, 1987 23:50 UTC",Tsyklon-3 | Cosmos 1875 to 1880,Retired,,Success
3848,RVSN USSR,"Site 200/39, Baikonur Cosmodrome, Kazakhstan","Thu Sep 03, 1987 19:26 UTC",Proton-K/Block-DM | Ekran 16,Retired,,Success
3849,RVSN USSR,"Site 43/4, Plesetsk Cosmodrome, Russia","Thu Sep 03, 1987 10:24 UTC",Soyuz U | Cosmos 1874,Retired,20.0,Success
3850,RVSN USSR,"Site 45/1, Baikonur Cosmodrome, Kazakhstan","Fri Aug 28, 1987 08:20 UTC",Zenit-2 | Cosmos 1873,Retired,,Success
3851,RVSN USSR,"Site 86/1, Kapustin Yar, Russia","Thu Aug 27, 1987",K65M-RB5 | BOR-5 n°504,Retired,,Success
3852,MHI,"LA-Y1, Tanegashima Space Center, Japan","Thu Aug 27, 1987 09:20 UTC",H-I UM-129A (9SO) | Kiku 5,Retired,,Success
3853,RVSN USSR,"Site 43/4, Plesetsk Cosmodrome, Russia","Wed Aug 19, 1987 06:59 UTC",Soyuz U | Cosmos 1872,Retired,20.0,Success
3854,RVSN USSR,"Site 32/1, Plesetsk Cosmodrome, Russia","Tue Aug 18, 1987 02:26 UTC",Tsyklon-3 | Meteor-2 n°16,Retired,,Success
3855,MASI,"Site 138 (LA-2B), Jiuquan Satellite Launch Center, China","Wed Aug 05, 1987 06:39 UTC",Long March 2C | FSW-0 9,Active,30.8,Success
3856,RVSN USSR,"Site 1/5, Baikonur Cosmodrome, Kazakhstan","Mon Aug 03, 1987 20:44 UTC",Soyuz U2 | Progress 31,Retired,40.0,Success
3857,RVSN USSR,"Site 45/1, Baikonur Cosmodrome, Kazakhstan","Sat Aug 01, 1987 03:59 UTC",Zenit-2 | Cosmos 1871,Retired,,Success
3858,RVSN USSR,"Site 200/40, Baikonur Cosmodrome, Kazakhstan","Sat Jul 25, 1987 09:00 UTC",Proton-K | Cosmos 1870,Retired,,Success
3859,RVSN USSR,"Site 1/5, Baikonur Cosmodrome, Kazakhstan","Wed Jul 22, 1987 01:59 UTC",Soyuz U2 | Soyuz TM-3,Retired,40.0,Success
3860,RVSN USSR,"Site 32/2, Plesetsk Cosmodrome, Russia","Thu Jul 16, 1987 04:25 UTC",Tsyklon-3 | Cosmos 1869,Retired,,Success
3861,RVSN USSR,"Site 132/2, Plesetsk Cosmodrome, Russia","Tue Jul 14, 1987 14:00 UTC",Cosmos-3M | Cosmos 1868,Retired,,Success
3862,RVSN USSR,"Site 90/20, Baikonur Cosmodrome, Kazakhstan","Fri Jul 10, 1987 15:35 UTC",Tsyklon-2 | Cosmos 1867,Retired,,Success
3863,RVSN USSR,"Site 16/2, Plesetsk Cosmodrome, Russia","Thu Jul 09, 1987 16:09 UTC",Soyuz U | Cosmos 1866,Retired,20.0,Success
3864,RVSN USSR,"Site 1/5, Baikonur Cosmodrome, Kazakhstan","Wed Jul 08, 1987 10:59 UTC",Soyuz U | Cosmos 1865,Retired,20.0,Success
3865,RVSN USSR,"Site 132/2, Plesetsk Cosmodrome, Russia","Mon Jul 06, 1987 21:59 UTC",Cosmos-3M | Cosmos 1864,Retired,,Success
3866,RVSN USSR,"Site 41/1, Plesetsk Cosmodrome, Russia","Sat Jul 04, 1987 12:25 UTC",Soyuz U | Cosmos 1863,Retired,20.0,Success
3867,RVSN USSR,"Site 32/2, Plesetsk Cosmodrome, Russia","Wed Jul 01, 1987 19:35 UTC",Tsyklon-3 | Cosmos 1862,Retired,,Success
3868,RVSN USSR,"Site 132/1, Plesetsk Cosmodrome, Russia","Tue Jun 23, 1987 07:37 UTC",Cosmos-3M | Cosmos 1861,Retired,,Success
3869,General Dynamics,"SLC-3W, Vandenberg SFB, California, USA","Sat Jun 20, 1987 02:34 UTC",Atlas-E/F Star-37S-ISS | DMSP-5D2 F8 (USA-26),Retired,,Success
3870,RVSN USSR,"Site 90/19, Baikonur Cosmodrome, Kazakhstan","Thu Jun 18, 1987 21:33 UTC",Tsyklon-2 | Cosmos 1860,Retired,,Success
3871,RVSN USSR,"Site 43/3, Plesetsk Cosmodrome, Russia","Thu Jun 18, 1987 07:24 UTC",Soyuz U | Resurs-F1 n°33,Retired,20.0,Failure
3872,RVSN USSR,"Site 132/1, Plesetsk Cosmodrome, Russia","Tue Jun 16, 1987 17:51 UTC",Cosmos-3M | Cosmos 1852 to 1859,Retired,,Success
3873,RVSN USSR,"Site 43/4, Plesetsk Cosmodrome, Russia","Fri Jun 12, 1987 07:40 UTC",Molniya-M/Block 2BL | Cosmos 1851,Retired,,Success
3874,RVSN USSR,"Site 132/1, Plesetsk Cosmodrome, Russia","Tue Jun 09, 1987 14:45 UTC",Cosmos-3M | Cosmos 1850,Retired,,Success
3875,RVSN USSR,"Site 16/2, Plesetsk Cosmodrome, Russia","Thu Jun 04, 1987 18:50 UTC",Molniya-M/Block 2BL | Cosmos 1849,Retired,,Success
3876,RVSN USSR,"Site 43/4, Plesetsk Cosmodrome, Russia","Thu May 28, 1987 12:44 UTC",Soyuz U | Cosmos 1848,Retired,20.0,Success
3877,RVSN USSR,"Site 16/2, Plesetsk Cosmodrome, Russia","Tue May 26, 1987 13:39 UTC",Soyuz U | Cosmos 1847,Retired,20.0,Success
3878,RVSN USSR,"Site 43/4, Plesetsk Cosmodrome, Russia","Thu May 21, 1987 07:44 UTC",Soyuz U | Cosmos 1846,Retired,20.0,Success
3879,RVSN USSR,"Site 1/5, Baikonur Cosmodrome, Kazakhstan","Tue May 19, 1987 04:02 UTC",Soyuz U2 | Progress 30,Retired,40.0,Success
3880,RVSN USSR,"Site 250, Baikonur Cosmodrome, Kazakhstan","Fri May 15, 1987 17:30 UTC",Energiya/Polyus | Polyus,Retired,,Success
3881,General Dynamics,"SLC-3E, Vandenberg SFB, California, USA","Fri May 15, 1987 15:45 UTC","Atlas-H MSD | MSD 9, NOSS-9A to 9C & LIPS 3 (USA-22 to USA-25)",Retired,,Success
3882,RVSN USSR,"Site 31/6, Baikonur Cosmodrome, Kazakhstan","Wed May 13, 1987 06:00 UTC",Soyuz U | Cosmos 1845,Retired,20.0,Success
3883,RVSN USSR,"Site 45/1, Baikonur Cosmodrome, Kazakhstan","Wed May 13, 1987 05:40 UTC",Zenit-2 | Cosmos 1844,Retired,,Success
3884,RVSN USSR,"Site 200/39, Baikonur Cosmodrome, Kazakhstan","Mon May 11, 1987 14:45 UTC",Proton-K/Block-DM | Gorizont 14,Retired,,Success
3885,RVSN USSR,"Site 31/6, Baikonur Cosmodrome, Kazakhstan","Tue May 05, 1987 09:15 UTC",Soyuz U | Cosmos 1843,Retired,20.0,Success
3886,RVSN USSR,"Site 32/2, Plesetsk Cosmodrome, Russia","Mon Apr 27, 1987 00:00 UTC",Tsyklon-3 | Cosmos 1842,Retired,,Success
3887,RVSN USSR,"Site 41/1, Plesetsk Cosmodrome, Russia","Fri Apr 24, 1987 16:59 UTC",Soyuz U | Cosmos 1841,Retired,20.0,Success
3888,RVSN USSR,"Site 200/40, Baikonur Cosmodrome, Kazakhstan","Fri Apr 24, 1987 12:42 UTC","Proton K/Block-DM-2 | Cosmos 1838, 1839 & 1840",Retired,,Failure
3889,RVSN USSR,"Site 43/3, Plesetsk Cosmodrome, Russia","Wed Apr 22, 1987 09:10 UTC",Soyuz U | Cosmos 1837,Retired,20.0,Success
3890,RVSN USSR,"Site 1/5, Baikonur Cosmodrome, Kazakhstan","Tue Apr 21, 1987 15:14 UTC",Soyuz U2 | Progress 29,Retired,40.0,Success
3891,RVSN USSR,"Site 1/5, Baikonur Cosmodrome, Kazakhstan","Thu Apr 16, 1987 06:18 UTC",Soyuz U | Cosmos 1836,Retired,20.0,Success
3892,RVSN USSR,"Site 1/5, Baikonur Cosmodrome, Kazakhstan","Thu Apr 09, 1987 11:44 UTC",Soyuz U | Cosmos 1835,Retired,20.0,Success
3893,RVSN USSR,"Site 90/19, Baikonur Cosmodrome, Kazakhstan","Wed Apr 08, 1987 03:51 UTC",Tsyklon-2 | Cosmos 1834,Retired,,Success
3894,RVSN USSR,"Site 200/39, Baikonur Cosmodrome, Kazakhstan","Tue Mar 31, 1987 00:06 UTC",Proton-K | Kvant-1,Retired,,Success
3895,General Dynamics,"SLC-36B, Cape Canaveral SFS, Florida, USA","Thu Mar 26, 1987 21:22 UTC",Atlas-G Centaur-D1AR | FLTSATCOM-6,Retired,,Failure
3896,ISRO,"SLV LP, Satish Dhawan Space Centre, India","Tue Mar 24, 1987 06:39 UTC",ASLV | SROSS-A,Retired,,Failure
3897,US Air Force,"SLC-17B, Cape Canaveral SFS, Florida, USA","Fri Mar 20, 1987 22:22 UTC",Delta 3920 | Palapa B2P,Retired,,Success
3898,RVSN USSR,"Site 200/40, Baikonur Cosmodrome, Kazakhstan","Thu Mar 19, 1987 03:54 UTC",Proton-K/Block-DM | Raduga 20,Retired,,Success
3899,RVSN USSR,"Site 45/1, Baikonur Cosmodrome, Kazakhstan","Wed Mar 18, 1987 08:30 UTC",Zenit-2 | Cosmos 1833,Retired,,Success
3900,RVSN USSR,"Site 32/2, Plesetsk Cosmodrome, Russia","Fri Mar 13, 1987 13:11 UTC",Tsyklon-3 | Cosmos 1827 to 1832,Retired,,Success
3901,RVSN USSR,"Site 16/2, Plesetsk Cosmodrome, Russia","Wed Mar 11, 1987 10:25 UTC",Soyuz U | Cosmos 1826,Retired,20.0,Success
3902,RVSN USSR,"Site 32/2, Plesetsk Cosmodrome, Russia","Tue Mar 03, 1987 15:02 UTC",Tsyklon-3 | Cosmos 1825,Retired,,Success
3903,RVSN USSR,"Site 1/5, Baikonur Cosmodrome, Kazakhstan","Tue Mar 03, 1987 11:14 UTC",Soyuz U2 | Progress 28,Retired,40.0,Success
3904,US Air Force,"SLC-17A, Cape Canaveral SFS, Florida, USA","Thu Feb 26, 1987 23:05 UTC",Delta 3914 | GOES-H,Retired,,Success
3905,RVSN USSR,"Site 41/1, Plesetsk Cosmodrome, Russia","Thu Feb 26, 1987 13:29 UTC",Soyuz U | Cosmos 1824,Retired,20.0,Success
3906,RVSN USSR,"Site 32/2, Plesetsk Cosmodrome, Russia","Fri Feb 20, 1987 04:43 UTC",Tsyklon-3 | Cosmos 1823,Retired,,Success
3907,RVSN USSR,"Site 16/2, Plesetsk Cosmodrome, Russia","Thu Feb 19, 1987 10:15 UTC",Soyuz U | Cosmos 1822,Retired,20.0,Success
3908,MHI,"LA-Y1, Tanegashima Space Center, Japan","Thu Feb 19, 1987 01:23 UTC",N-II | Momo 1a,Retired,,Success
3909,RVSN USSR,"Site 132/2, Plesetsk Cosmodrome, Russia","Wed Feb 18, 1987 13:53 UTC",Cosmos-3M | Cosmos 1821,Retired,,Success
3910,RVSN USSR,"Site 45/1, Baikonur Cosmodrome, Kazakhstan","Sat Feb 14, 1987 08:30 UTC",Zenit-2 | Cosmos 1820,Retired,,Success
3911,Martin Marietta,"SLC-4W, Vandenberg SFB, California, USA","Thu Feb 12, 1987 06:40 UTC",Titan III(34)B Agena-D | Quasar-7 (USA-21),Retired,,Success
3912,RVSN USSR,"Site 43/4, Plesetsk Cosmodrome, Russia","Sat Feb 07, 1987 10:30 UTC",Soyuz U | Cosmos 1819,Retired,20.0,Success
3913,RVSN USSR,"Site 1/5, Baikonur Cosmodrome, Kazakhstan","Thu Feb 05, 1987 21:38 UTC",Soyuz U2 | Soyuz TM-2,Retired,40.0,Success
3914,ISAS,"Mu Pad, Uchinoura Space Center, Japan","Thu Feb 05, 1987 06:30 UTC",Mu-III S2 | Ginga,Retired,,Success
3915,RVSN USSR,"Site 90/20, Baikonur Cosmodrome, Kazakhstan","Sun Feb 01, 1987 23:30 UTC",Tsyklon-2 | Cosmos 1818,Retired,,Success
3916,RVSN USSR,"Site 200/40, Baikonur Cosmodrome, Kazakhstan","Fri Jan 30, 1987 09:19 UTC",Proton K/Block-DM-2 | Cosmos 1817,Retired,,Failure
3917,RVSN USSR,"Site 132/2, Plesetsk Cosmodrome, Russia","Thu Jan 29, 1987 06:14 UTC",Cosmos-3M | Cosmos 1816,Retired,,Partial Failure
3918,RVSN USSR,"Site 41/1, Plesetsk Cosmodrome, Russia","Thu Jan 22, 1987 16:06 UTC",Molniya-M/Block ML | Molniya-3 n°129,Retired,,Success
3919,RVSN USSR,"Site 107/1, Kapustin Yar, Russia","Thu Jan 22, 1987 07:00 UTC",Cosmos-3M | Cosmos 1815,Retired,,Success
3920,RVSN USSR,"Site 132/2, Plesetsk Cosmodrome, Russia","Wed Jan 21, 1987 09:10 UTC",Cosmos-3M | Cosmos 1814,Retired,,Success
3921,RVSN USSR,"Site 1/5, Baikonur Cosmodrome, Kazakhstan","Fri Jan 16, 1987 06:06 UTC",Soyuz U2 | Progress 27,Retired,40.0,Success
3922,RVSN USSR,"Site 43/3, Plesetsk Cosmodrome, Russia","Thu Jan 15, 1987 11:20 UTC",Soyuz U | Cosmos 1813,Retired,20.0,Success
3923,RVSN USSR,"Site 32/2, Plesetsk Cosmodrome, Russia","Wed Jan 14, 1987 09:04 UTC",Tsyklon-3 | Cosmos 1812,Retired,,Success
3924,RVSN USSR,"Site 31/6, Baikonur Cosmodrome, Kazakhstan","Fri Jan 09, 1987 12:38 UTC",Soyuz U | Cosmos 1811,Retired,20.0,Success
3925,RVSN USSR,"Site 32/2, Plesetsk Cosmodrome, Russia","Mon Jan 05, 1987 01:19 UTC",Tsyklon-3 | Meteor-2 n°15,Retired,,Success
3926,RVSN USSR,"Site 43/3, Plesetsk Cosmodrome, Russia","Fri Dec 26, 1986 15:25 UTC",Molniya-M/Block ML | Molniya-1 n°128,Retired,,Success
3927,RVSN USSR,"Site 1/5, Baikonur Cosmodrome, Kazakhstan","Fri Dec 26, 1986 11:00 UTC",Soyuz U | Cosmos 1810,Retired,20.0,Success
3928,RVSN USSR,"Site 86/1, Kapustin Yar, Russia","Thu Dec 25, 1986 23:59 UTC",K65M-RB5 | BOR-5 n°503,Retired,,Success
3929,RVSN USSR,"Site 32/2, Plesetsk Cosmodrome, Russia","Thu Dec 18, 1986 08:00 UTC",Tsyklon-3 | Cosmos 1809,Retired,,Success
3930,RVSN USSR,"Site 132/1, Plesetsk Cosmodrome, Russia","Wed Dec 17, 1986 17:02 UTC",Cosmos-3M | Cosmos 1808,Retired,,Success
3931,RVSN USSR,"Site 41/1, Plesetsk Cosmodrome, Russia","Tue Dec 16, 1986 14:00 UTC",Soyuz U | Cosmos 1807,Retired,20.0,Success
3932,RVSN USSR,"Site 43/4, Plesetsk Cosmodrome, Russia","Fri Dec 12, 1986 18:35 UTC",Molniya-M/Block 2BL | Cosmos 1806,Retired,,Success
3933,RVSN USSR,"Site 32/2, Plesetsk Cosmodrome, Russia","Wed Dec 10, 1986 07:30 UTC",Tsyklon-3 | Cosmos 1805,Retired,,Success
3934,General Dynamics,"SLC-36B, Cape Canaveral SFS, Florida, USA","Fri Dec 05, 1986 02:30 UTC",Atlas-G Centaur-D1AR | FLTSATCOM-7 (USA-20),Retired,,Success
3935,RVSN USSR,"Site 1/5, Baikonur Cosmodrome, Kazakhstan","Thu Dec 04, 1986 10:10 UTC",Soyuz U | Cosmos 1804,Retired,20.0,Success
3936,RVSN USSR,"Site 32/1, Plesetsk Cosmodrome, Russia","Tue Dec 02, 1986 07:00 UTC",Tsyklon-3 | Cosmos 1803,Retired,,Success
3937,RVSN USSR,"Site 200/40, Baikonur Cosmodrome, Kazakhstan","Sat Nov 29, 1986 08:00 UTC",Proton-K | Almaz-T n°1,Retired,,Failure
3938,RVSN USSR,"Site 132/2, Plesetsk Cosmodrome, Russia","Mon Nov 24, 1986 21:43 UTC",Cosmos-3M | Cosmos 1802,Retired,,Success
3939,RVSN USSR,"Site 132/2, Plesetsk Cosmodrome, Russia","Fri Nov 21, 1986 02:00 UTC",Cosmos-3M | Cosmos 1794 to 1801,Retired,,Success
3940,RVSN USSR,"Site 16/2, Plesetsk Cosmodrome, Russia","Thu Nov 20, 1986 12:09 UTC",Molniya-M/Block 2BL | Cosmos 1793,Retired,,Success
3941,RVSN USSR,"Site 200/39, Baikonur Cosmodrome, Kazakhstan","Tue Nov 18, 1986 14:08 UTC",Proton-K/Block-DM | Gorizont 13,Retired,,Success
3942,RVSN USSR,"Site 41/1, Plesetsk Cosmodrome, Russia","Sat Nov 15, 1986 21:35 UTC",Molniya-M/Block ML | Molniya-1 n°127,Retired,,Success
3943,US Air Force,"SLC-5, Vandenberg SFB, California, USA","Fri Nov 14, 1986 00:23 UTC",Scout G1 | Polar Bear,Retired,,Success
3944,RVSN USSR,"Site 31/6, Baikonur Cosmodrome, Kazakhstan","Thu Nov 13, 1986 10:59 UTC",Soyuz U | Cosmos 1792,Retired,20.0,Success
3945,RVSN USSR,"Site 132/2, Plesetsk Cosmodrome, Russia","Thu Nov 13, 1986 06:10 UTC",Cosmos-3M | Cosmos 1791,Retired,,Success
3946,RVSN USSR,"Site 16/2, Plesetsk Cosmodrome, Russia","Tue Nov 04, 1986 11:50 UTC",Soyuz U | Cosmos 1790,Retired,20.0,Success
3947,RVSN USSR,"Site 16/2, Plesetsk Cosmodrome, Russia","Fri Oct 31, 1986 08:00 UTC",Soyuz U | Cosmos 1789,Retired,20.0,Success
3948,RVSN USSR,"Site 133/3, Plesetsk Cosmodrome, Russia","Mon Oct 27, 1986 12:40 UTC",Cosmos-3M | Cosmos 1788,Retired,,Success
3949,RVSN USSR,"Site 200/40, Baikonur Cosmodrome, Kazakhstan","Sat Oct 25, 1986 15:43 UTC",Proton-K/Block-DM | Raduga 19,Retired,,Success
3950,RVSN USSR,"Site 1/5, Baikonur Cosmodrome, Kazakhstan","Wed Oct 22, 1986 09:00 UTC",Soyuz U | Cosmos 1787,Retired,20.0,Success
3951,RVSN USSR,"Site 45/1, Baikonur Cosmodrome, Kazakhstan","Wed Oct 22, 1986 08:00 UTC",Zenit-2 | Cosmos 1786 & EPN 03.0694 n°3,Retired,,Partial Failure
3952,RVSN USSR,"Site 43/4, Plesetsk Cosmodrome, Russia","Mon Oct 20, 1986 08:49 UTC",Molniya-M/Block ML | Molniya-3 n°126,Retired,,Success
3953,RVSN USSR,"Site 41/1, Plesetsk Cosmodrome, Russia","Wed Oct 15, 1986 09:29 UTC",Molniya-M/Block 2BL | Cosmos 1785,Retired,,Success
3954,RVSN USSR,"Site 32/2, Plesetsk Cosmodrome, Russia","Wed Oct 15, 1986 05:24 UTC",Tsyklon-3 | Strela-3 n°388 to 393,Retired,,Failure
3955,RVSN USSR,"Site 1/5, Baikonur Cosmodrome, Kazakhstan","Mon Oct 06, 1986 07:40 UTC",Soyuz U | Cosmos 1784,Retired,20.0,Success
3956,MASI,"Site 138 (LA-2B), Jiuquan Satellite Launch Center, China","Mon Oct 06, 1986 05:40 UTC",Long March 2C | FSW-0 8,Active,30.8,Success
3957,RVSN USSR,"Site 41/1, Plesetsk Cosmodrome, Russia","Fri Oct 03, 1986 13:05 UTC",Molniya-M/Block 2BL | Cosmos 1783,Retired,,Partial Failure
3958,RVSN USSR,"Site 32/1, Plesetsk Cosmodrome, Russia","Tue Sep 30, 1986 18:33 UTC",Tsyklon-3 | Cosmos 1782,Retired,,Success
3959,General Dynamics,"SLC-3W, Vandenberg SFB, California, USA","Wed Sep 17, 1986 15:52 UTC",Atlas-E/F Star-37S-ISS | NOAA-G,Retired,,Success
3960,RVSN USSR,"Site 31/6, Baikonur Cosmodrome, Kazakhstan","Wed Sep 17, 1986 07:59 UTC",Soyuz U | Cosmos 1781,Retired,20.0,Success
3961,RVSN USSR,"Site 200/40, Baikonur Cosmodrome, Kazakhstan","Tue Sep 16, 1986 11:38 UTC","Proton K/Block-DM-2 | Cosmos 1778, 1779 & 1780",Retired,,Success
3962,RVSN USSR,"Site 133/3, Plesetsk Cosmodrome, Russia","Wed Sep 10, 1986 01:45 UTC",Cosmos-3M | Cosmos 1777,Retired,,Success
3963,US Air Force,"SLC-17B, Cape Canaveral SFS, Florida, USA","Fri Sep 05, 1986 15:08 UTC",Delta 3920 | Vector Sum Experiment (USA-19),Retired,,Success
3964,RVSN USSR,"Site 43/4, Plesetsk Cosmodrome, Russia","Fri Sep 05, 1986 09:12 UTC",Molniya-M/Block ML | Molniya-1 n°125,Retired,,Success
3965,RVSN USSR,"Site 132/1, Plesetsk Cosmodrome, Russia","Wed Sep 03, 1986 09:00 UTC",Cosmos-3M | Cosmos 1776,Retired,,Success
3966,RVSN USSR,"Site 31/6, Baikonur Cosmodrome, Kazakhstan","Wed Sep 03, 1986 07:59 UTC",Soyuz U | Cosmos 1775,Retired,20.0,Success
3967,RVSN USSR,"Site 16/2, Plesetsk Cosmodrome, Russia","Thu Aug 28, 1986 08:02 UTC",Molniya-M/Block 2BL | Cosmos 1774,Retired,,Success
3968,RVSN USSR,"Site 31/6, Baikonur Cosmodrome, Kazakhstan","Wed Aug 27, 1986 11:40 UTC",Soyuz U | Cosmos 1773,Retired,20.0,Success
3969,RVSN USSR,"Site 43/4, Plesetsk Cosmodrome, Russia","Thu Aug 21, 1986 11:04 UTC",Soyuz U | Cosmos 1772,Retired,20.0,Success
3970,RVSN USSR,"Site 90/20, Baikonur Cosmodrome, Kazakhstan","Wed Aug 20, 1986 12:58 UTC",Tsyklon-2 | Cosmos 1771,Retired,,Success
3971,MHI,"LA-Y1, Tanegashima Space Center, Japan","Tue Aug 12, 1986 20:45 UTC","H-I (9 SO) | Fuji 1a, Jindai & Ajisai",Retired,,Success
3972,RVSN USSR,"Site 1/5, Baikonur Cosmodrome, Kazakhstan","Wed Aug 06, 1986 13:30 UTC",Soyuz U | Cosmos 1770,Retired,20.0,Success
3973,RVSN USSR,"Site 90/20, Baikonur Cosmodrome, Kazakhstan","Mon Aug 04, 1986 05:08 UTC",Tsyklon-2 | Cosmos 1769,Retired,,Success
3974,RVSN USSR,"Site 16/2, Plesetsk Cosmodrome, Russia","Sat Aug 02, 1986 09:19 UTC",Soyuz U | Cosmos 1768,Retired,20.0,Success
3975,RVSN USSR,"Site 43/4, Plesetsk Cosmodrome, Russia","Wed Jul 30, 1986 15:05 UTC",Molniya-M/Block ML | Molniya-1 n°124,Retired,,Success
3976,RVSN USSR,"Site 45/1, Baikonur Cosmodrome, Kazakhstan","Wed Jul 30, 1986 08:30 UTC",Zenit-2 | Cosmos 1767,Retired,,Success
3977,RVSN USSR,"Site 32/2, Plesetsk Cosmodrome, Russia","Mon Jul 28, 1986 21:07 UTC",Tsyklon-3 | Cosmos 1766,Retired,,Success
3978,RVSN USSR,"Site 16/2, Plesetsk Cosmodrome, Russia","Thu Jul 24, 1986 12:30 UTC",Soyuz U | Cosmos 1765,Retired,20.0,Success
3979,RVSN USSR,"Site 31/6, Baikonur Cosmodrome, Kazakhstan","Thu Jul 17, 1986 12:30 UTC",Soyuz U | Cosmos 1764,Retired,20.0,Success
3980,RVSN USSR,"Site 133/3, Plesetsk Cosmodrome, Russia","Wed Jul 16, 1986 04:21 UTC",Cosmos-3M | Cosmos 1763,Retired,,Partial Failure
3981,RVSN USSR,"Site 16/2, Plesetsk Cosmodrome, Russia","Thu Jul 10, 1986 08:00 UTC",Soyuz U | Cosmos 1762,Retired,20.0,Success
3982,RVSN USSR,"Site 43/4, Plesetsk Cosmodrome, Russia","Sat Jul 05, 1986 01:16 UTC",Molniya-M/Block 2BL | Cosmos 1761,Retired,,Success
3983,RVSN USSR,"Site 41/1, Plesetsk Cosmodrome, Russia","Thu Jun 19, 1986 21:09 UTC",Molniya-M/Block ML | Molniya-3 n°123,Retired,,Success
3984,RVSN USSR,"Site 1/5, Baikonur Cosmodrome, Kazakhstan","Thu Jun 19, 1986 10:30 UTC",Soyuz U | Cosmos 1760,Retired,20.0,Success
3985,RVSN USSR,"Site 132/1, Plesetsk Cosmodrome, Russia","Wed Jun 18, 1986 20:03 UTC",Cosmos-3M | Cosmos 1759,Retired,,Success
3986,RVSN USSR,"Site 32/1, Plesetsk Cosmodrome, Russia","Thu Jun 12, 1986 04:42 UTC",Tsyklon-3 | Cosmos 1758,Retired,,Success
3987,RVSN USSR,"Site 43/4, Plesetsk Cosmodrome, Russia","Wed Jun 11, 1986 07:44 UTC",Soyuz U | Cosmos 1757,Retired,20.0,Success
3988,RVSN USSR,"Site 200/40, Baikonur Cosmodrome, Kazakhstan","Tue Jun 10, 1986 00:49 UTC",Proton-K/Block-DM | Gorizont 12,Retired,,Success
3989,RVSN USSR,"Site 31/6, Baikonur Cosmodrome, Kazakhstan","Fri Jun 06, 1986 12:40 UTC",Soyuz U | Cosmos 1756,Retired,20.0,Success
3990,RVSN USSR,"Site 132/1, Plesetsk Cosmodrome, Russia","Fri Jun 06, 1986 03:57 UTC",Cosmos-3M | Cosmos 1748 to 1755,Retired,,Success
3991,Arianespace,"ELA-1, Guiana Space Centre, French Guiana, France","Sat May 31, 1986 00:53 UTC",Ariane 2 | Intelsat-5A 14,Retired,,Failure
3992,RVSN USSR,"Site 31/6, Baikonur Cosmodrome, Kazakhstan","Thu May 29, 1986 09:20 UTC",Soyuz U | Cosmos 1747,Retired,20.0,Success
3993,RVSN USSR,"Site 43/4, Plesetsk Cosmodrome, Russia","Wed May 28, 1986 07:50 UTC",Soyuz U | Cosmos 1746,Retired,20.0,Success
3994,RVSN USSR,"Site 32/1, Plesetsk Cosmodrome, Russia","Tue May 27, 1986 09:29 UTC",Tsyklon-3 | Meteor-2 n°14,Retired,,Success
3995,RVSN USSR,"Site 200/39, Baikonur Cosmodrome, Kazakhstan","Sat May 24, 1986 01:41 UTC",Proton-K/Block-DM | Ekran 15,Retired,,Success
3996,RVSN USSR,"Site 132/1, Plesetsk Cosmodrome, Russia","Fri May 23, 1986 12:54 UTC",Cosmos-3M | Cosmos 1745,Retired,,Success
3997,RVSN USSR,"Site 41/1, Plesetsk Cosmodrome, Russia","Wed May 21, 1986 16:29 UTC",Soyuz U | Cosmos 1744,Retired,20.0,Success
3998,RVSN USSR,"Site 1/5, Baikonur Cosmodrome, Kazakhstan","Wed May 21, 1986",Soyuz U2 | Soyuz TM-1,Retired,40.0,Success
3999,RVSN USSR,"Site 32/1, Plesetsk Cosmodrome, Russia","Thu May 15, 1986 04:26 UTC",Tsyklon-3 | Cosmos 1743,Retired,,Success
4000,RVSN USSR,"Site 16/2, Plesetsk Cosmodrome, Russia","Wed May 14, 1986 12:39 UTC",Soyuz U | Cosmos 1742,Retired,20.0,Success
4001,US Air Force,"SLC-17A, Cape Canaveral SFS, Florida, USA","Sat May 03, 1986 22:18 UTC",Delta 3914 | GOES-G,Retired,,Failure
4002,RVSN USSR,"Site 1/5, Baikonur Cosmodrome, Kazakhstan","Wed Apr 23, 1986 19:40 UTC",Soyuz U2 | Progress 26,Retired,40.0,Success
4003,RVSN USSR,"Site 41/1, Plesetsk Cosmodrome, Russia","Fri Apr 18, 1986 19:50 UTC",Molniya-M/Block ML | Molniya-3 n°122,Retired,,Success
4004,Martin Marietta,"SLC-4E, Vandenberg SFB, California, USA","Fri Apr 18, 1986 18:45 UTC",Titan 34D | KH-9 20 (Hexagon 20) & Pearl Ruby,Retired,,Failure
4005,RVSN USSR,"Site 132/1, Plesetsk Cosmodrome, Russia","Thu Apr 17, 1986 21:02 UTC",Cosmos-3M | Cosmos 1741,Retired,,Success
4006,RVSN USSR,"Site 16/2, Plesetsk Cosmodrome, Russia","Tue Apr 15, 1986 11:40 UTC",Soyuz U | Cosmos 1740,Retired,20.0,Success
4007,RVSN USSR,"Site 31/6, Baikonur Cosmodrome, Kazakhstan","Wed Apr 09, 1986 08:00 UTC",Soyuz U | Cosmos 1739,Retired,20.0,Success
4008,RVSN USSR,"Site 200/40, Baikonur Cosmodrome, Kazakhstan","Fri Apr 04, 1986 03:45 UTC",Proton-K/Block-DM | Cosmos 1738,Retired,,Success
4009,Arianespace,"ELA-2, Guiana Space Centre, French Guiana, France","Fri Mar 28, 1986 23:30 UTC","Ariane 3 | GStar-2, Brasilsat-A2",Retired,,Success
4010,RVSN USSR,"Site 31/6, Baikonur Cosmodrome, Kazakhstan","Wed Mar 26, 1986 10:30 UTC",Soyuz U | Zenit-8 n°613,Retired,20.0,Failure
4011,RVSN USSR,"Site 90/19, Baikonur Cosmodrome, Kazakhstan","Tue Mar 25, 1986 19:26 UTC",Tsyklon-2 | Cosmos 1737,Retired,,Partial Failure
4012,RVSN USSR,"Site 90/20, Baikonur Cosmodrome, Kazakhstan","Fri Mar 21, 1986 10:05 UTC",Tsyklon-2 | Cosmos 1736,Retired,,Success
4013,RVSN USSR,"Site 1/5, Baikonur Cosmodrome, Kazakhstan","Wed Mar 19, 1986 10:08 UTC",Soyuz U2 | Progress 25,Retired,40.0,Success
4014,RVSN USSR,"Site 1/5, Baikonur Cosmodrome, Kazakhstan","Thu Mar 13, 1986 12:33 UTC",Soyuz U2 | Soyuz T-15,Retired,40.0,Success
4015,RVSN USSR,"Site 90/19, Baikonur Cosmodrome, Kazakhstan","Thu Feb 27, 1986 01:44 UTC",Tsyklon-2 | Cosmos 1735,Retired,,Success
4016,RVSN USSR,"Site 43/4, Plesetsk Cosmodrome, Russia","Wed Feb 26, 1986 13:39 UTC",Soyuz U | Cosmos 1734,Retired,20.0,Success
4017,Arianespace,"ELA-1, Guiana Space Centre, French Guiana, France","Sat Feb 22, 1986 01:44 UTC",Ariane 1 | SPOT-1 & Viking,Retired,,Success
4018,RVSN USSR,"Site 32/1, Plesetsk Cosmodrome, Russia","Wed Feb 19, 1986 23:04 UTC",Tsyklon-3 | Cosmos 1733,Retired,,Success
4019,RVSN USSR,"Site 200/39, Baikonur Cosmodrome, Kazakhstan","Wed Feb 19, 1986 21:28 UTC",Proton-K | Mir,Retired,,Success
4020,MHI,"LA-Y1, Tanegashima Space Center, Japan","Wed Feb 12, 1986 07:55 UTC",N-II Star-37E | Yuri 2b,Retired,,Success
4021,RVSN USSR,"Site 32/2, Plesetsk Cosmodrome, Russia","Tue Feb 11, 1986 06:56 UTC",Tsyklon-3 | Cosmos 1732,Retired,,Success
4022,General Dynamics,"SLC-3E, Vandenberg SFB, California, USA","Sun Feb 09, 1986 10:06 UTC",Atlas-H MSD | MSD 8 & NOSS 8A to 8C (USA-15 to 18),Retired,,Success
4023,RVSN USSR,"Site 1/5, Baikonur Cosmodrome, Kazakhstan","Fri Feb 07, 1986 08:45 UTC",Soyuz U | Cosmos 1731,Retired,20.0,Success
4024,RVSN USSR,"Site 41/1, Plesetsk Cosmodrome, Russia","Tue Feb 04, 1986 11:15 UTC",Soyuz U | Cosmos 1730,Retired,20.0,Success
4025,RVSN USSR,"Site 16/2, Plesetsk Cosmodrome, Russia","Sat Feb 01, 1986 18:11 UTC",Molniya-M/Block 2BL | Cosmos 1729,Retired,,Success
4026,MASI,"LC-3, Xichang Satellite Launch Center, China","Sat Feb 01, 1986 12:37 UTC",Long March 3 | DFH-2A 01,Retired,,Success
4027,NASA,"LC-39B, Kennedy Space Center, Florida, USA","Tue Jan 28, 1986 16:38 UTC",Space Shuttle Challenger | STS-51-L,Retired,450.0,Failure
4028,RVSN USSR,"Site 1/5, Baikonur Cosmodrome, Kazakhstan","Tue Jan 28, 1986 08:35 UTC",Soyuz U | Cosmos 1728,Retired,20.0,Success
4029,RVSN USSR,"Site 132/1, Plesetsk Cosmodrome, Russia","Thu Jan 23, 1986 18:52 UTC",Cosmos-3M | Cosmos 1727,Retired,,Success
4030,RVSN USSR,"Site 200/40, Baikonur Cosmodrome, Kazakhstan","Fri Jan 17, 1986 10:20 UTC",Proton-K/Block-DM | Raduga 18,Retired,,Success
4031,RVSN USSR,"Site 32/1, Plesetsk Cosmodrome, Russia","Fri Jan 17, 1986 07:21 UTC",Tsyklon-3 | Cosmos 1726,Retired,,Success
4032,RVSN USSR,"Site 132/1, Plesetsk Cosmodrome, Russia","Thu Jan 16, 1986 11:38 UTC",Cosmos-3M | Cosmos 1725,Retired,,Success
4033,RVSN USSR,"Site 41/1, Plesetsk Cosmodrome, Russia","Wed Jan 15, 1986 14:20 UTC",Soyuz U | Cosmos 1724,Retired,20.0,Success
4034,NASA,"LC-39A, Kennedy Space Center, Florida, USA","Sun Jan 12, 1986 11:55 UTC",Space Shuttle Columbia | STS-61-C,Retired,450.0,Success
4035,RVSN USSR,"Site 132/2, Plesetsk Cosmodrome, Russia","Thu Jan 09, 1986 02:48 UTC",Cosmos-3M | Cosmos 1716 to 1723,Retired,,Success
4036,RVSN USSR,"Site 43/4, Plesetsk Cosmodrome, Russia","Wed Jan 08, 1986 11:25 UTC",Soyuz U | Cosmos 1715,Retired,20.0,Success
4037,RVSN USSR,"Site 45/1, Baikonur Cosmodrome, Kazakhstan","Sat Dec 28, 1985 09:16 UTC",Zenit-2 | Cosmos 1714,Retired,,Partial Failure
4038,RVSN USSR,"Site 41/1, Plesetsk Cosmodrome, Russia","Fri Dec 27, 1985 17:06 UTC",Soyuz U | Cosmos 1713,Retired,20.0,Success
4039,RVSN USSR,"Site 32/1, Plesetsk Cosmodrome, Russia","Thu Dec 26, 1985 01:50 UTC",Tsyklon-3 | Meteor-2 n°13,Retired,,Success
4040,RVSN USSR,"Site 200/39, Baikonur Cosmodrome, Kazakhstan","Tue Dec 24, 1985 21:43 UTC","Proton K/Block-DM-2 | Cosmos 1710, 1711 & 1712",Retired,,Success
4041,RVSN USSR,"Site 43/4, Plesetsk Cosmodrome, Russia","Tue Dec 24, 1985 18:56 UTC",Molniya-M/Block ML | Molniya-3 n°121,Retired,,Success
4042,RVSN USSR,"Site 132/1, Plesetsk Cosmodrome, Russia","Thu Dec 19, 1985 08:46 UTC",Cosmos-3M | Cosmos 1709,Retired,,Success
4043,RVSN USSR,"Site 43/4, Plesetsk Cosmodrome, Russia","Fri Dec 13, 1985 07:45 UTC",Soyuz U | Cosmos 1708,Retired,20.0,Success
4044,US Air Force,"SLC-5, Vandenberg SFB, California, USA","Fri Dec 13, 1985 02:35 UTC",Scout G1 | ITV 1 & 2 (USA-13 & USA-14),Retired,,Success
4045,RVSN USSR,"Site 32/1, Plesetsk Cosmodrome, Russia","Thu Dec 12, 1985 15:51 UTC",Tsyklon-3 | Cosmos 1707,Retired,,Success
4046,RVSN USSR,"Site 16/2, Plesetsk Cosmodrome, Russia","Wed Dec 11, 1985 14:40 UTC",Soyuz U | Cosmos 1706,Retired,20.0,Success
4047,RVSN USSR,"Site 16/2, Plesetsk Cosmodrome, Russia","Tue Dec 03, 1985 12:15 UTC",Soyuz U | Cosmos 1705,Retired,20.0,Success
4048,RVSN USSR,"Site 133/3, Plesetsk Cosmodrome, Russia","Thu Nov 28, 1985 13:12 UTC",Cosmos-3M | Cosmos 1704,Retired,,Success
4049,NASA,"LC-39A, Kennedy Space Center, Florida, USA","Wed Nov 27, 1985 00:29 UTC",Space Shuttle Atlantis | STS-61-B & (USA-34),Retired,450.0,Success
4050,RVSN USSR,"Site 32/2, Plesetsk Cosmodrome, Russia","Fri Nov 22, 1985 22:20 UTC",Tsyklon-3 | Cosmos 1703,Retired,,Success
4051,RVSN USSR,"Site 200/39, Baikonur Cosmodrome, Kazakhstan","Fri Nov 15, 1985 14:29 UTC",Proton-K/Block-DM | Raduga 17,Retired,,Success
4052,RVSN USSR,"Site 16/2, Plesetsk Cosmodrome, Russia","Wed Nov 13, 1985 12:25 UTC",Soyuz U | Cosmos 1702,Retired,20.0,Success
4053,RVSN USSR,"Site 41/1, Plesetsk Cosmodrome, Russia","Sat Nov 09, 1985 08:25 UTC",Molniya-M/Block 2BL | Cosmos 1701,Retired,,Success
4054,NASA,"LC-39A, Kennedy Space Center, Florida, USA","Wed Oct 30, 1985 17:00 UTC",Space Shuttle Challenger | STS-61-A,Retired,450.0,Success
4055,RVSN USSR,"Site 43/4, Plesetsk Cosmodrome, Russia","Mon Oct 28, 1985 17:24 UTC",Molniya-M/Block ML | Molniya-1 n°120,Retired,,Success
4056,RVSN USSR,"Site 200/40, Baikonur Cosmodrome, Kazakhstan","Fri Oct 25, 1985 15:45 UTC",Proton K/Block-DM-2 | Cosmos 1700,Retired,,Success
4057,RVSN USSR,"Site 16/2, Plesetsk Cosmodrome, Russia","Fri Oct 25, 1985 14:40 UTC",Soyuz U | Cosmos 1699,Retired,20.0,Success
4058,RVSN USSR,"Site 32/1, Plesetsk Cosmodrome, Russia","Thu Oct 24, 1985 02:30 UTC",Tsyklon-3 | Meteor-3 n°01,Retired,,Success
4059,RVSN USSR,"Site 133/3, Plesetsk Cosmodrome, Russia","Wed Oct 23, 1985 17:24 UTC",Cosmos-3M | Parouss n°50,Retired,,Failure
4060,RVSN USSR,"Site 1/5, Baikonur Cosmodrome, Kazakhstan","Wed Oct 23, 1985 00:42 UTC",Molniya-M/Block ML | Molniya-1 n°119,Retired,,Success
4061,RVSN USSR,"Site 43/4, Plesetsk Cosmodrome, Russia","Tue Oct 22, 1985 20:24 UTC",Molniya-M/Block 2BL | Cosmos 1698,Retired,,Success
4062,RVSN USSR,"Site 45/1, Baikonur Cosmodrome, Kazakhstan","Tue Oct 22, 1985 07:00 UTC",Zenit-2 | Cosmos 1697,Retired,,Success
4063,MASI,"Site 138 (LA-2B), Jiuquan Satellite Launch Center, China","Mon Oct 21, 1985 05:04 UTC",Long March 2C | FSW-0 7,Active,30.8,Success
4064,RVSN USSR,"Site 31/6, Baikonur Cosmodrome, Kazakhstan","Wed Oct 16, 1985 09:25 UTC",Soyuz U | Cosmos 1696,Retired,20.0,Success
4065,RVSN USSR,"Site 32/1, Plesetsk Cosmodrome, Russia","Wed Oct 09, 1985 21:35 UTC",Tsyklon-3 | Cosmos 1690 to 1695,Retired,,Success
4066,General Dynamics,"SLC-3W, Vandenberg SFB, California, USA","Wed Oct 09, 1985 02:53 UTC",Atlas-E/F SGS-2 | GPS-11 (USA-10),Retired,,Success
4067,NASA,"LC-39A, Kennedy Space Center, Florida, USA","Thu Oct 03, 1985 15:15 UTC","Space Shuttle Atlantis | STS-51-J, (USA-11) & (USA-12)",Retired,450.0,Success
4068,RVSN USSR,"Site 43/4, Plesetsk Cosmodrome, Russia","Thu Oct 03, 1985 07:33 UTC",Molniya-M/Block ML | Molniya-3 n°118,Retired,,Success
4069,RVSN USSR,"Site 31/6, Baikonur Cosmodrome, Kazakhstan","Thu Oct 03, 1985 05:48 UTC",Vostok-2M | Cosmos 1689,Retired,,Success
4070,RVSN USSR,"Site 107/1, Kapustin Yar, Russia","Wed Oct 02, 1985 09:00 UTC",Cosmos-3M | Cosmos 1688,Retired,,Success
4071,RVSN USSR,"Site 16/2, Plesetsk Cosmodrome, Russia","Mon Sep 30, 1985 19:23 UTC",Molniya-M/Block 2BL | Cosmos 1687,Retired,,Success
4072,General Dynamics,"SLC-36B, Cape Canaveral SFS, Florida, USA","Sat Sep 28, 1985 23:17 UTC",Atlas-G Centaur-D1AR | Intelsat 512,Retired,,Success
4073,RVSN USSR,"Site 200/39, Baikonur Cosmodrome, Kazakhstan","Fri Sep 27, 1985 08:41 UTC",Proton-K | Cosmos 1686 (TKS),Retired,,Success
4074,RVSN USSR,"Site 16/2, Plesetsk Cosmodrome, Russia","Thu Sep 26, 1985 11:15 UTC",Soyuz U | Cosmos 1685,Retired,20.0,Success
4075,RVSN USSR,"Site 43/4, Plesetsk Cosmodrome, Russia","Tue Sep 24, 1985 01:18 UTC",Molniya-M/Block 2BL | Cosmos 1684,Retired,,Success
4076,RVSN USSR,"Site 41/1, Plesetsk Cosmodrome, Russia","Thu Sep 19, 1985 10:10 UTC",Soyuz U | Cosmos 1683,Retired,20.0,Success
4077,RVSN USSR,"Site 90/20, Baikonur Cosmodrome, Kazakhstan","Thu Sep 19, 1985 01:32 UTC",Tsyklon-2 | Cosmos 1682,Retired,,Success
4078,RVSN USSR,"Site 1/5, Baikonur Cosmodrome, Kazakhstan","Tue Sep 17, 1985 12:38 UTC",Soyuz U2 | Soyuz T-14,Retired,40.0,Success
4079,Arianespace,"ELA-1, Guiana Space Centre, French Guiana, France","Thu Sep 12, 1985 23:26 UTC","Ariane 3 | ECS 3, Spacenet 3",Retired,,Failure
4080,RVSN USSR,"Site 41/1, Plesetsk Cosmodrome, Russia","Fri Sep 06, 1985 10:45 UTC",Soyuz U | Cosmos 1681,Retired,20.0,Success
4081,RVSN USSR,"Site 132/1, Plesetsk Cosmodrome, Russia","Wed Sep 04, 1985 07:05 UTC",Cosmos-3M | Cosmos 1680,Retired,,Success
4082,RVSN USSR,"Site 31/6, Baikonur Cosmodrome, Kazakhstan","Thu Aug 29, 1985 11:33 UTC",Soyuz U | Cosmos 1679,Retired,20.0,Success
4083,RVSN USSR,"Site 41/1, Plesetsk Cosmodrome, Russia","Thu Aug 29, 1985 10:15 UTC",Soyuz U | Cosmos 1678,Retired,20.0,Success
4084,Martin Marietta,"SLC-4E, Vandenberg SFB, California, USA","Wed Aug 28, 1985 21:20 UTC",Titan 34D | KH-11 7 (Crystal 7),Retired,,Failure
4085,NASA,"LC-39A, Kennedy Space Center, Florida, USA","Tue Aug 27, 1985 10:58 UTC",Space Shuttle Discovery | STS-51-I,Retired,450.0,Success
4086,RVSN USSR,"Site 90/19, Baikonur Cosmodrome, Kazakhstan","Fri Aug 23, 1985 22:33 UTC",Tsyklon-2 | Cosmos 1677,Retired,,Success
4087,RVSN USSR,"Site 41/1, Plesetsk Cosmodrome, Russia","Thu Aug 22, 1985 19:28 UTC",Molniya-M/Block ML | Molniya-1 n°117,Retired,,Success
4088,ISAS,"Mu Pad, Uchinoura Space Center, Japan","Sun Aug 18, 1985 23:33 UTC",Mu-III S2 | Suisei,Retired,,Success
4089,RVSN USSR,"Site 41/1, Plesetsk Cosmodrome, Russia","Fri Aug 16, 1985 15:10 UTC",Soyuz U | Cosmos 1676,Retired,20.0,Success
4090,RVSN USSR,"Site 16/2, Plesetsk Cosmodrome, Russia","Mon Aug 12, 1985 15:09 UTC",Molniya-M/Block 2BL | Cosmos 1675,Retired,,Success
4091,RVSN USSR,"Site 200/39, Baikonur Cosmodrome, Kazakhstan","Thu Aug 08, 1985 21:01 UTC",Proton-K/Block-DM | Raduga 16,Retired,,Success
4092,RVSN USSR,"Site 32/1, Plesetsk Cosmodrome, Russia","Thu Aug 08, 1985 11:49 UTC",Tsyklon-3 | Cosmos 1674,Retired,,Success
4093,RVSN USSR,"Site 1/5, Baikonur Cosmodrome, Kazakhstan","Thu Aug 08, 1985 10:19 UTC",Soyuz U | Cosmos 1673,Retired,20.0,Success
4094,RVSN USSR,"Site 43/4, Plesetsk Cosmodrome, Russia","Wed Aug 07, 1985 09:50 UTC",Soyuz U | Cosmos 1672,Retired,20.0,Success
4095,US Air Force,"SLC-5, Vandenberg SFB, California, USA","Sat Aug 03, 1985 03:31 UTC",Scout G1 | Transit-O 24 & 30,Retired,,Success
4096,RVSN USSR,"Site 16/2, Plesetsk Cosmodrome, Russia","Fri Aug 02, 1985 11:40 UTC",Soyuz U | Cosmos 1671,Retired,20.0,Success
4097,RVSN USSR,"Site 90/19, Baikonur Cosmodrome, Kazakhstan","Thu Aug 01, 1985 05:36 UTC",Tsyklon-2 | Cosmos 1670,Retired,,Success
4098,NASA,"LC-39A, Kennedy Space Center, Florida, USA","Mon Jul 29, 1985 21:00 UTC",Space Shuttle Challenger | STS-51-F,Retired,450.0,Success
4099,RVSN USSR,"Site 1/5, Baikonur Cosmodrome, Kazakhstan","Fri Jul 19, 1985 13:05 UTC",Soyuz U | Cosmos 1669,Retired,20.0,Success
4100,RVSN USSR,"Site 43/4, Plesetsk Cosmodrome, Russia","Wed Jul 17, 1985 01:05 UTC",Molniya-M/Block ML | Molniya-3 n°116,Retired,,Success
4101,RVSN USSR,"Site 31/6, Baikonur Cosmodrome, Kazakhstan","Mon Jul 15, 1985 06:30 UTC",Soyuz U | Cosmos 1668,Retired,20.0,Success
4102,RVSN USSR,"Site 41/1, Plesetsk Cosmodrome, Russia","Wed Jul 10, 1985 03:15 UTC",Soyuz U | Cosmos 1667,Retired,20.0,Success
4103,RVSN USSR,"Site 32/1, Plesetsk Cosmodrome, Russia","Mon Jul 08, 1985 23:40 UTC",Tsyklon-3 | Cosmos 1666,Retired,,Success
4104,RVSN USSR,"Site 16/2, Plesetsk Cosmodrome, Russia","Wed Jul 03, 1985 12:10 UTC",Soyuz U | Cosmos 1665,Retired,20.0,Success
4105,Arianespace,"ELA-1, Guiana Space Centre, French Guiana, France","Tue Jul 02, 1985 11:23 UTC",Ariane 1 | Giotto,Retired,,Success
4106,General Dynamics,"SLC-36A, Cape Canaveral SFS, Florida, USA","Sun Jun 30, 1985 00:44 UTC",Atlas-G Centaur-D1AR | Intelsat 511,Retired,,Success
4107,RVSN USSR,"Site 43/4, Plesetsk Cosmodrome, Russia","Wed Jun 26, 1985 12:35 UTC",Soyuz U | Cosmos 1664,Retired,20.0,Success
4108,RVSN USSR,"Site 45/1, Baikonur Cosmodrome, Kazakhstan","Fri Jun 21, 1985 08:29 UTC",Zenit-2 | EPN 03.0694 n°2,Retired,,Failure
4109,RVSN USSR,"Site 41/1, Plesetsk Cosmodrome, Russia","Fri Jun 21, 1985 07:45 UTC",Soyuz U | Cosmos 1663,Retired,20.0,Success
4110,RVSN USSR,"Site 1/5, Baikonur Cosmodrome, Kazakhstan","Fri Jun 21, 1985 00:39 UTC",Soyuz U | Progress 24,Retired,20.0,Success
4111,RVSN USSR,"Site 132/2, Plesetsk Cosmodrome, Russia","Wed Jun 19, 1985 11:30 UTC",Cosmos-3M | Cosmos 1662,Retired,,Success
4112,RVSN USSR,"Site 16/2, Plesetsk Cosmodrome, Russia","Tue Jun 18, 1985 00:40 UTC",Molniya-M/Block 2BL | Cosmos 1661,Retired,,Success
4113,NASA,"LC-39A, Kennedy Space Center, Florida, USA","Mon Jun 17, 1985 11:33 UTC",Space Shuttle Discovery | STS-51-G,Retired,450.0,Success
4114,RVSN USSR,"Site 32/1, Plesetsk Cosmodrome, Russia","Fri Jun 14, 1985 10:36 UTC",Tsyklon-3 | Cosmos 1660,Retired,,Success
4115,RVSN USSR,"Site 16/2, Plesetsk Cosmodrome, Russia","Thu Jun 13, 1985 12:20 UTC",Soyuz U | Cosmos 1659,Retired,20.0,Success
4116,RVSN USSR,"Site 41/1, Plesetsk Cosmodrome, Russia","Tue Jun 11, 1985 14:26 UTC",Molniya-M/Block 2BL | Cosmos 1658,Retired,,Success
4117,RVSN USSR,"Site 43/4, Plesetsk Cosmodrome, Russia","Fri Jun 07, 1985 07:45 UTC",Soyuz U | Cosmos 1657,Retired,20.0,Success
4118,RVSN USSR,"Site 1/5, Baikonur Cosmodrome, Kazakhstan","Thu Jun 06, 1985 06:39 UTC",Soyuz U2 | Soyuz T-13,Retired,40.0,Success
4119,RVSN USSR,"Site 200/40, Baikonur Cosmodrome, Kazakhstan","Thu May 30, 1985 14:59 UTC",Proton K/Block-DM-2 | Cosmos 1656,Retired,,Success
4120,RVSN USSR,"Site 132/1, Plesetsk Cosmodrome, Russia","Thu May 30, 1985 01:14 UTC",Cosmos-3M | Cosmos 1655,Retired,,Success
4121,RVSN USSR,"Site 43/4, Plesetsk Cosmodrome, Russia","Wed May 29, 1985 07:40 UTC",Molniya-M/Block ML | Molniya-3 n°115,Retired,,Success
4122,RVSN USSR,"Site 31/6, Baikonur Cosmodrome, Kazakhstan","Thu May 23, 1985 12:40 UTC",Soyuz U | Cosmos 1654,Retired,20.0,Success
4123,RVSN USSR,"Site 41/1, Plesetsk Cosmodrome, Russia","Wed May 22, 1985 08:35 UTC",Soyuz U | Cosmos 1653,Retired,20.0,Success
4124,RVSN USSR,"Site 200/39, Baikonur Cosmodrome, Kazakhstan","Fri May 17, 1985 22:28 UTC","Proton K/Block-DM-2 | Cosmos 1650, 1651 & 1652",Retired,,Success
4125,RVSN USSR,"Site 43/4, Plesetsk Cosmodrome, Russia","Wed May 15, 1985 12:40 UTC",Soyuz U | Cosmos 1649,Retired,20.0,Success
4126,Arianespace,"ELA-1, Guiana Space Centre, French Guiana, France","Wed May 08, 1985 01:15 UTC","Ariane 3 | GStar-1, Télécom 1B",Retired,,Success
4127,NASA,"LC-39A, Kennedy Space Center, Florida, USA","Mon Apr 29, 1985 16:02 UTC",Space Shuttle Challenger | STS-51-B,Retired,450.0,Success
4128,RVSN USSR,"Site 31/6, Baikonur Cosmodrome, Kazakhstan","Fri Apr 26, 1985 05:48 UTC",Molniya-M/Block SO-L | Prognoz n°10,Retired,,Success
4129,RVSN USSR,"Site 43/4, Plesetsk Cosmodrome, Russia","Thu Apr 25, 1985 09:30 UTC",Soyuz U | Cosmos 1648,Retired,20.0,Success
4130,RVSN USSR,"Site 41/1, Plesetsk Cosmodrome, Russia","Fri Apr 19, 1985 14:00 UTC",Soyuz U | Cosmos 1647,Retired,20.0,Success
4131,RVSN USSR,"Site 90/20, Baikonur Cosmodrome, Kazakhstan","Thu Apr 18, 1985 21:40 UTC",Tsyklon-2 | Cosmos 1646,Retired,,Success
4132,RVSN USSR,"Site 86/1, Kapustin Yar, Russia","Wed Apr 17, 1985",K65M-RB5 | BOR-5 n°502,Retired,,Success
4133,RVSN USSR,"Site 41/1, Plesetsk Cosmodrome, Russia","Tue Apr 16, 1985 17:15 UTC",Soyuz U | Cosmos 1645,Retired,20.0,Success
4134,RVSN USSR,"Site 45/1, Baikonur Cosmodrome, Kazakhstan","Sat Apr 13, 1985 08:00 UTC",Zenit-2 | EPN 03.0694 n°1,Retired,,Failure
4135,NASA,"LC-39A, Kennedy Space Center, Florida, USA","Fri Apr 12, 1985 13:59 UTC",Space Shuttle Discovery | STS-51-D,Retired,450.0,Success
4136,RVSN USSR,"Site 31/6, Baikonur Cosmodrome, Kazakhstan","Wed Apr 03, 1985 08:40 UTC",Soyuz U | Cosmos 1644,Retired,20.0,Success
4137,RVSN USSR,"Site 1/5, Baikonur Cosmodrome, Kazakhstan","Mon Mar 25, 1985 10:00 UTC",Soyuz U | Cosmos 1643,Retired,20.0,Success
4138,General Dynamics,"SLC-36B, Cape Canaveral SFS, Florida, USA","Fri Mar 22, 1985 23:55 UTC",Atlas-G Centaur-D1AR | Intelsat 510,Retired,,Success
4139,RVSN USSR,"Site 200/40, Baikonur Cosmodrome, Kazakhstan","Fri Mar 22, 1985 05:00 UTC",Proton-K/Block-DM | Ekran 14,Retired,,Success
4140,RVSN USSR,"Site 132/2, Plesetsk Cosmodrome, Russia","Thu Mar 21, 1985 00:08 UTC",Cosmos-3M | Cosmos 1635 to 1642,Retired,,Success
4141,RVSN USSR,"Site 132/2, Plesetsk Cosmodrome, Russia","Thu Mar 14, 1985 01:09 UTC",Cosmos-3M | Cosmos 1634,Retired,,Success
4142,General Dynamics,"SLC-3W, Vandenberg SFB, California, USA","Wed Mar 13, 1985 02:00 UTC",Atlas-E/F OIS | Geosat,Retired,,Success
4143,RVSN USSR,"Site 32/2, Plesetsk Cosmodrome, Russia","Tue Mar 05, 1985 15:39 UTC",Tsyklon-3 | Cosmos 1633,Retired,,Success
4144,RVSN USSR,"Site 41/1, Plesetsk Cosmodrome, Russia","Fri Mar 01, 1985 10:40 UTC",Soyuz U | Cosmos 1632,Retired,20.0,Success
4145,RVSN USSR,"Site 132/1, Plesetsk Cosmodrome, Russia","Wed Feb 27, 1985 12:56 UTC",Cosmos-3M | Cosmos 1631,Retired,,Success
4146,RVSN USSR,"Site 31/6, Baikonur Cosmodrome, Kazakhstan","Wed Feb 27, 1985 11:10 UTC",Soyuz U | Cosmos 1630,Retired,20.0,Success
4147,RVSN USSR,"Site 200/39, Baikonur Cosmodrome, Kazakhstan","Thu Feb 21, 1985 07:56 UTC",Proton-K/Block-DM | Cosmos 1629,Retired,,Success
4148,Arianespace,"ELA-1, Guiana Space Centre, French Guiana, France","Fri Feb 08, 1985 23:22 UTC","Ariane 3 | Arabsat-1A, Brasilsat-A1",Retired,,Success
4149,Martin Marietta,"SLC-4W, Vandenberg SFB, California, USA","Fri Feb 08, 1985 06:10 UTC",Titan III(34)B Agena-D | Quasar-6 (USA-9),Retired,,Success
4150,RVSN USSR,"Site 32/1, Plesetsk Cosmodrome, Russia","Wed Feb 06, 1985 21:45 UTC",Tsyklon-3 | Meteor-2 n°12,Retired,,Success
4151,RVSN USSR,"Site 16/2, Plesetsk Cosmodrome, Russia","Wed Feb 06, 1985 11:00 UTC",Soyuz U | Cosmos 1628,Retired,20.0,Success
4152,RVSN USSR,"Site 132/2, Plesetsk Cosmodrome, Russia","Fri Feb 01, 1985 19:36 UTC",Cosmos-3M | Cosmos 1627,Retired,,Success
4153,NASA,"LC-39A, Kennedy Space Center, Florida, USA","Thu Jan 24, 1985 19:50 UTC",Space Shuttle Discovery | STS-51-C & Orion 1 (USA-8),Retired,450.0,Success
4154,RVSN USSR,"Site 32/2, Plesetsk Cosmodrome, Russia","Thu Jan 24, 1985 16:45 UTC",Tsyklon-3 | Cosmos 1626,Retired,,Success
4155,RVSN USSR,"Site 90/19, Baikonur Cosmodrome, Kazakhstan","Wed Jan 23, 1985 19:58 UTC",Tsyklon-2 | Cosmos 1625,Retired,,Success
4156,RVSN USSR,"Site 200/39, Baikonur Cosmodrome, Kazakhstan","Fri Jan 18, 1985 10:25 UTC",Proton-K/Block-DM | Gorizont 11,Retired,,Success
4157,RVSN USSR,"Site 132/1, Plesetsk Cosmodrome, Russia","Thu Jan 17, 1985 17:46 UTC",Cosmos-3M | Cosmos 1624,Retired,,Success
4158,RVSN USSR,"Site 1/5, Baikonur Cosmodrome, Kazakhstan","Wed Jan 16, 1985 08:19 UTC",Soyuz U | Cosmos 1623,Retired,20.0,Success
4159,RVSN USSR,"Site 43/4, Plesetsk Cosmodrome, Russia","Wed Jan 16, 1985 06:22 UTC",Molniya-M/Block ML | Molniya-3 n°114,Retired,,Success
4160,RVSN USSR,"Site 32/1, Plesetsk Cosmodrome, Russia","Tue Jan 15, 1985 14:50 UTC",Tsyklon-3 | Cosmos 1617 to 1622,Retired,,Success
4161,RVSN USSR,"Site 31/6, Baikonur Cosmodrome, Kazakhstan","Wed Jan 09, 1985 10:45 UTC",Soyuz U | Cosmos 1616,Retired,20.0,Success
4162,ISAS,"Mu Pad, Uchinoura Space Center, Japan","Mon Jan 07, 1985 19:26 UTC",Mu-III S2 | Sakigake,Retired,,Success
4163,Martin Marietta,"SLC-40, Cape Canaveral SFS, Florida, USA","Sat Dec 22, 1984 00:02 UTC",Titan 34D | DSP-12 (USA-7),Retired,,Success
4164,RVSN USSR,"Site 200/40, Baikonur Cosmodrome, Kazakhstan","Fri Dec 21, 1984 09:13 UTC",Proton-K/Block D-1 | Vega 2,Retired,,Success
4165,RVSN USSR,"Site 132/2, Plesetsk Cosmodrome, Russia","Thu Dec 20, 1984 13:00 UTC",Cosmos-3M | Cosmos 1615,Retired,,Success
4166,RVSN USSR,"Site 86/1, Kapustin Yar, Russia","Wed Dec 19, 1984 03:55 UTC",K65M-RB5 | Cosmos 1614 (BOR-4),Retired,,Success
4167,RVSN USSR,"Site 200/39, Baikonur Cosmodrome, Kazakhstan","Sat Dec 15, 1984 09:16 UTC",Proton-K/Block D-1 | Vega 1,Retired,,Success
4168,RVSN USSR,"Site 41/1, Plesetsk Cosmodrome, Russia","Fri Dec 14, 1984 20:40 UTC",Molniya-M/Block ML | Molniya-1 n°113,Retired,,Success
4169,General Dynamics,"SLC-3W, Vandenberg SFB, California, USA","Wed Dec 12, 1984 10:42 UTC",Atlas-E/F Star-37S-ISS | NOAA-F,Retired,,Success
4170,Martin Marietta,"SLC-4E, Vandenberg SFB, California, USA","Tue Dec 04, 1984 18:03 UTC",Titan 34D | KH-11 6 (Crystal 6) (USA-6),Retired,,Success
4171,RVSN USSR,"Site 43/4, Plesetsk Cosmodrome, Russia","Thu Nov 29, 1984 14:00 UTC",Soyuz U | Cosmos 1613,Retired,20.0,Success
4172,RVSN USSR,"Site 32/1, Plesetsk Cosmodrome, Russia","Tue Nov 27, 1984 14:22 UTC",Tsyklon-3 | Cosmos 1612,Retired,,Partial Failure
4173,RVSN USSR,"Site 1/5, Baikonur Cosmodrome, Kazakhstan","Wed Nov 21, 1984 10:30 UTC",Soyuz U | Cosmos 1611,Retired,20.0,Success
4174,RVSN USSR,"Site 132/1, Plesetsk Cosmodrome, Russia","Thu Nov 15, 1984 06:40 UTC",Cosmos-3M | Cosmos 1610,Retired,,Success
4175,RVSN USSR,"Site 43/4, Plesetsk Cosmodrome, Russia","Wed Nov 14, 1984 12:20 UTC",Soyuz U | Cosmos 1609,Retired,20.0,Success
4176,RVSN USSR,"Site 1/5, Baikonur Cosmodrome, Kazakhstan","Wed Nov 14, 1984 07:40 UTC",Soyuz U | Cosmos 1608,Retired,20.0,Success
4177,US Air Force,"SLC-17A, Cape Canaveral SFS, Florida, USA","Wed Nov 14, 1984 00:34 UTC",Delta 3914 | NATO 3D,Retired,,Success
4178,Arianespace,"ELA-1, Guiana Space Centre, French Guiana, France","Sat Nov 10, 1984 01:14 UTC","Ariane 3 | Spacenet 2, MARECS-2",Retired,,Success
4179,NASA,"LC-39A, Kennedy Space Center, Florida, USA","Thu Nov 08, 1984 12:15 UTC",Space Shuttle Discovery | STS-51-A,Retired,450.0,Success
4180,RVSN USSR,"Site 90/20, Baikonur Cosmodrome, Kazakhstan","Wed Oct 31, 1984 12:29 UTC",Tsyklon-2 | Cosmos 1607,Retired,,Success
4181,RVSN USSR,"Site 32/1, Plesetsk Cosmodrome, Russia","Thu Oct 18, 1984 17:46 UTC",Tsyklon-3 | Cosmos 1606,Retired,,Success
4182,US Air Force,"SLC-5, Vandenberg SFB, California, USA","Fri Oct 12, 1984 01:43 UTC",Scout G1 | Nova,Retired,,Success
4183,RVSN USSR,"Site 132/2, Plesetsk Cosmodrome, Russia","Thu Oct 11, 1984 14:43 UTC",Cosmos-3M | Cosmos 1605,Retired,,Success
4184,NASA,"LC-39A, Kennedy Space Center, Florida, USA","Fri Oct 05, 1984 11:03 UTC",Space Shuttle Challenger | STS-41-G,Retired,450.0,Success
4185,RVSN USSR,"Site 16/2, Plesetsk Cosmodrome, Russia","Thu Oct 04, 1984 19:49 UTC",Molniya-M/Block 2BL | Cosmos 1604,Retired,,Success
4186,RVSN USSR,"Site 200/39, Baikonur Cosmodrome, Kazakhstan","Fri Sep 28, 1984 14:00 UTC",Proton K/Block-DM-2 | Cosmos 1603,Retired,,Success
4187,RVSN USSR,"Site 32/2, Plesetsk Cosmodrome, Russia","Fri Sep 28, 1984 06:00 UTC",Tsyklon-3 | Cosmos 1602,Retired,,Success
4188,RVSN USSR,"Site 132/2, Plesetsk Cosmodrome, Russia","Thu Sep 27, 1984 09:30 UTC",Cosmos-3M | Cosmos 1601,Retired,,Success
4189,RVSN USSR,"Site 1/5, Baikonur Cosmodrome, Kazakhstan","Thu Sep 27, 1984 08:10 UTC",Soyuz U | Cosmos 1600,Retired,20.0,Success
4190,RVSN USSR,"Site 43/4, Plesetsk Cosmodrome, Russia","Tue Sep 25, 1984 14:30 UTC",Soyuz U | Cosmos 1599,Retired,20.0,Success
4191,US Air Force,"SLC-17B, Cape Canaveral SFS, Florida, USA","Fri Sep 21, 1984 22:18 UTC",Delta 3920 | Galaxy-3,Retired,,Success
4192,RVSN USSR,"Site 132/1, Plesetsk Cosmodrome, Russia","Thu Sep 13, 1984 15:54 UTC",Cosmos-3M | Cosmos 1598,Retired,,Success
4193,RVSN USSR,"Site 43/4, Plesetsk Cosmodrome, Russia","Thu Sep 13, 1984 10:25 UTC",Soyuz U | Cosmos 1597,Retired,20.0,Success
4194,MASI,"Site 138 (LA-2B), Jiuquan Satellite Launch Center, China","Wed Sep 12, 1984 05:44 UTC",Long March 2C | FSW-0 6,Active,30.8,Success
4195,General Dynamics,"SLC-3W, Vandenberg SFB, California, USA","Sat Sep 08, 1984 21:41 UTC",Atlas-E/F SGS-2 | GPS-10 (USA-5),Retired,,Success
4196,RVSN USSR,"Site 16/2, Plesetsk Cosmodrome, Russia","Fri Sep 07, 1984 19:12 UTC",Molniya-M/Block 2BL | Cosmos 1596,Retired,,Success
4197,RVSN USSR,"Site 200/40, Baikonur Cosmodrome, Kazakhstan","Tue Sep 04, 1984 15:49 UTC","Proton K/Block-DM-2 | Cosmos 1593, 1594 & 1595",Retired,,Success
4198,RVSN USSR,"Site 16/2, Plesetsk Cosmodrome, Russia","Tue Sep 04, 1984 10:20 UTC",Soyuz U | Cosmos 1592,Retired,20.0,Success
4199,NASA,"LC-39A, Kennedy Space Center, Florida, USA","Thu Aug 30, 1984 12:41 UTC",Space Shuttle Discovery | STS-41-D,Retired,450.0,Success
4200,RVSN USSR,"Site 43/4, Plesetsk Cosmodrome, Russia","Thu Aug 30, 1984 10:10 UTC",Soyuz U | Cosmos 1591,Retired,20.0,Success
4201,Martin Marietta,"SLC-4W, Vandenberg SFB, California, USA","Tue Aug 28, 1984 18:03 UTC",Titan III(34)B Agena-D | Quasar-5 (USA-4),Retired,,Success
4202,RVSN USSR,"Site 200/39, Baikonur Cosmodrome, Kazakhstan","Fri Aug 24, 1984 19:50 UTC",Proton-K/Block-DM | Ekran 13,Retired,,Success
4203,RVSN USSR,"Site 43/4, Plesetsk Cosmodrome, Russia","Fri Aug 24, 1984 08:26 UTC",Molniya-M/Block ML | Molniya-1 n°112,Retired,,Success
4204,US Air Force,"SLC-17A, Cape Canaveral SFS, Florida, USA","Thu Aug 16, 1984 14:48 UTC",Delta 3924 | Explorer 65 (CCE),Retired,,Success
4205,RVSN USSR,"Site 41/1, Plesetsk Cosmodrome, Russia","Thu Aug 16, 1984 09:50 UTC",Soyuz U | Cosmos 1590,Retired,20.0,Success
4206,RVSN USSR,"Site 1/5, Baikonur Cosmodrome, Kazakhstan","Tue Aug 14, 1984 06:28 UTC",Soyuz U | Progress 23,Retired,20.0,Success
4207,RVSN USSR,"Site 41/1, Plesetsk Cosmodrome, Russia","Fri Aug 10, 1984 00:03 UTC",Molniya-M/Block ML | Molniya-1 n°111,Retired,,Success
4208,RVSN USSR,"Site 32/2, Plesetsk Cosmodrome, Russia","Wed Aug 08, 1984 12:08 UTC",Tsyklon-3 | Cosmos 1589,Retired,,Success
4209,RVSN USSR,"Site 90/20, Baikonur Cosmodrome, Kazakhstan","Tue Aug 07, 1984 22:50 UTC",Tsyklon-2 | Cosmos 1588,Retired,,Success
4210,RVSN USSR,"Site 41/1, Plesetsk Cosmodrome, Russia","Mon Aug 06, 1984 14:00 UTC",Soyuz U | Cosmos 1587,Retired,20.0,Success
4211,Arianespace,"ELA-1, Guiana Space Centre, French Guiana, France","Sat Aug 04, 1984 13:32 UTC","Ariane 3 | Eutelsat-1 F2, Télécom 1A",Retired,,Success
4212,MHI,"LA-Y1, Tanegashima Space Center, Japan","Thu Aug 02, 1984 20:30 UTC",N-II Star-37E | Himawari 3,Retired,,Success
4213,RVSN USSR,"Site 16/2, Plesetsk Cosmodrome, Russia","Thu Aug 02, 1984 08:38 UTC",Molniya-M/Block 2BL | Cosmos 1586,Retired,,Success
4214,RVSN USSR,"Site 200/40, Baikonur Cosmodrome, Kazakhstan","Wed Aug 01, 1984 21:36 UTC",Proton-K/Block-DM | Gorizont 10,Retired,,Success
4215,RVSN USSR,"Site 1/5, Baikonur Cosmodrome, Kazakhstan","Tue Jul 31, 1984 12:29 UTC",Soyuz U | Cosmos 1585,Retired,20.0,Success
4216,RVSN USSR,"Site 41/1, Plesetsk Cosmodrome, Russia","Fri Jul 27, 1984 08:59 UTC",Soyuz U | Cosmos 1584,Retired,20.0,Success
4217,RVSN USSR,"Site 16/2, Plesetsk Cosmodrome, Russia","Tue Jul 24, 1984 12:40 UTC",Soyuz U | Cosmos 1583,Retired,20.0,Success
4218,RVSN USSR,"Site 43/4, Plesetsk Cosmodrome, Russia","Thu Jul 19, 1984 08:30 UTC",Soyuz U | Cosmos 1582,Retired,20.0,Success
4219,RVSN USSR,"Site 31/6, Baikonur Cosmodrome, Kazakhstan","Tue Jul 17, 1984 17:40 UTC",Soyuz U2 | Soyuz T-12,Retired,40.0,Success
4220,RVSN USSR,"Site 32/2, Plesetsk Cosmodrome, Russia","Thu Jul 05, 1984 03:34 UTC",Tsyklon-3 | Meteor-2 n°11,Retired,,Success
4221,RVSN USSR,"Site 86/1, Kapustin Yar, Russia","Wed Jul 04, 1984",K65M-RB5 | BOR-4 n°402,Retired,,Success
4222,RVSN USSR,"Site 43/4, Plesetsk Cosmodrome, Russia","Tue Jul 03, 1984 21:30 UTC",Molniya-M/Block 2BL | Cosmos 1581,Retired,,Success
4223,RVSN USSR,"Site 43/4, Plesetsk Cosmodrome, Russia","Fri Jun 29, 1984 15:00 UTC",Soyuz U | Cosmos 1580,Retired,20.0,Success
4224,RVSN USSR,"Site 90/19, Baikonur Cosmodrome, Kazakhstan","Fri Jun 29, 1984 00:21 UTC",Tsyklon-2 | Cosmos 1579,Retired,,Success
4225,RVSN USSR,"Site 107/1, Kapustin Yar, Russia","Thu Jun 28, 1984 13:10 UTC",Cosmos-3M | Cosmos 1578,Retired,,Success
4226,RVSN USSR,"Site 132/2, Plesetsk Cosmodrome, Russia","Wed Jun 27, 1984 04:59 UTC",Cosmos-3M | Cosmos 1577,Retired,,Success
4227,RVSN USSR,"Site 41/1, Plesetsk Cosmodrome, Russia","Tue Jun 26, 1984 15:35 UTC",Soyuz U | Cosmos 1576,Retired,20.0,Success
4228,Martin Marietta,"SLC-4E, Vandenberg SFB, California, USA","Mon Jun 25, 1984 18:47 UTC",Titan 34D | KH-9 19 (Hexagon 19) (USA-2) & Farrah 2 (USA-3),Retired,,Success
4229,RVSN USSR,"Site 41/1, Plesetsk Cosmodrome, Russia","Fri Jun 22, 1984 07:40 UTC",Soyuz U | Cosmos 1575,Retired,20.0,Success
4230,RVSN USSR,"Site 200/39, Baikonur Cosmodrome, Kazakhstan","Fri Jun 22, 1984 00:20 UTC",Proton-K/Block-DM | Raduga 15,Retired,,Success
4231,RVSN USSR,"Site 132/2, Plesetsk Cosmodrome, Russia","Thu Jun 21, 1984 19:40 UTC",Cosmos-3M | Cosmos 1574,Retired,,Success
4232,RVSN USSR,"Site 16/2, Plesetsk Cosmodrome, Russia","Tue Jun 19, 1984 10:55 UTC",Soyuz U | Cosmos 1573,Retired,20.0,Success
4233,RVSN USSR,"Site 41/1, Plesetsk Cosmodrome, Russia","Fri Jun 15, 1984 08:20 UTC",Soyuz U | Cosmos 1572,Retired,20.0,Success
4234,General Dynamics,"SLC-3W, Vandenberg SFB, California, USA","Wed Jun 13, 1984 11:37 UTC",Atlas-E/F SGS-2 | GPS-9 (USA-1),Retired,,Success
4235,RVSN USSR,"Site 1/5, Baikonur Cosmodrome, Kazakhstan","Mon Jun 11, 1984 08:40 UTC",Soyuz U | Cosmos 1571,Retired,20.0,Success
4236,General Dynamics,"SLC-36B, Cape Canaveral SFS, Florida, USA","Sat Jun 09, 1984 23:03 UTC",Atlas-G Centaur-D1AR | Intelsat 509,Retired,,Failure
4237,RVSN USSR,"Site 132/1, Plesetsk Cosmodrome, Russia","Fri Jun 08, 1984 11:28 UTC",Cosmos-3M | Cosmos 1570,Retired,,Success
4238,RVSN USSR,"Site 86/1, Kapustin Yar, Russia","Wed Jun 06, 1984",K65M-RB5 | BOR-5 n°501,Retired,,Success
4239,RVSN USSR,"Site 16/2, Plesetsk Cosmodrome, Russia","Wed Jun 06, 1984 15:33 UTC",Molniya-M/Block 2BL | Cosmos 1569,Retired,,Success
4240,RVSN USSR,"Site 43/4, Plesetsk Cosmodrome, Russia","Fri Jun 01, 1984 13:50 UTC",Soyuz U | Cosmos 1568,Retired,20.0,Success
4241,RVSN USSR,"Site 90/20, Baikonur Cosmodrome, Kazakhstan","Wed May 30, 1984 18:46 UTC",Tsyklon-2 | Cosmos 1567,Retired,,Success
4242,RVSN USSR,"Site 132/2, Plesetsk Cosmodrome, Russia","Mon May 28, 1984 21:52 UTC",Cosmos-3M | Cosmos 1559 to 1566,Retired,,Success
4243,RVSN USSR,"Site 31/6, Baikonur Cosmodrome, Kazakhstan","Mon May 28, 1984 14:12 UTC",Soyuz U | Progress 22,Retired,20.0,Success
4244,RVSN USSR,"Site 16/2, Plesetsk Cosmodrome, Russia","Fri May 25, 1984 11:30 UTC",Soyuz U | Cosmos 1558,Retired,20.0,Success
4245,Arianespace,"ELA-1, Guiana Space Centre, French Guiana, France","Wed May 23, 1984 01:33 UTC",Ariane 1 | Spacenet F1,Retired,,Success
4246,RVSN USSR,"Site 43/4, Plesetsk Cosmodrome, Russia","Tue May 22, 1984 08:30 UTC",Soyuz U | Cosmos 1557,Retired,20.0,Success
4247,RVSN USSR,"Site 200/40, Baikonur Cosmodrome, Kazakhstan","Sat May 19, 1984 15:10 UTC","Proton K/Block-DM-2 | Cosmos 1554, 1555 & 1556",Retired,,Success
4248,RVSN USSR,"Site 132/1, Plesetsk Cosmodrome, Russia","Thu May 17, 1984 14:43 UTC",Cosmos-3M | Cosmos 1553,Retired,,Success
4249,RVSN USSR,"Site 31/6, Baikonur Cosmodrome, Kazakhstan","Mon May 14, 1984 14:00 UTC",Soyuz U | Cosmos 1552,Retired,20.0,Success
4250,RVSN USSR,"Site 41/1, Plesetsk Cosmodrome, Russia","Fri May 11, 1984 13:00 UTC",Soyuz U | Cosmos 1551,Retired,20.0,Success
4251,RVSN USSR,"Site 132/2, Plesetsk Cosmodrome, Russia","Fri May 11, 1984 06:19 UTC",Cosmos-3M | Cosmos 1550,Retired,,Success
4252,RVSN USSR,"Site 31/6, Baikonur Cosmodrome, Kazakhstan","Mon May 07, 1984 22:47 UTC",Soyuz U | Progress 21,Retired,20.0,Success
4253,RVSN USSR,"Site 200/39, Baikonur Cosmodrome, Kazakhstan","Sun Apr 22, 1984 04:20 UTC",Proton-K/Block-DM | Gorizont 9,Retired,,Success
4254,RVSN USSR,"Site 16/2, Plesetsk Cosmodrome, Russia","Thu Apr 19, 1984 11:40 UTC",Soyuz U | Cosmos 1549,Retired,20.0,Success
4255,US Air Force,"SLC-4W, Vandenberg SFB, California, USA","Tue Apr 17, 1984 18:45 UTC",Titan III(24)B | KH-8 54 (Gambit-3 54),Retired,,Success
4256,RVSN USSR,"Site 31/6, Baikonur Cosmodrome, Kazakhstan","Sun Apr 15, 1984 08:12 UTC",Soyuz U2 | Progress 20,Retired,40.0,Success
4257,Martin Marietta,"SLC-40, Cape Canaveral SFS, Florida, USA","Sat Apr 14, 1984 16:52 UTC",Titan 34D | DSP-11,Retired,,Success
4258,RVSN USSR,"Site 41/1, Plesetsk Cosmodrome, Russia","Tue Apr 10, 1984 14:00 UTC",Soyuz U | Cosmos 1548,Retired,20.0,Success
4259,MASI,"LC-3, Xichang Satellite Launch Center, China","Sun Apr 08, 1984 11:20 UTC",Long March 3 | DFH-2 02,Retired,,Success
4260,NASA,"LC-39A, Kennedy Space Center, Florida, USA","Fri Apr 06, 1984 13:58 UTC",Space Shuttle Challenger | STS-41-C,Retired,450.0,Success
4261,RVSN USSR,"Site 16/2, Plesetsk Cosmodrome, Russia","Wed Apr 04, 1984 01:40 UTC",Molniya-M/Block 2BL | Cosmos 1547,Retired,,Success
4262,RVSN USSR,"Site 31/6, Baikonur Cosmodrome, Kazakhstan","Tue Apr 03, 1984 13:08 UTC",Soyuz U | Soyuz T-11,Retired,20.0,Success
4263,RVSN USSR,"Site 200/40, Baikonur Cosmodrome, Kazakhstan","Thu Mar 29, 1984 05:52 UTC",Proton-K/Block-DM | Cosmos 1546,Retired,,Success
4264,RVSN USSR,"Site 43/4, Plesetsk Cosmodrome, Russia","Wed Mar 21, 1984 11:05 UTC",Soyuz U | Cosmos 1545,Retired,20.0,Success
4265,RVSN USSR,"Site 41/1, Plesetsk Cosmodrome, Russia","Fri Mar 16, 1984 23:29 UTC",Molniya-M/Block ML | Molniya-1 n°110,Retired,,Success
4266,RVSN USSR,"Site 200/39, Baikonur Cosmodrome, Kazakhstan","Fri Mar 16, 1984 14:00 UTC",Proton-K/Block-DM | Ekran 12,Retired,,Success
4267,RVSN USSR,"Site 32/2, Plesetsk Cosmodrome, Russia","Thu Mar 15, 1984 17:05 UTC",Tsyklon-3 | Cosmos 1544,Retired,,Success
4268,RVSN USSR,"Site 41/1, Plesetsk Cosmodrome, Russia","Sat Mar 10, 1984 17:00 UTC",Soyuz U | Cosmos 1543,Retired,20.0,Success
4269,RVSN USSR,"Site 31/6, Baikonur Cosmodrome, Kazakhstan","Wed Mar 07, 1984 08:00 UTC",Soyuz U2 | Cosmos 1542,Retired,40.0,Success
4270,RVSN USSR,"Site 16/2, Plesetsk Cosmodrome, Russia","Tue Mar 06, 1984 17:10 UTC",Molniya-M/Block 2BL | Cosmos 1541,Retired,,Success
4271,ESA,"ELA-1, Guiana Space Centre, French Guiana, France","Mon Mar 05, 1984 00:50 UTC",Ariane 1 | Intelsat 508,Retired,,Success
4272,RVSN USSR,"Site 200/40, Baikonur Cosmodrome, Kazakhstan","Fri Mar 02, 1984 03:54 UTC",Proton-K/Block-DM | Cosmos 1540,Retired,,Success
4273,US Air Force,"SLC-2W, Vandenberg SFB, California, USA","Thu Mar 01, 1984 17:59 UTC",Delta 3920 | Landsat 5 & OSCAR-11,Retired,,Success
4274,RVSN USSR,"Site 16/2, Plesetsk Cosmodrome, Russia","Tue Feb 28, 1984 13:59 UTC",Soyuz U | Cosmos 1539,Retired,20.0,Success
4275,RVSN USSR,"Site 132/1, Plesetsk Cosmodrome, Russia","Tue Feb 21, 1984 15:36 UTC",Cosmos-3M | Cosmos 1538,Retired,,Success
4276,RVSN USSR,"Site 31/6, Baikonur Cosmodrome, Kazakhstan","Tue Feb 21, 1984 06:46 UTC",Soyuz U | Progress 19,Retired,20.0,Success
4277,RVSN USSR,"Site 41/1, Plesetsk Cosmodrome, Russia","Thu Feb 16, 1984 08:15 UTC",Soyuz U | Cosmos 1537,Retired,20.0,Success
4278,RVSN USSR,"Site 200/39, Baikonur Cosmodrome, Kazakhstan","Wed Feb 15, 1984 08:46 UTC",Proton-K/Block-DM | Raduga 14,Retired,,Success
4279,ISAS,"Mu Pad, Uchinoura Space Center, Japan","Tue Feb 14, 1984 08:00 UTC",Mu-III S | Ohzora,Retired,,Success
4280,RVSN USSR,"Site 31/6, Baikonur Cosmodrome, Kazakhstan","Wed Feb 08, 1984 12:07 UTC",Soyuz U | Soyuz T-10,Retired,20.0,Success
4281,RVSN USSR,"Site 32/2, Plesetsk Cosmodrome, Russia","Wed Feb 08, 1984 09:23 UTC",Tsyklon-3 | Cosmos 1536,Retired,,Success
4282,General Dynamics,"SLC-3E, Vandenberg SFB, California, USA","Sun Feb 05, 1984 18:44 UTC",Atlas-H MSD | MSD 7 & NOSS-7A to 7C,Retired,,Success
4283,NASA,"LC-39A, Kennedy Space Center, Florida, USA","Fri Feb 03, 1984 13:00 UTC",Space Shuttle Challenger | STS-41-B,Retired,450.0,Success
4284,RVSN USSR,"Site 132/1, Plesetsk Cosmodrome, Russia","Thu Feb 02, 1984 17:38 UTC",Cosmos-3M | Cosmos 1535,Retired,,Success
4285,Martin Marietta,"SLC-40, Cape Canaveral SFS, Florida, USA","Tue Jan 31, 1984 03:08 UTC",Titan 34D | Vortex 11 (OPS 0441),Retired,,Success
4286,MASI,"LC-3, Xichang Satellite Launch Center, China","Sun Jan 29, 1984 12:25 UTC",Long March 3 | DFH-2 01,Retired,,Partial Failure
4287,RVSN USSR,"Site 132/2, Plesetsk Cosmodrome, Russia","Thu Jan 26, 1984 12:00 UTC",Cosmos-3M | Cosmos 1534,Retired,,Success
4288,RVSN USSR,"Site 31/6, Baikonur Cosmodrome, Kazakhstan","Thu Jan 26, 1984 08:50 UTC",Soyuz U2 | Cosmos 1533,Retired,40.0,Success
4289,MHI,"LA-Y1, Tanegashima Space Center, Japan","Mon Jan 23, 1984 07:58 UTC",N-II Star-37E | Yuri 2a,Retired,,Success
4290,RVSN USSR,"Site 41/1, Plesetsk Cosmodrome, Russia","Fri Jan 13, 1984 14:40 UTC",Soyuz U | Cosmos 1532,Retired,20.0,Success
4291,RVSN USSR,"Site 132/2, Plesetsk Cosmodrome, Russia","Wed Jan 11, 1984 18:08 UTC",Cosmos-3M | Cosmos 1531,Retired,,Success
4292,RVSN USSR,"Site 43/4, Plesetsk Cosmodrome, Russia","Wed Jan 11, 1984 12:20 UTC",Soyuz U | Cosmos 1530,Retired,20.0,Success
4293,RVSN USSR,"Site 132/2, Plesetsk Cosmodrome, Russia","Thu Jan 05, 1984 20:09 UTC",Cosmos-3M | Cosmos 1522 to 1529,Retired,,Success
4294,RVSN USSR,"Site 200/40, Baikonur Cosmodrome, Kazakhstan","Thu Dec 29, 1983 00:52 UTC","Proton K/Block-DM-2 | Cosmos 1519, 1520 & 1521",Retired,,Success
4295,RVSN USSR,"Site 16/2, Plesetsk Cosmodrome, Russia","Wed Dec 28, 1983 03:48 UTC",Molniya-M/Block 2BL | Cosmos 1518,Retired,,Success
4296,RVSN USSR,"Site 86/1, Kapustin Yar, Russia","Tue Dec 27, 1983 10:00 UTC",K65M-RB5 | Cosmos 1517 (BOR-4),Retired,,Success
4297,RVSN USSR,"Site 31/6, Baikonur Cosmodrome, Kazakhstan","Tue Dec 27, 1983 09:30 UTC",Soyuz U | Cosmos 1516,Retired,20.0,Success
4298,RVSN USSR,"Site 41/1, Plesetsk Cosmodrome, Russia","Wed Dec 21, 1983 06:07 UTC",Molniya-M/Block ML | Molniya-3 n°109,Retired,,Success
4299,RVSN USSR,"Site 32/2, Plesetsk Cosmodrome, Russia","Thu Dec 15, 1983 12:25 UTC",Tsyklon-3 | Cosmos 1515,Retired,,Success
4300,RVSN USSR,"Site 41/1, Plesetsk Cosmodrome, Russia","Wed Dec 14, 1983 07:00 UTC",Soyuz U | Cosmos 1514,Retired,20.0,Success
4301,RVSN USSR,"Site 132/2, Plesetsk Cosmodrome, Russia","Thu Dec 08, 1983 06:13 UTC",Cosmos-3M | Cosmos 1513,Retired,,Success
4302,RVSN USSR,"Site 41/1, Plesetsk Cosmodrome, Russia","Wed Dec 07, 1983 12:10 UTC",Soyuz U | Cosmos 1512,Retired,20.0,Success
4303,RVSN USSR,"Site 200/39, Baikonur Cosmodrome, Kazakhstan","Wed Nov 30, 1983 13:51 UTC",Proton-K/Block-DM | Gorizont 8,Retired,,Success
4304,RVSN USSR,"Site 41/1, Plesetsk Cosmodrome, Russia","Wed Nov 30, 1983 13:45 UTC",Soyuz U | Cosmos 1511,Retired,20.0,Success
4305,NASA,"LC-39A, Kennedy Space Center, Florida, USA","Mon Nov 28, 1983 16:00 UTC",Space Shuttle Columbia | STS-9,Retired,450.0,Success
4306,RVSN USSR,"Site 32/2, Plesetsk Cosmodrome, Russia","Thu Nov 24, 1983 12:33 UTC",Tsyklon-3 | Cosmos 1510,Retired,,Success
4307,RVSN USSR,"Site 41/1, Plesetsk Cosmodrome, Russia","Wed Nov 23, 1983 16:45 UTC",Molniya-M/Block ML | Molniya-1 n°108,Retired,,Success
4308,General Dynamics,"SLC-3W, Vandenberg SFB, California, USA","Fri Nov 18, 1983 06:32 UTC",Atlas-E/F Star-37S-ISS | DMSP-5D2 F7,Retired,,Success
4309,RVSN USSR,"Site 16/2, Plesetsk Cosmodrome, Russia","Thu Nov 17, 1983 12:15 UTC",Soyuz U | Cosmos 1509,Retired,20.0,Success
4310,RVSN USSR,"Site 132/2, Plesetsk Cosmodrome, Russia","Fri Nov 11, 1983 12:30 UTC",Cosmos-3M | Cosmos 1508,Retired,,Success
4311,RVSN USSR,"Site 90/20, Baikonur Cosmodrome, Kazakhstan","Sat Oct 29, 1983 08:30 UTC",Tsyklon-2 | Cosmos 1507,Retired,,Success
4312,RVSN USSR,"Site 16/2, Plesetsk Cosmodrome, Russia","Fri Oct 28, 1983 09:00 UTC",Vostok-2M | Meteor-2 n°11,Retired,,Success
4313,RVSN USSR,"Site 132/1, Plesetsk Cosmodrome, Russia","Wed Oct 26, 1983 17:20 UTC",Cosmos-3M | Cosmos 1506,Retired,,Success
4314,RVSN USSR,"Site 16/2, Plesetsk Cosmodrome, Russia","Fri Oct 21, 1983 12:10 UTC",Soyuz U | Cosmos 1505,Retired,20.0,Success
4315,RVSN USSR,"Site 31/6, Baikonur Cosmodrome, Kazakhstan","Thu Oct 20, 1983 09:59 UTC",Soyuz U | Progress 18,Retired,20.0,Success
4316,ESA,"ELA-1, Guiana Space Centre, French Guiana, France","Wed Oct 19, 1983 00:45 UTC",Ariane 1 | Intelsat 507,Retired,,Success
4317,RVSN USSR,"Site 31/6, Baikonur Cosmodrome, Kazakhstan","Fri Oct 14, 1983 10:00 UTC",Soyuz U | Cosmos 1504,Retired,20.0,Success
4318,RVSN USSR,"Site 132/1, Plesetsk Cosmodrome, Russia","Wed Oct 12, 1983 00:20 UTC",Cosmos-3M | Cosmos 1503,Retired,,Success
4319,RVSN USSR,"Site 132/1, Plesetsk Cosmodrome, Russia","Wed Oct 05, 1983 12:00 UTC",Cosmos-3M | Cosmos 1502,Retired,,Success
4320,RVSN USSR,"Site 132/1, Plesetsk Cosmodrome, Russia","Fri Sep 30, 1983 11:00 UTC",Cosmos-3M | Cosmos 1501,Retired,,Success
4321,RVSN USSR,"Site 200/40, Baikonur Cosmodrome, Kazakhstan","Thu Sep 29, 1983 17:37 UTC",Proton-K/Block-DM | Ekran 11,Retired,,Success
4322,RVSN USSR,"Site 32/1, Plesetsk Cosmodrome, Russia","Wed Sep 28, 1983 07:59 UTC",Tsyklon-3 | Cosmos 1500,Retired,,Success
4323,RVSN USSR,"Site 1/5, Baikonur Cosmodrome, Kazakhstan","Mon Sep 26, 1983 19:37 UTC",Soyuz U | Soyuz T-10-1,Retired,20.0,Prelaunch Failure
4324,US Air Force,"SLC-17A, Cape Canaveral SFS, Florida, USA","Thu Sep 22, 1983 22:16 UTC",Delta 3920 | Galaxy 2,Retired,,Success
4325,RVSN USSR,"Site 41/1, Plesetsk Cosmodrome, Russia","Sat Sep 17, 1983 11:15 UTC",Soyuz U | Cosmos 1499,Retired,20.0,Success
4326,RVSN USSR,"Site 41/1, Plesetsk Cosmodrome, Russia","Wed Sep 14, 1983 10:25 UTC",Soyuz U | Cosmos 1498,Retired,20.0,Success
4327,RVSN USSR,"Site 43/4, Plesetsk Cosmodrome, Russia","Fri Sep 09, 1983 11:00 UTC",Soyuz U | Cosmos 1497,Retired,20.0,Success
4328,US Air Force,"SLC-17B, Cape Canaveral SFS, Florida, USA","Thu Sep 08, 1983 22:52 UTC",Delta 3920 | Satcom 7,Retired,,Success
4329,RVSN USSR,"Site 16/2, Plesetsk Cosmodrome, Russia","Wed Sep 07, 1983 13:24 UTC",Soyuz U | Cosmos 1496,Retired,20.0,Success
4330,RVSN USSR,"Site 43/4, Plesetsk Cosmodrome, Russia","Sat Sep 03, 1983 10:15 UTC",Soyuz U | Cosmos 1495,Retired,20.0,Success
4331,RVSN USSR,"Site 107/1, Kapustin Yar, Russia","Wed Aug 31, 1983 06:30 UTC",Cosmos-3M | Cosmos 1494,Retired,,Success
4332,RVSN USSR,"Site 41/1, Plesetsk Cosmodrome, Russia","Tue Aug 30, 1983 22:49 UTC",Molniya-M/Block ML | Molniya-3 n°107,Retired,,Success
4333,NASA,"LC-39A, Kennedy Space Center, Florida, USA","Tue Aug 30, 1983 06:32 UTC",Space Shuttle Challenger | STS-8,Retired,450.0,Success
4334,RVSN USSR,"Site 200/40, Baikonur Cosmodrome, Kazakhstan","Thu Aug 25, 1983 20:02 UTC",Proton-K/Block-DM | Raduga 13,Retired,,Success
4335,RVSN USSR,"Site 43/4, Plesetsk Cosmodrome, Russia","Tue Aug 23, 1983 11:05 UTC",Soyuz U | Cosmos 1493,Retired,20.0,Success
4336,MASI,"Site 138 (LA-2B), Jiuquan Satellite Launch Center, China","Fri Aug 19, 1983 06:00 UTC",Long March 2C | FSW-0 5,Active,30.8,Success
4337,RVSN USSR,"Site 1/5, Baikonur Cosmodrome, Kazakhstan","Wed Aug 17, 1983 12:08 UTC",Soyuz U | Progress 17,Retired,20.0,Success
4338,RVSN USSR,"Site 200/39, Baikonur Cosmodrome, Kazakhstan","Wed Aug 10, 1983 18:24 UTC","Proton K/Block-DM-2 | Cosmos 1490, 1491 & 1492",Retired,,Success
4339,RVSN USSR,"Site 1/5, Baikonur Cosmodrome, Kazakhstan","Wed Aug 10, 1983 13:00 UTC",Soyuz U | Cosmos 1489,Retired,20.0,Success
4340,RVSN USSR,"Site 43/4, Plesetsk Cosmodrome, Russia","Tue Aug 09, 1983 11:20 UTC",Soyuz U | Cosmos 1488,Retired,20.0,Success
4341,MHI,"LA-Y1, Tanegashima Space Center, Japan","Fri Aug 05, 1983 20:29 UTC",N-II Star-37E | Sakura 2b,Retired,,Success
4342,RVSN USSR,"Site 43/4, Plesetsk Cosmodrome, Russia","Fri Aug 05, 1983 09:20 UTC",Soyuz U | Cosmos 1487,Retired,20.0,Success
4343,RVSN USSR,"Site 132/2, Plesetsk Cosmodrome, Russia","Wed Aug 03, 1983 12:40 UTC",Cosmos-3M | Cosmos 1486,Retired,,Success
4344,Martin Marietta,"SLC-4W, Vandenberg SFB, California, USA","Sun Jul 31, 1983 15:41 UTC",Titan III(34)B Agena-D | Jumpseat 7,Retired,,Success
4345,US Air Force,"SLC-17A, Cape Canaveral SFS, Florida, USA","Thu Jul 28, 1983 22:49 UTC",Delta 3920 | Telstar-3A,Retired,,Success
4346,RVSN USSR,"Site 16/2, Plesetsk Cosmodrome, Russia","Tue Jul 26, 1983 12:00 UTC",Soyuz U | Cosmos 1485,Retired,20.0,Success
4347,RVSN USSR,"Site 31/6, Baikonur Cosmodrome, Kazakhstan","Sun Jul 24, 1983 05:50 UTC",Vostok-2M | Cosmos 1484,Retired,,Success
4348,RVSN USSR,"Site 43/4, Plesetsk Cosmodrome, Russia","Wed Jul 20, 1983 08:00 UTC",Soyuz U | Cosmos 1483,Retired,20.0,Success
4349,RVSN USSR,"Site 1/5, Baikonur Cosmodrome, Kazakhstan","Tue Jul 19, 1983 15:14 UTC",Molniya-M/Block ML | Molniya-1 n°106,Retired,,Success
4350,General Dynamics,"SLC-3W, Vandenberg SFB, California, USA","Thu Jul 14, 1983 10:21 UTC",Atlas-E/F SGS-2 | GPS-8,Retired,,Success
4351,RVSN USSR,"Site 1/5, Baikonur Cosmodrome, Kazakhstan","Wed Jul 13, 1983 09:40 UTC",Soyuz U | Cosmos 1482,Retired,20.0,Success
4352,RVSN USSR,"Site 43/4, Plesetsk Cosmodrome, Russia","Fri Jul 08, 1983 19:21 UTC",Molniya-M/Block 2BL | Cosmos 1481,Retired,,Success
4353,RVSN USSR,"Site 132/2, Plesetsk Cosmodrome, Russia","Wed Jul 06, 1983 00:31 UTC",Cosmos-3M | Cosmos 1473 to 1480,Retired,,Success
4354,RVSN USSR,"Site 41/1, Plesetsk Cosmodrome, Russia","Tue Jul 05, 1983 07:50 UTC",Soyuz U | Cosmos 1472,Retired,20.0,Success
4355,RVSN USSR,"Site 31/6, Baikonur Cosmodrome, Kazakhstan","Fri Jul 01, 1983 12:17 UTC",Molniya-M/Block SO-L | Prognoz n°9,Retired,,Success
4356,RVSN USSR,"Site 200/39, Baikonur Cosmodrome, Kazakhstan","Thu Jun 30, 1983 23:56 UTC",Proton-K/Block-DM | Gorizont 7,Retired,,Success
4357,US Air Force,"SLC-17B, Cape Canaveral SFS, Florida, USA","Tue Jun 28, 1983 23:08 UTC",Delta 3920 | Galaxy 1,Retired,,Success
4358,RVSN USSR,"Site 41/1, Plesetsk Cosmodrome, Russia","Tue Jun 28, 1983 15:00 UTC",Soyuz U | Cosmos 1471,Retired,20.0,Success
4359,US Air Force,"SLC-5, Vandenberg SFB, California, USA","Mon Jun 27, 1983 15:37 UTC",Scout G1 | HILAT,Retired,,Success
4360,RVSN USSR,"Site 1/5, Baikonur Cosmodrome, Kazakhstan","Mon Jun 27, 1983 09:12 UTC",Soyuz U | Soyuz T-9,Retired,20.0,Success
4361,RVSN USSR,"Site 32/2, Plesetsk Cosmodrome, Russia","Wed Jun 22, 1983 23:58 UTC",Tsyklon-3 | Cosmos 1470,Retired,,Success
4362,Martin Marietta,"SLC-4E, Vandenberg SFB, California, USA","Mon Jun 20, 1983 18:45 UTC",Titan 34D | KH-9 18 (Hexagon 18) & P-801 7,Retired,,Success
4363,NASA,"LC-39A, Kennedy Space Center, Florida, USA","Sat Jun 18, 1983 11:33 UTC",Space Shuttle Challenger | STS-7,Retired,450.0,Success
4364,ESA,"ELA-1, Guiana Space Centre, French Guiana, France","Thu Jun 16, 1983 11:59 UTC",Ariane 1 | ECS 1 & Amsat P3B,Retired,,Success
4365,RVSN USSR,"Site 43/4, Plesetsk Cosmodrome, Russia","Tue Jun 14, 1983 12:15 UTC",Soyuz U | Cosmos 1469,Retired,20.0,Success
4366,General Dynamics,"SLC-3E, Vandenberg SFB, California, USA","Thu Jun 09, 1983 23:23 UTC",Atlas-H MSD | MSD 6 & NOSS 6A to 6C,Retired,,Success
4367,RVSN USSR,"Site 41/1, Plesetsk Cosmodrome, Russia","Tue Jun 07, 1983 07:50 UTC",Soyuz U | Cosmos 1468,Retired,20.0,Success
4368,RVSN USSR,"Site 200/40, Baikonur Cosmodrome, Kazakhstan","Tue Jun 07, 1983 02:32 UTC",Proton-K/Block-DM | Venera 16,Retired,,Success
4369,RVSN USSR,"Site 200/39, Baikonur Cosmodrome, Kazakhstan","Thu Jun 02, 1983 02:38 UTC",Proton-K/Block D-1 | Venera 15,Retired,,Success
4370,RVSN USSR,"Site 43/4, Plesetsk Cosmodrome, Russia","Tue May 31, 1983 11:40 UTC",Soyuz U | Cosmos 1467,Retired,20.0,Success
4371,US Air Force,"SLC-2W, Vandenberg SFB, California, USA","Thu May 26, 1983 15:18 UTC",Delta 3914 | EXOSAT,Retired,,Success
4372,RVSN USSR,"Site 31/6, Baikonur Cosmodrome, Kazakhstan","Thu May 26, 1983 12:00 UTC",Soyuz U | Cosmos 1466,Retired,20.0,Success
4373,RVSN USSR,"Site 107/1, Kapustin Yar, Russia","Thu May 26, 1983 05:00 UTC",Cosmos-3M | Cosmos 1465,Retired,,Success
4374,RVSN USSR,"Site 132/1, Plesetsk Cosmodrome, Russia","Tue May 24, 1983 02:59 UTC",Cosmos-3M | Cosmos 1464,Retired,,Success
4375,General Dynamics,"SLC-36A, Cape Canaveral SFS, Florida, USA","Thu May 19, 1983 22:26 UTC",Atlas-SLV3D Centaur-D1AR | Intelsat 506,Retired,,Success
4376,RVSN USSR,"Site 132/1, Plesetsk Cosmodrome, Russia","Thu May 19, 1983 12:00 UTC",Cosmos-3M | Cosmos 1463,Retired,,Success
4377,RVSN USSR,"Site 41/1, Plesetsk Cosmodrome, Russia","Tue May 17, 1983 08:00 UTC",Soyuz U | Cosmos 1462,Retired,20.0,Success
4378,RVSN USSR,"Site 90/19, Baikonur Cosmodrome, Kazakhstan","Sat May 07, 1983 10:30 UTC",Tsyklon-2 | Cosmos 1461,Retired,,Success
4379,RVSN USSR,"Site 31/6, Baikonur Cosmodrome, Kazakhstan","Fri May 06, 1983 09:10 UTC",Soyuz U | Cosmos 1460,Retired,20.0,Success
4380,RVSN USSR,"Site 132/1, Plesetsk Cosmodrome, Russia","Fri May 06, 1983 03:00 UTC",Cosmos-3M | Cosmos 1459,Retired,,Success
4381,RVSN USSR,"Site 86/1, Kapustin Yar, Russia","Wed May 04, 1983",K65M-RB5 | BOR-5 n°500,Retired,,Success
4382,US Air Force,"SLC-17A, Cape Canaveral SFS, Florida, USA","Thu Apr 28, 1983 22:26 UTC",Delta 3914 | GOES-F,Retired,,Success
4383,RVSN USSR,"Site 41/1, Plesetsk Cosmodrome, Russia","Thu Apr 28, 1983 08:30 UTC",Soyuz U | Cosmos 1458,Retired,20.0,Success
4384,RVSN USSR,"Site 31/6, Baikonur Cosmodrome, Kazakhstan","Tue Apr 26, 1983 10:00 UTC",Soyuz U | Cosmos 1457,Retired,20.0,Success
4385,RVSN USSR,"Site 16/2, Plesetsk Cosmodrome, Russia","Mon Apr 25, 1983 19:33 UTC",Molniya-M/Block 2BL | Cosmos 1456,Retired,,Success
4386,RVSN USSR,"Site 32/2, Plesetsk Cosmodrome, Russia","Sat Apr 23, 1983 14:30 UTC",Tsyklon-3 | Cosmos 1455,Retired,,Success
4387,RVSN USSR,"Site 41/1, Plesetsk Cosmodrome, Russia","Fri Apr 22, 1983 14:30 UTC",Soyuz U | Cosmos 1454,Retired,20.0,Success
4388,RVSN USSR,"Site 1/5, Baikonur Cosmodrome, Kazakhstan","Wed Apr 20, 1983 13:10 UTC",Soyuz U | Soyuz T-8,Retired,20.0,Success
4389,RVSN USSR,"Site 132/2, Plesetsk Cosmodrome, Russia","Tue Apr 19, 1983 12:00 UTC",Cosmos-3M | Cosmos 1453,Retired,,Success
4390,ISRO,"SLV LP, Satish Dhawan Space Centre, India","Sun Apr 17, 1983 05:35 UTC",SLV-3 | Rohini RS-D2,Retired,,Success
4391,US Air Force,"SLC-4W, Vandenberg SFB, California, USA","Fri Apr 15, 1983 18:45 UTC",Titan III(24)B | KH-8 53 (Gambit-3 53),Retired,,Success
4392,RVSN USSR,"Site 132/2, Plesetsk Cosmodrome, Russia","Tue Apr 12, 1983 18:20 UTC",Cosmos-3M | Cosmos 1452,Retired,,Success
4393,US Air Force,"SLC-17B, Cape Canaveral SFS, Florida, USA","Mon Apr 11, 1983 22:39 UTC",Delta 3924 | Satcom 6,Retired,,Success
4394,RVSN USSR,"Site 43/4, Plesetsk Cosmodrome, Russia","Fri Apr 08, 1983 08:30 UTC",Soyuz U | Cosmos 1451,Retired,20.0,Success
4395,RVSN USSR,"Site 200/40, Baikonur Cosmodrome, Kazakhstan","Fri Apr 08, 1983 04:45 UTC",Proton-K/Block-DM | Raduga 12,Retired,,Success
4396,RVSN USSR,"Site 132/1, Plesetsk Cosmodrome, Russia","Wed Apr 06, 1983 12:00 UTC",Cosmos-3M | Cosmos 1450,Retired,,Success
4397,NASA,"LC-39A, Kennedy Space Center, Florida, USA","Mon Apr 04, 1983 18:30 UTC",Space Shuttle Challenger | STS-6,Retired,450.0,Success
4398,RVSN USSR,"Site 1/5, Baikonur Cosmodrome, Kazakhstan","Sat Apr 02, 1983 02:02 UTC",Molniya-M/Block ML | Molniya-1 n°105,Retired,,Success
4399,RVSN USSR,"Site 16/2, Plesetsk Cosmodrome, Russia","Thu Mar 31, 1983 10:50 UTC",Soyuz U | Cosmos 1449,Retired,20.0,Success
4400,RVSN USSR,"Site 132/1, Plesetsk Cosmodrome, Russia","Wed Mar 30, 1983 01:10 UTC",Cosmos-3M | Cosmos 1448,Retired,,Success
4401,General Dynamics,"SLC-3W, Vandenberg SFB, California, USA","Mon Mar 28, 1983 15:52 UTC",Atlas-E/F Star-37S-ISS | NOAA-E,Retired,,Success
4402,RVSN USSR,"Site 132/2, Plesetsk Cosmodrome, Russia","Thu Mar 24, 1983 20:55 UTC",Cosmos-3M | Cosmos 1447,Retired,,Success
4403,RVSN USSR,"Site 200/39, Baikonur Cosmodrome, Kazakhstan","Wed Mar 23, 1983 12:45 UTC",Proton-K/Block D-1 | Astron,Retired,,Success
4404,RVSN USSR,"Site 41/1, Plesetsk Cosmodrome, Russia","Wed Mar 16, 1983 18:14 UTC",Molniya-M/Block ML | Molniya-1 n°104,Retired,,Success
4405,RVSN USSR,"Site 1/5, Baikonur Cosmodrome, Kazakhstan","Wed Mar 16, 1983 08:50 UTC",Soyuz U2 | Cosmos 1446,Retired,40.0,Success
4406,RVSN USSR,"Site 86/1, Kapustin Yar, Russia","Tue Mar 15, 1983 22:30 UTC",K65M-RB5 | Cosmos 1445 (BOR-4),Retired,,Success
4407,RVSN USSR,"Site 200/40, Baikonur Cosmodrome, Kazakhstan","Sat Mar 12, 1983 14:00 UTC",Proton-K/Block-DM | Ekran 10,Retired,,Success
4408,RVSN USSR,"Site 41/1, Plesetsk Cosmodrome, Russia","Fri Mar 11, 1983 15:29 UTC",Molniya-M/Block ML | Molniya-3 n°103,Retired,,Success
4409,RVSN USSR,"Site 41/1, Plesetsk Cosmodrome, Russia","Wed Mar 02, 1983 10:50 UTC",Soyuz U | Cosmos 1444,Retired,20.0,Success
4410,RVSN USSR,"Site 200/39, Baikonur Cosmodrome, Kazakhstan","Wed Mar 02, 1983 09:37 UTC",Proton-K | Cosmos 1443 (TKS),Retired,,Success
4411,RVSN USSR,"Site 41/1, Plesetsk Cosmodrome, Russia","Fri Feb 25, 1983 12:45 UTC",Soyuz U | Cosmos 1442,Retired,20.0,Success
4412,ISAS,"Mu Pad, Uchinoura Space Center, Japan","Sun Feb 20, 1983 05:10 UTC",Mu-III S | Tenma,Retired,,Success
4413,RVSN USSR,"Site 16/2, Plesetsk Cosmodrome, Russia","Wed Feb 16, 1983 10:03 UTC",Vostok-2M | Cosmos 1441,Retired,,Success
4414,RVSN USSR,"Site 41/1, Plesetsk Cosmodrome, Russia","Thu Feb 10, 1983 07:15 UTC",Soyuz U | Cosmos 1440,Retired,20.0,Success
4415,General Dynamics,"SLC-3E, Vandenberg SFB, California, USA","Wed Feb 09, 1983 13:47 UTC","Atlas-H MSD | MSD 5, NOSS 5A to 5C & LIPS 2",Retired,,Success
4416,RVSN USSR,"Site 31/6, Baikonur Cosmodrome, Kazakhstan","Sun Feb 06, 1983 11:31 UTC",Soyuz U | Cosmos 1439,Retired,20.0,Success
4417,MHI,"LA-Y1, Tanegashima Space Center, Japan","Fri Feb 04, 1983 08:37 UTC",N-II Star-37E | Sakura 2a,Retired,,Success
4418,RVSN USSR,"Site 31/6, Baikonur Cosmodrome, Kazakhstan","Thu Jan 27, 1983 08:30 UTC",Soyuz U | Cosmos 1438,Retired,20.0,Success
4419,US Air Force,"SLC-2W, Vandenberg SFB, California, USA","Wed Jan 26, 1983 02:17 UTC",Delta 3910 | IRAS & PIX-2,Retired,,Success
4420,RVSN USSR,"Site 132/2, Plesetsk Cosmodrome, Russia","Tue Jan 25, 1983 12:00 UTC",Cosmos-3M | Taïfoun n°32,Retired,,Failure
4421,RVSN USSR,"Site 16/2, Plesetsk Cosmodrome, Russia","Thu Jan 20, 1983 17:26 UTC",Vostok-2M | Cosmos 1437,Retired,,Success
4422,RVSN USSR,"Site 132/2, Plesetsk Cosmodrome, Russia","Wed Jan 19, 1983 02:25 UTC",Cosmos-3M | Cosmos 1429 to 1436,Retired,,Success
4423,RVSN USSR,"Site 132/2, Plesetsk Cosmodrome, Russia","Wed Jan 12, 1983 14:02 UTC",Cosmos-3M | Cosmos 1428,Retired,,Success
4424,RVSN USSR,"Site 132/1, Plesetsk Cosmodrome, Russia","Wed Dec 29, 1982 12:00 UTC",Cosmos-3M | Cosmos 1427,Retired,,Success
4425,RVSN USSR,"Site 31/6, Baikonur Cosmodrome, Kazakhstan","Tue Dec 28, 1982 12:00 UTC",Soyuz U | Cosmos 1426,Retired,20.0,Success
4426,RVSN USSR,"Site 200/39, Baikonur Cosmodrome, Kazakhstan","Fri Dec 24, 1982 12:00 UTC",Proton-K/Block-DM | Raduga n°22L,Retired,,Failure
4427,RVSN USSR,"Site 1/5, Baikonur Cosmodrome, Kazakhstan","Thu Dec 23, 1982 09:10 UTC",Soyuz U2 | Cosmos 1425,Retired,40.0,Success
4428,General Dynamics,"SLC-3W, Vandenberg SFB, California, USA","Tue Dec 21, 1982 02:38 UTC",Atlas-E/F Star-37S-ISS | DMSP-5D2 F6,Retired,,Success
4429,RVSN USSR,"Site 31/6, Baikonur Cosmodrome, Kazakhstan","Thu Dec 16, 1982 10:00 UTC",Soyuz U | Cosmos 1424,Retired,20.0,Success
4430,RVSN USSR,"Site 43/3, Plesetsk Cosmodrome, Russia","Tue Dec 14, 1982 22:30 UTC",Vostok-2M | Meteor-2 n°10,Retired,,Success
4431,RVSN USSR,"Site 1/5, Baikonur Cosmodrome, Kazakhstan","Wed Dec 08, 1982 13:46 UTC",Molniya-M/Block ML | Cosmos 1423,Retired,,Partial Failure
4432,RVSN USSR,"Site 43/3, Plesetsk Cosmodrome, Russia","Fri Dec 03, 1982 12:00 UTC",Soyuz U | Cosmos 1422,Retired,20.0,Success
4433,RVSN USSR,"Site 200/39, Baikonur Cosmodrome, Kazakhstan","Fri Nov 26, 1982 14:13 UTC",Proton-K/Block-DM | Raduga 11,Retired,,Success
4434,RVSN USSR,"Site 132/1, Plesetsk Cosmodrome, Russia","Wed Nov 24, 1982 11:00 UTC",Cosmos-3M | Strela-1M satellites,Retired,,Failure
4435,RVSN USSR,"Site 31/6, Baikonur Cosmodrome, Kazakhstan","Thu Nov 18, 1982 09:25 UTC",Soyuz U | Cosmos 1421,Retired,20.0,Success
4436,Martin Marietta,"SLC-4E, Vandenberg SFB, California, USA","Wed Nov 17, 1982 21:22 UTC",Titan IIID | KH-11 5 (Kennen 5),Retired,,Success
4437,NASA,"LC-39A, Kennedy Space Center, Florida, USA","Thu Nov 11, 1982 12:19 UTC",Space Shuttle Columbia | STS-5,Retired,450.0,Success
4438,RVSN USSR,"Site 132/1, Plesetsk Cosmodrome, Russia","Thu Nov 11, 1982 06:14 UTC",Cosmos-3M | Cosmos 1420,Retired,,Success
4439,RVSN USSR,"Site 31/6, Baikonur Cosmodrome, Kazakhstan","Tue Nov 02, 1982 09:30 UTC",Soyuz U | Cosmos 1419,Retired,20.0,Success
4440,RVSN USSR,"Site 1/5, Baikonur Cosmodrome, Kazakhstan","Sun Oct 31, 1982 11:20 UTC",Soyuz U | Progress 16,Retired,20.0,Success
4441,Martin Marietta,"SLC-40, Cape Canaveral SFS, Florida, USA","Sat Oct 30, 1982",Titan 34D | DSCS-II-15 + DSCS-III-A1,Retired,,Success
4442,US Air Force,"SLC-17B, Cape Canaveral SFS, Florida, USA","Thu Oct 28, 1982 01:27 UTC",Delta 3924 | Satcom 5,Retired,,Success
4443,RVSN USSR,"Site 107/1, Kapustin Yar, Russia","Thu Oct 21, 1982 14:00 UTC",Cosmos-3M | Cosmos 1418,Retired,,Success
4444,RVSN USSR,"Site 200/40, Baikonur Cosmodrome, Kazakhstan","Wed Oct 20, 1982 16:26 UTC",Proton-K/Block-DM | Gorizont 6,Retired,,Success
4445,RVSN USSR,"Site 132/1, Plesetsk Cosmodrome, Russia","Tue Oct 19, 1982 05:58 UTC",Cosmos-3M | Cosmos 1417,Retired,,Success
4446,RVSN USSR,"Site 31/6, Baikonur Cosmodrome, Kazakhstan","Thu Oct 14, 1982 09:10 UTC",Soyuz U | Cosmos 1416,Retired,20.0,Success
4447,RVSN USSR,"Site 200/39, Baikonur Cosmodrome, Kazakhstan","Tue Oct 12, 1982 14:56 UTC","Proton K/Block-DM-2 | Cosmos 1413, 1414 & 1415",Retired,,Success
4448,RVSN USSR,"Site 90/20, Baikonur Cosmodrome, Kazakhstan","Sat Oct 02, 1982 00:01 UTC",Tsyklon-2 | Cosmos 1412,Retired,,Success
4449,RVSN USSR,"Site 16/2, Plesetsk Cosmodrome, Russia","Thu Sep 30, 1982 11:50 UTC",Soyuz U | Cosmos 1411,Retired,20.0,Success
4450,General Dynamics,"SLC-36B, Cape Canaveral SFS, Florida, USA","Tue Sep 28, 1982 23:17 UTC",Atlas-SLV3D Centaur-D1AR | Intelsat 505,Retired,,Success
4451,RVSN USSR,"Site 32/1, Plesetsk Cosmodrome, Russia","Fri Sep 24, 1982 09:15 UTC",Tsyklon-3 | Cosmos 1410,Retired,,Success
4452,RVSN USSR,"Site 16/2, Plesetsk Cosmodrome, Russia","Wed Sep 22, 1982 06:23 UTC",Molniya-M/Block 2BL | Cosmos 1409,Retired,,Success
4453,RVSN USSR,"Site 1/5, Baikonur Cosmodrome, Kazakhstan","Sat Sep 18, 1982 04:58 UTC",Soyuz U | Progress 15,Retired,20.0,Success
4454,RVSN USSR,"Site 200/40, Baikonur Cosmodrome, Kazakhstan","Thu Sep 16, 1982 18:31 UTC",Proton-K/Block-DM | Ekran 9,Retired,,Success
4455,RVSN USSR,"Site 32/2, Plesetsk Cosmodrome, Russia","Thu Sep 16, 1982 04:55 UTC",Tsyklon-3 | Cosmos 1408,Retired,,Success
4456,RVSN USSR,"Site 41/1, Plesetsk Cosmodrome, Russia","Wed Sep 15, 1982 15:30 UTC",Soyuz U | Cosmos 1407,Retired,20.0,Success
4457,MASI,"Site 138 (LA-2B), Jiuquan Satellite Launch Center, China","Thu Sep 09, 1982 07:19 UTC",Long March 2C | FSW-0 4,Active,30.8,Success
4458,ESA,"ELA-1, Guiana Space Centre, French Guiana, France","Thu Sep 09, 1982 02:12 UTC",Ariane 1 | MARCES-B & Sirio-2,Retired,,Failure
4459,RVSN USSR,"Site 41/1, Plesetsk Cosmodrome, Russia","Wed Sep 08, 1982 10:20 UTC",Soyuz U | Cosmos 1406,Retired,20.0,Success
4460,RVSN USSR,"Site 90/20, Baikonur Cosmodrome, Kazakhstan","Sat Sep 04, 1982 17:50 UTC",Tsyklon-2 | Cosmos 1405,Retired,,Success
4461,MHI,"LA-Y1, Tanegashima Space Center, Japan","Fri Sep 03, 1982 05:00 UTC",N-I | Kiku 4,Retired,,Success
4462,RVSN USSR,"Site 43/3, Plesetsk Cosmodrome, Russia","Wed Sep 01, 1982 11:40 UTC",Soyuz U | Cosmos 1404,Retired,20.0,Success
4463,RVSN USSR,"Site 31/6, Baikonur Cosmodrome, Kazakhstan","Wed Sep 01, 1982 09:00 UTC",Soyuz U | Cosmos 1403,Retired,20.0,Success
4464,RVSN USSR,"Site 132/2, Plesetsk Cosmodrome, Russia","Mon Aug 30, 1982 19:55 UTC",Cosmos-3M | Strela-2M satellite,Retired,,Success
4465,RVSN USSR,"Site 90/19, Baikonur Cosmodrome, Kazakhstan","Mon Aug 30, 1982 10:06 UTC",Tsyklon-2 | Cosmos 1402,Retired,,Success
4466,RVSN USSR,"Site 41/1, Plesetsk Cosmodrome, Russia","Fri Aug 27, 1982 00:02 UTC",Molniya-M/Block ML | Molniya-3 n°101,Retired,,Success
4467,US Air Force,"SLC-17B, Cape Canaveral SFS, Florida, USA","Thu Aug 26, 1982 23:10 UTC",Delta 3920 | Anik D1,Retired,,Success
4468,RVSN USSR,"Site 41/1, Plesetsk Cosmodrome, Russia","Fri Aug 20, 1982 09:50 UTC",Soyuz U | Cosmos 1401,Retired,20.0,Success
4469,RVSN USSR,"Site 1/5, Baikonur Cosmodrome, Kazakhstan","Thu Aug 19, 1982 17:11 UTC",Soyuz U | Soyuz T-7,Retired,20.0,Success
4470,RVSN USSR,"Site 16/2, Plesetsk Cosmodrome, Russia","Thu Aug 05, 1982 06:56 UTC",Vostok-2M | Cosmos 1400,Retired,,Success
4471,RVSN USSR,"Site 31/6, Baikonur Cosmodrome, Kazakhstan","Wed Aug 04, 1982 11:30 UTC",Soyuz U | Cosmos 1399,Retired,20.0,Success
4472,RVSN USSR,"Site 43/3, Plesetsk Cosmodrome, Russia","Tue Aug 03, 1982 11:30 UTC",Soyuz U | Cosmos 1398,Retired,20.0,Success
4473,RVSN USSR,"Site 107/1, Kapustin Yar, Russia","Thu Jul 29, 1982 19:40 UTC",Cosmos-3M | Cosmos 1397,Retired,,Success
4474,RVSN USSR,"Site 16/2, Plesetsk Cosmodrome, Russia","Tue Jul 27, 1982 12:30 UTC",Soyuz U | Cosmos 1396,Retired,20.0,Success
4475,RVSN USSR,"Site 200/40, Baikonur Cosmodrome, Kazakhstan","Thu Jul 22, 1982 22:11 UTC",Proton-K/Block-DM | Ekran n°23L,Retired,,Failure
4476,RVSN USSR,"Site 1/5, Baikonur Cosmodrome, Kazakhstan","Wed Jul 21, 1982 09:40 UTC",Molniya-M/Block ML | Molniya-1 n°100,Retired,,Success
4477,RVSN USSR,"Site 132/2, Plesetsk Cosmodrome, Russia","Wed Jul 21, 1982 06:31 UTC",Cosmos-3M | Cosmos 1388 to 1395,Retired,,Success
4478,US Air Force,"SLC-2W, Vandenberg SFB, California, USA","Fri Jul 16, 1982 17:59 UTC",Delta 3920 | Landsat 4,Retired,,Success
4479,RVSN USSR,"Site 43/3, Plesetsk Cosmodrome, Russia","Tue Jul 13, 1982 08:00 UTC",Soyuz U | Cosmos 1387,Retired,20.0,Success
4480,RVSN USSR,"Site 1/5, Baikonur Cosmodrome, Kazakhstan","Sat Jul 10, 1982 09:57 UTC",Soyuz U | Progress 14,Retired,20.0,Success
4481,RVSN USSR,"Site 132/1, Plesetsk Cosmodrome, Russia","Wed Jul 07, 1982 09:47 UTC",Cosmos-3M | Cosmos 1386,Retired,,Success
4482,RVSN USSR,"Site 41/1, Plesetsk Cosmodrome, Russia","Tue Jul 06, 1982 07:50 UTC",Soyuz U | Cosmos 1385,Retired,20.0,Success
4483,RVSN USSR,"Site 41/1, Plesetsk Cosmodrome, Russia","Wed Jun 30, 1982 15:00 UTC",Soyuz U | Cosmos 1384,Retired,20.0,Success
4484,RVSN USSR,"Site 132/1, Plesetsk Cosmodrome, Russia","Tue Jun 29, 1982 21:45 UTC",Cosmos-3M | Cosmos 1383,Retired,,Success
4485,NASA,"LC-39A, Kennedy Space Center, Florida, USA","Sun Jun 27, 1982 15:00 UTC",Space Shuttle Columbia | STS-4,Retired,450.0,Success
4486,RVSN USSR,"Site 41/1, Plesetsk Cosmodrome, Russia","Fri Jun 25, 1982 02:28 UTC",Molniya-M/Block 2BL | Cosmos 1382,Retired,,Success
4487,RVSN USSR,"Site 1/5, Baikonur Cosmodrome, Kazakhstan","Thu Jun 24, 1982 16:29 UTC",Soyuz U | Soyuz T-6,Retired,20.0,Success
4488,RVSN USSR,"Site 31/6, Baikonur Cosmodrome, Kazakhstan","Fri Jun 18, 1982 13:00 UTC",Soyuz U | Cosmos 1381,Retired,20.0,Success
4489,RVSN USSR,"Site 132/2, Plesetsk Cosmodrome, Russia","Fri Jun 18, 1982 11:58 UTC",Cosmos-3M | Cosmos 1380,Retired,,Partial Failure
4490,RVSN USSR,"Site 90/19, Baikonur Cosmodrome, Kazakhstan","Fri Jun 18, 1982 11:04 UTC",Tsyklon-2 | Cosmos 1379,Retired,,Success
4491,RVSN USSR,"Site 31/6, Baikonur Cosmodrome, Kazakhstan","Sat Jun 12, 1982 09:00 UTC",Soyuz U | Zenit-6 n°539,Retired,20.0,Failure
4492,RVSN USSR,"Site 32/1, Plesetsk Cosmodrome, Russia","Thu Jun 10, 1982 17:37 UTC",Tsyklon-3 | Cosmos 1378,Retired,,Success
4493,US Air Force,"SLC-17A, Cape Canaveral SFS, Florida, USA","Wed Jun 09, 1982 00:24 UTC",Delta 3910 | Westar 5,Retired,,Success
4494,RVSN USSR,"Site 31/6, Baikonur Cosmodrome, Kazakhstan","Tue Jun 08, 1982 12:00 UTC",Soyuz U | Cosmos 1377,Retired,20.0,Success
4495,RVSN USSR,"Site 43/3, Plesetsk Cosmodrome, Russia","Tue Jun 08, 1982 07:45 UTC",Soyuz U | Cosmos 1376,Retired,20.0,Success
4496,RVSN USSR,"Site 132/2, Plesetsk Cosmodrome, Russia","Sun Jun 06, 1982 17:10 UTC",Cosmos-3M | Cosmos 1375,Retired,,Success
4497,RVSN USSR,"Site 86/1, Kapustin Yar, Russia","Thu Jun 03, 1982 21:30 UTC",K65M-RB5 | Cosmos 1374 (BOR-4),Retired,,Success
4498,RVSN USSR,"Site 31/6, Baikonur Cosmodrome, Kazakhstan","Wed Jun 02, 1982 12:50 UTC",Soyuz U | Cosmos 1373,Retired,20.0,Success
4499,RVSN USSR,"Site 90/20, Baikonur Cosmodrome, Kazakhstan","Tue Jun 01, 1982 13:58 UTC",Tsyklon-2 | Cosmos 1372,Retired,,Success
4500,RVSN USSR,"Site 132/1, Plesetsk Cosmodrome, Russia","Tue Jun 01, 1982 04:37 UTC",Cosmos-3M | Cosmos 1371,Retired,,Success
4501,RVSN USSR,"Site 43/3, Plesetsk Cosmodrome, Russia","Fri May 28, 1982 22:02 UTC",Molniya-M/Block ML | Molniya-1 n°99,Retired,,Success
4502,RVSN USSR,"Site 31/6, Baikonur Cosmodrome, Kazakhstan","Fri May 28, 1982 09:10 UTC",Soyuz U | Cosmos 1370,Retired,20.0,Success
4503,RVSN USSR,"Site 43/3, Plesetsk Cosmodrome, Russia","Tue May 25, 1982 09:00 UTC",Soyuz U | Cosmos 1369,Retired,20.0,Success
4504,RVSN USSR,"Site 1/5, Baikonur Cosmodrome, Kazakhstan","Sun May 23, 1982 05:56 UTC",Soyuz U | Progress 13,Retired,20.0,Success
4505,RVSN USSR,"Site 31/6, Baikonur Cosmodrome, Kazakhstan","Fri May 21, 1982 12:40 UTC",Soyuz U | Cosmos 1368,Retired,20.0,Success
4506,RVSN USSR,"Site 41/1, Plesetsk Cosmodrome, Russia","Thu May 20, 1982 13:08 UTC",Molniya-M/Block 2BL | Cosmos 1367,Retired,,Success
4507,RVSN USSR,"Site 200/39, Baikonur Cosmodrome, Kazakhstan","Mon May 17, 1982 23:50 UTC",Proton-K/Block-DM | Cosmos 1366,Retired,,Success
4508,RVSN USSR,"Site 41/1, Plesetsk Cosmodrome, Russia","Sat May 15, 1982 14:20 UTC",Soyuz U | Zenit-6 n°536,Retired,20.0,Failure
4509,RVSN USSR,"Site 90/20, Baikonur Cosmodrome, Kazakhstan","Fri May 14, 1982 19:39 UTC",Tsyklon-2 | Cosmos 1365,Retired,,Success
4510,RVSN USSR,"Site 1/5, Baikonur Cosmodrome, Kazakhstan","Thu May 13, 1982 09:58 UTC",Soyuz U | Soyuz T-5,Retired,20.0,Success
4511,Martin Marietta,"SLC-4E, Vandenberg SFB, California, USA","Tue May 11, 1982 18:35 UTC",Titan IIID | KH-9 17 (Hexagon 17) & Farrah 1,Retired,,Success
4512,RVSN USSR,"Site 132/2, Plesetsk Cosmodrome, Russia","Thu May 06, 1982 18:07 UTC",Cosmos-3M | Cosmos 1357 to 1364,Retired,,Success
4513,RVSN USSR,"Site 16/2, Plesetsk Cosmodrome, Russia","Wed May 05, 1982 08:01 UTC",Vostok-2M | Cosmos 1356,Retired,,Success
4514,RVSN USSR,"Site 90/20, Baikonur Cosmodrome, Kazakhstan","Thu Apr 29, 1982 09:55 UTC",Tsyklon-2 | Cosmos 1355,Retired,,Success
4515,RVSN USSR,"Site 132/1, Plesetsk Cosmodrome, Russia","Wed Apr 28, 1982 02:52 UTC",Cosmos-3M | Cosmos 1354,Retired,,Success
4516,RVSN USSR,"Site 41/1, Plesetsk Cosmodrome, Russia","Fri Apr 23, 1982 09:40 UTC",Soyuz U | Cosmos 1353,Retired,20.0,Success
4517,RVSN USSR,"Site 31/6, Baikonur Cosmodrome, Kazakhstan","Wed Apr 21, 1982 09:15 UTC",Soyuz U | Cosmos 1352,Retired,20.0,Success
4518,RVSN USSR,"Site 107/1, Kapustin Yar, Russia","Wed Apr 21, 1982 01:40 UTC",Cosmos-3M | Cosmos 1351,Retired,,Success
4519,RVSN USSR,"Site 200/40, Baikonur Cosmodrome, Kazakhstan","Mon Apr 19, 1982 19:45 UTC",Proton-K | Salyut 7,Retired,,Success
4520,RVSN USSR,"Site 41/1, Plesetsk Cosmodrome, Russia","Thu Apr 15, 1982 14:30 UTC",Soyuz U | Cosmos 1350,Retired,20.0,Success
4521,US Air Force,"SLC-17A, Cape Canaveral SFS, Florida, USA","Sat Apr 10, 1982 06:47 UTC",Delta 3910 | INSAT-1A,Retired,,Success
4522,RVSN USSR,"Site 132/2, Plesetsk Cosmodrome, Russia","Thu Apr 08, 1982 00:15 UTC",Cosmos-3M | Cosmos 1349,Retired,,Success
4523,RVSN USSR,"Site 16/2, Plesetsk Cosmodrome, Russia","Wed Apr 07, 1982 13:41 UTC",Molniya-M/Block 2BL | Cosmos 1348,Retired,,Success
4524,RVSN USSR,"Site 31/6, Baikonur Cosmodrome, Kazakhstan","Fri Apr 02, 1982 10:15 UTC",Soyuz U | Cosmos 1347,Retired,20.0,Success
4525,RVSN USSR,"Site 16/2, Plesetsk Cosmodrome, Russia","Wed Mar 31, 1982 16:27 UTC",Vostok-2M | Cosmos 1346,Retired,,Success
4526,RVSN USSR,"Site 132/2, Plesetsk Cosmodrome, Russia","Wed Mar 31, 1982 09:00 UTC",Cosmos-3M | Cosmos 1345,Retired,,Success
4527,RVSN USSR,"Site 32/1, Plesetsk Cosmodrome, Russia","Thu Mar 25, 1982 09:50 UTC",Tsyklon-3 | Meteor-2 n°08,Retired,,Success
4528,RVSN USSR,"Site 132/1, Plesetsk Cosmodrome, Russia","Wed Mar 24, 1982 19:47 UTC",Cosmos-3M | Cosmos 1344,Retired,,Success
4529,RVSN USSR,"Site 41/1, Plesetsk Cosmodrome, Russia","Wed Mar 24, 1982 00:12 UTC",Molniya-M/Block ML | Molniya-3 n°98,Retired,,Success
4530,NASA,"LC-39A, Kennedy Space Center, Florida, USA","Mon Mar 22, 1982 16:00 UTC",Space Shuttle Columbia | STS-3,Retired,450.0,Success
4531,RVSN USSR,"Site 41/1, Plesetsk Cosmodrome, Russia","Wed Mar 17, 1982 10:30 UTC",Soyuz U | Cosmos 1343,Retired,20.0,Success
4532,RVSN USSR,"Site 200/39, Baikonur Cosmodrome, Kazakhstan","Mon Mar 15, 1982 04:39 UTC",Proton-K/Block-DM | Gorizont 5,Retired,,Success
4533,Martin Marietta,"SLC-40, Cape Canaveral SFS, Florida, USA","Sat Mar 06, 1982 19:25 UTC",Titan III(23)C | DSP-10,Retired,,Success
4534,RVSN USSR,"Site 41/1, Plesetsk Cosmodrome, Russia","Fri Mar 05, 1982 10:50 UTC",Soyuz U | Cosmos 1342,Retired,20.0,Success
4535,General Dynamics,"SLC-36A, Cape Canaveral SFS, Florida, USA","Fri Mar 05, 1982 00:23 UTC",Atlas-SLV3D Centaur-D1AR | Intelsat 504,Retired,,Success
4536,RVSN USSR,"Site 107/1, Kapustin Yar, Russia","Thu Mar 04, 1982 16:41 UTC",Cosmos-3M | Taïfoun n°27,Retired,,Failure
4537,RVSN USSR,"Site 16/2, Plesetsk Cosmodrome, Russia","Wed Mar 03, 1982 05:44 UTC",Molniya-M/Block 2BL | Cosmos 1341,Retired,,Success
4538,RVSN USSR,"Site 41/1, Plesetsk Cosmodrome, Russia","Fri Feb 26, 1982 20:10 UTC",Molniya-M/Block ML | Molniya-1 n°97,Retired,,Success
4539,US Air Force,"SLC-17A, Cape Canaveral SFS, Florida, USA","Fri Feb 26, 1982 00:04 UTC",Delta 3910 | Westar 4,Retired,,Success
4540,RVSN USSR,"Site 16/2, Plesetsk Cosmodrome, Russia","Fri Feb 19, 1982 01:42 UTC",Vostok-2M | Cosmos 1340,Retired,,Success
4541,RVSN USSR,"Site 132/2, Plesetsk Cosmodrome, Russia","Wed Feb 17, 1982 21:56 UTC",Cosmos-3M | Cosmos 1339,Retired,,Success
4542,RVSN USSR,"Site 41/1, Plesetsk Cosmodrome, Russia","Tue Feb 16, 1982 11:10 UTC",Soyuz U | Cosmos 1338,Retired,20.0,Success
4543,RVSN USSR,"Site 90/19, Baikonur Cosmodrome, Kazakhstan","Thu Feb 11, 1982 01:11 UTC",Tsyklon-2 | Cosmos 1337,Retired,,Success
4544,RVSN USSR,"Site 200/40, Baikonur Cosmodrome, Kazakhstan","Fri Feb 05, 1982 09:12 UTC",Proton-K/Block-DM | Ekran 8,Retired,,Success
4545,RVSN USSR,"Site 31/6, Baikonur Cosmodrome, Kazakhstan","Sat Jan 30, 1982 11:30 UTC",Soyuz U | Cosmos 1336,Retired,20.0,Success
4546,RVSN USSR,"Site 132/1, Plesetsk Cosmodrome, Russia","Fri Jan 29, 1982 11:00 UTC",Cosmos-3M | Cosmos 1335,Retired,,Success
4547,US Air Force,"SLC-4W, Vandenberg SFB, California, USA","Thu Jan 21, 1982 19:30 UTC",Titan III(24)B | KH-8 52 (Gambit-3 52),Retired,,Success
4548,RVSN USSR,"Site 16/2, Plesetsk Cosmodrome, Russia","Wed Jan 20, 1982 11:30 UTC",Soyuz U | Cosmos 1334,Retired,20.0,Success
4549,US Air Force,"SLC-17A, Cape Canaveral SFS, Florida, USA","Sat Jan 16, 1982 01:55 UTC",Delta 3910 | Satcom 4,Retired,,Success
4550,RVSN USSR,"Site 132/2, Plesetsk Cosmodrome, Russia","Thu Jan 14, 1982 07:51 UTC",Cosmos-3M | Cosmos 1333,Retired,,Success
4551,RVSN USSR,"Site 41/1, Plesetsk Cosmodrome, Russia","Tue Jan 12, 1982 12:30 UTC",Soyuz U | Cosmos 1332,Retired,20.0,Success
4552,RVSN USSR,"Site 132/2, Plesetsk Cosmodrome, Russia","Thu Jan 07, 1982 15:38 UTC",Cosmos-3M | Cosmos 1331,Retired,,Success
4553,RVSN USSR,"Site 1/5, Baikonur Cosmodrome, Kazakhstan","Wed Dec 23, 1981 13:15 UTC",Molniya-M/Block ML | Molniya-1 n°96,Retired,,Success
4554,ESA,"ELA-1, Guiana Space Centre, French Guiana, France","Sun Dec 20, 1981 01:29 UTC",Ariane 1 | MARCES-1 & CAT-4,Retired,,Success
4555,RVSN USSR,"Site 31/6, Baikonur Cosmodrome, Kazakhstan","Sat Dec 19, 1981 11:50 UTC",Soyuz U | Cosmos 1330,Retired,20.0,Success
4556,General Dynamics,"SLC-3E, Vandenberg SFB, California, USA","Sat Dec 19, 1981 01:10 UTC",Atlas-E/F SGS-1 | GPS-7,Retired,,Failure
4557,RVSN USSR,"Site 132/2, Plesetsk Cosmodrome, Russia","Thu Dec 17, 1981 11:00 UTC",Cosmos-3M | Radio-Sputnik 3 to 8,Retired,,Success
4558,General Dynamics,"SLC-36B, Cape Canaveral SFS, Florida, USA","Tue Dec 15, 1981 23:35 UTC",Atlas-SLV3D Centaur-D1AR | Intelsat 503,Retired,,Success
4559,RVSN USSR,"Site 31/6, Baikonur Cosmodrome, Kazakhstan","Fri Dec 04, 1981 09:50 UTC",Soyuz U | Cosmos 1329,Retired,20.0,Success
4560,RVSN USSR,"Site 32/1, Plesetsk Cosmodrome, Russia","Thu Dec 03, 1981 11:47 UTC",Tsyklon-3 | Cosmos 1328,Retired,,Success
4561,RVSN USSR,"Site 132/2, Plesetsk Cosmodrome, Russia","Sat Nov 28, 1981 18:08 UTC",Cosmos-3M | Cosmos 1320 to 1327,Retired,,Success
4562,RVSN USSR,"Site 107/1, Kapustin Yar, Russia","Fri Nov 20, 1981 08:30 UTC",Cosmos-3M | Bhaskara-2,Retired,,Success
4563,US Air Force,"SLC-17A, Cape Canaveral SFS, Florida, USA","Fri Nov 20, 1981 01:37 UTC",Delta 3910 | Satcom 3R,Retired,,Success
4564,RVSN USSR,"Site 41/1, Plesetsk Cosmodrome, Russia","Tue Nov 17, 1981 15:25 UTC",Molniya-M/Block ML | Molniya-1 n°95,Retired,,Success
4565,RVSN USSR,"Site 31/6, Baikonur Cosmodrome, Kazakhstan","Fri Nov 13, 1981 09:30 UTC",Soyuz U | Cosmos 1319,Retired,20.0,Success
4566,NASA,"LC-39A, Kennedy Space Center, Florida, USA","Thu Nov 12, 1981 15:09 UTC",Space Shuttle Columbia | STS-2,Retired,450.0,Success
4567,RVSN USSR,"Site 200/39, Baikonur Cosmodrome, Kazakhstan","Wed Nov 04, 1981 05:31 UTC",Proton-K/Block D-1 | Venera 14,Retired,,Success
4568,RVSN USSR,"Site 41/1, Plesetsk Cosmodrome, Russia","Tue Nov 03, 1981 13:00 UTC",Soyuz U | Cosmos 1318,Retired,20.0,Success
4569,RVSN USSR,"Site 16/2, Plesetsk Cosmodrome, Russia","Sat Oct 31, 1981 22:53 UTC",Molniya-M/Block 2BL | Cosmos 1317,Retired,,Success
4570,Martin Marietta,"SLC-40, Cape Canaveral SFS, Florida, USA","Sat Oct 31, 1981 09:22 UTC",Titan III(23)C | Vortex 10 (OPS 4029),Retired,,Success
4571,RVSN USSR,"Site 200/40, Baikonur Cosmodrome, Kazakhstan","Fri Oct 30, 1981 06:04 UTC",Proton-K/Block D-1 | Venera 13,Retired,,Success
4572,RVSN USSR,"Site 41/1, Plesetsk Cosmodrome, Russia","Sat Oct 17, 1981 05:59 UTC",Molniya-M/Block ML | Molniya-3 n°94,Retired,,Success
4573,RVSN USSR,"Site 31/6, Baikonur Cosmodrome, Kazakhstan","Thu Oct 15, 1981 09:15 UTC",Soyuz U | Cosmos 1316,Retired,20.0,Success
4574,RVSN USSR,"Site 43/3, Plesetsk Cosmodrome, Russia","Tue Oct 13, 1981 23:01 UTC",Vostok-2M | Cosmos 1315,Retired,,Success
4575,RVSN USSR,"Site 200/39, Baikonur Cosmodrome, Kazakhstan","Fri Oct 09, 1981 16:59 UTC",Proton-K/Block-DM | Raduga 10,Retired,,Success
4576,RVSN USSR,"Site 41/1, Plesetsk Cosmodrome, Russia","Fri Oct 09, 1981 10:40 UTC",Soyuz U | Cosmos 1314,Retired,20.0,Success
4577,US Air Force,"SLC-17A, Cape Canaveral SFS, Florida, USA","Tue Oct 06, 1981 11:27 UTC",Delta 2310 | Explorer 64 (SME) & UoSAT-1,Retired,,Success
4578,RVSN USSR,"Site 31/6, Baikonur Cosmodrome, Kazakhstan","Thu Oct 01, 1981 09:00 UTC",Soyuz U | Cosmos 1313,Retired,20.0,Success
4579,RVSN USSR,"Site 32/1, Plesetsk Cosmodrome, Russia","Wed Sep 30, 1981 08:00 UTC",Tsyklon-3 | Cosmos 1312,Retired,,Success
4580,RVSN USSR,"Site 132/2, Plesetsk Cosmodrome, Russia","Mon Sep 28, 1981 21:00 UTC",Cosmos-3M | Cosmos 1311,Retired,,Success
4581,US Air Force,"SLC-17A, Cape Canaveral SFS, Florida, USA","Thu Sep 24, 1981 23:09 UTC",Delta 3910 | SBS-2,Retired,,Success
4582,RVSN USSR,"Site 132/2, Plesetsk Cosmodrome, Russia","Wed Sep 23, 1981 08:00 UTC",Cosmos-3M | Cosmos 1310,Retired,,Success
4583,RVSN USSR,"Site 32/1, Plesetsk Cosmodrome, Russia","Mon Sep 21, 1981 13:10 UTC",Tsyklon-3 | Auréole 3,Retired,,Success
4584,MASI,"Site 138 (LA-2B), Jiuquan Satellite Launch Center, China","Sat Sep 19, 1981 21:28 UTC",Feng Bao 1 | Shijian 2,Retired,,Success
4585,RVSN USSR,"Site 43/3, Plesetsk Cosmodrome, Russia","Fri Sep 18, 1981 09:30 UTC",Soyuz U | Cosmos 1309,Retired,20.0,Success
4586,RVSN USSR,"Site 132/1, Plesetsk Cosmodrome, Russia","Fri Sep 18, 1981 03:34 UTC",Cosmos-3M | Cosmos 1308,Retired,,Success
4587,RVSN USSR,"Site 43/3, Plesetsk Cosmodrome, Russia","Tue Sep 15, 1981 11:30 UTC",Soyuz U | Cosmos 1307,Retired,20.0,Success
4588,RVSN USSR,"Site 90/19, Baikonur Cosmodrome, Kazakhstan","Mon Sep 14, 1981 20:31 UTC",Tsyklon-2 | Cosmos 1306,Retired,,Success
4589,RVSN USSR,"Site 43/3, Plesetsk Cosmodrome, Russia","Fri Sep 11, 1981 08:43 UTC",Molniya-M/Block ML | Cosmos 1305,Retired,,Partial Failure
4590,RVSN USSR,"Site 132/1, Plesetsk Cosmodrome, Russia","Fri Sep 04, 1981 11:06 UTC",Cosmos-3M | Cosmos 1304,Retired,,Partial Failure
4591,RVSN USSR,"Site 31/6, Baikonur Cosmodrome, Kazakhstan","Fri Sep 04, 1981 08:00 UTC",Soyuz U | Cosmos 1303,Retired,20.0,Success
4592,Martin Marietta,"SLC-4E, Vandenberg SFB, California, USA","Thu Sep 03, 1981 18:29 UTC",Titan IIID | KH-11 4 (Kennen 4),Retired,,Success
4593,RVSN USSR,"Site 132/1, Plesetsk Cosmodrome, Russia","Fri Aug 28, 1981 16:18 UTC",Cosmos-3M | Cosmos 1302,Retired,,Success
4594,RVSN USSR,"Site 41/1, Plesetsk Cosmodrome, Russia","Thu Aug 27, 1981 10:30 UTC",Soyuz U | Cosmos 1301,Retired,20.0,Success
4595,RVSN USSR,"Site 32/1, Plesetsk Cosmodrome, Russia","Mon Aug 24, 1981 21:40 UTC",Tsyklon-3 | Cosmos 1300,Retired,,Success
4596,RVSN USSR,"Site 90/20, Baikonur Cosmodrome, Kazakhstan","Mon Aug 24, 1981 16:37 UTC",Tsyklon-2 | Cosmos 1299,Retired,,Success
4597,RVSN USSR,"Site 31/6, Baikonur Cosmodrome, Kazakhstan","Fri Aug 21, 1981 10:20 UTC",Soyuz U | Cosmos 1298,Retired,20.0,Success
4598,RVSN USSR,"Site 41/1, Plesetsk Cosmodrome, Russia","Tue Aug 18, 1981 09:30 UTC",Soyuz U | Cosmos 1297,Retired,20.0,Success
4599,RVSN USSR,"Site 41/1, Plesetsk Cosmodrome, Russia","Thu Aug 13, 1981 16:20 UTC",Soyuz U | Cosmos 1296,Retired,20.0,Success
4600,RVSN USSR,"Site 132/2, Plesetsk Cosmodrome, Russia","Wed Aug 12, 1981 05:46 UTC",Cosmos-3M | Cosmos 1295,Retired,,Success
4601,MHI,"LA-Y1, Tanegashima Space Center, Japan","Mon Aug 10, 1981 20:03 UTC",N-II Star-37E | Himawari 2,Retired,,Success
4602,RVSN USSR,"Site 43/3, Plesetsk Cosmodrome, Russia","Fri Aug 07, 1981 13:35 UTC",Vostok-2M | Intercosmos 22,Retired,,Success
4603,RVSN USSR,"Site 132/2, Plesetsk Cosmodrome, Russia","Thu Aug 06, 1981 11:49 UTC",Cosmos-3M | Cosmos 1287 to 1294,Retired,,Success
4604,General Dynamics,"SLC-36A, Cape Canaveral SFS, Florida, USA","Thu Aug 06, 1981 08:16 UTC",Atlas-SLV3D Centaur-D1AR | FLTSATCOM-5,Retired,,Partial Failure
4605,RVSN USSR,"Site 90/19, Baikonur Cosmodrome, Kazakhstan","Tue Aug 04, 1981 08:28 UTC",Tsyklon-2 | Cosmos 1286,Retired,,Success
4606,RVSN USSR,"Site 16/2, Plesetsk Cosmodrome, Russia","Tue Aug 04, 1981 00:12 UTC",Molniya-M/Block 2BL | Cosmos 1285,Retired,,Success
4607,US Air Force,"SLC-2W, Vandenberg SFB, California, USA","Mon Aug 03, 1981 09:56 UTC",Delta 3913 | Explorer 62 & 63 (Dynamics Explorer 1&2),Retired,,Success
4608,RVSN USSR,"Site 200/39, Baikonur Cosmodrome, Kazakhstan","Thu Jul 30, 1981 21:38 UTC",Proton-K/Block-DM | Raduga 9,Retired,,Success
4609,RVSN USSR,"Site 41/1, Plesetsk Cosmodrome, Russia","Wed Jul 29, 1981 11:55 UTC",Soyuz U | Cosmos 1284,Retired,20.0,Success
4610,RVSN USSR,"Site 41/1, Plesetsk Cosmodrome, Russia","Fri Jul 17, 1981 08:00 UTC",Soyuz U | Cosmos 1283,Retired,20.0,Success
4611,RVSN USSR,"Site 31/6, Baikonur Cosmodrome, Kazakhstan","Wed Jul 15, 1981 13:00 UTC",Soyuz U | Cosmos 1282,Retired,20.0,Success
4612,RVSN USSR,"Site 31/6, Baikonur Cosmodrome, Kazakhstan","Fri Jul 10, 1981 05:14 UTC",Vostok-2M | Meteor-Priroda n°5 & Iskra 1,Retired,,Success
4613,RVSN USSR,"Site 43/3, Plesetsk Cosmodrome, Russia","Tue Jul 07, 1981 12:30 UTC",Soyuz U | Cosmos 1281,Retired,20.0,Success
4614,RVSN USSR,"Site 43/3, Plesetsk Cosmodrome, Russia","Thu Jul 02, 1981 07:10 UTC",Soyuz U | Cosmos 1280,Retired,20.0,Success
4615,RVSN USSR,"Site 31/6, Baikonur Cosmodrome, Kazakhstan","Wed Jul 01, 1981 09:30 UTC",Soyuz U | Cosmos 1279,Retired,20.0,Success
4616,RVSN USSR,"Site 200/40, Baikonur Cosmodrome, Kazakhstan","Thu Jun 25, 1981 23:55 UTC",Proton-K/Block-DM | Ekran 7,Retired,,Success
4617,RVSN USSR,"Site 43/3, Plesetsk Cosmodrome, Russia","Wed Jun 24, 1981 17:47 UTC",Molniya-M/Block ML | Molniya-1 n°92,Retired,,Success
4618,General Dynamics,"SLC-3W, Vandenberg SFB, California, USA","Tue Jun 23, 1981 10:52 UTC",Atlas-E/F Star-37S-ISS | NOAA-C,Retired,,Success
4619,RVSN USSR,"Site 43/3, Plesetsk Cosmodrome, Russia","Fri Jun 19, 1981 19:37 UTC",Molniya-M/Block 2BL | Cosmos 1278,Retired,,Success
4620,ESA,"ELA-1, Guiana Space Centre, French Guiana, France","Fri Jun 19, 1981 12:32 UTC","Ariane 1 | CAT-3, APPLE & Météosat 2",Retired,,Success
4621,RVSN USSR,"Site 31/6, Baikonur Cosmodrome, Kazakhstan","Wed Jun 17, 1981 09:30 UTC",Soyuz U | Cosmos 1277,Retired,20.0,Success
4622,RVSN USSR,"Site 43/3, Plesetsk Cosmodrome, Russia","Tue Jun 16, 1981 07:00 UTC",Soyuz U | Cosmos 1276,Retired,20.0,Success
4623,RVSN USSR,"Site 41/1, Plesetsk Cosmodrome, Russia","Tue Jun 09, 1981 03:33 UTC",Molniya-M/Block ML | Molniya-3 n°91,Retired,,Success
4624,RVSN USSR,"Site 132/2, Plesetsk Cosmodrome, Russia","Thu Jun 04, 1981 15:41 UTC",Cosmos-3M | Cosmos 1275,Retired,,Success
4625,RVSN USSR,"Site 41/1, Plesetsk Cosmodrome, Russia","Wed Jun 03, 1981 14:00 UTC",Soyuz U | Cosmos 1274,Retired,20.0,Success
4626,ISRO,"SLV LP, Satish Dhawan Space Centre, India","Sun May 31, 1981 03:33 UTC",SLV-3 | Rohini RS-D1,Retired,,Partial Failure
4627,General Dynamics,"SLC-36B, Cape Canaveral SFS, Florida, USA","Sat May 23, 1981 22:42 UTC",Atlas-SLV3D Centaur-D1AR | Intelsat 501,Retired,,Success
4628,US Air Force,"SLC-17A, Cape Canaveral SFS, Florida, USA","Fri May 22, 1981 22:29 UTC",Delta 3914 | GOES-E,Retired,,Success
4629,RVSN USSR,"Site 41/1, Plesetsk Cosmodrome, Russia","Fri May 22, 1981 07:10 UTC",Soyuz U | Cosmos 1273,Retired,20.0,Success
4630,RVSN USSR,"Site 31/6, Baikonur Cosmodrome, Kazakhstan","Thu May 21, 1981 09:10 UTC",Soyuz U | Cosmos 1272,Retired,20.0,Success
4631,RVSN USSR,"Site 43/3, Plesetsk Cosmodrome, Russia","Tue May 19, 1981 03:49 UTC",Vostok-2M | Cosmos 1271,Retired,,Success
4632,RVSN USSR,"Site 31/6, Baikonur Cosmodrome, Kazakhstan","Mon May 18, 1981 11:50 UTC",Soyuz U | Cosmos 1270,Retired,20.0,Success
4633,US Air Force,"SLC-5, Vandenberg SFB, California, USA","Fri May 15, 1981 06:07 UTC",Scout G1 | Nova,Retired,,Success
4634,RVSN USSR,"Site 43/3, Plesetsk Cosmodrome, Russia","Thu May 14, 1981 21:45 UTC",Vostok-2M | Meteor-2 n°8,Retired,,Success
4635,RVSN USSR,"Site 1/5, Baikonur Cosmodrome, Kazakhstan","Thu May 14, 1981 17:16 UTC",Soyuz U | Soyuz 40,Retired,20.0,Success
4636,RVSN USSR,"Site 132/1, Plesetsk Cosmodrome, Russia","Thu May 07, 1981 13:21 UTC",Cosmos-3M | Cosmos 1269,Retired,,Success
4637,RVSN USSR,"Site 31/6, Baikonur Cosmodrome, Kazakhstan","Tue Apr 28, 1981 09:00 UTC",Soyuz U | Cosmos 1268,Retired,20.0,Success
4638,RVSN USSR,"Site 200/39, Baikonur Cosmodrome, Kazakhstan","Sat Apr 25, 1981 02:01 UTC",Proton-K | Cosmos 1267 (TKS),Retired,,Success
4639,Martin Marietta,"SLC-4W, Vandenberg SFB, California, USA","Fri Apr 24, 1981 21:32 UTC",Titan III(34)B Agena-D | Jumpseat 6,Retired,,Success
4640,RVSN USSR,"Site 90/20, Baikonur Cosmodrome, Kazakhstan","Tue Apr 21, 1981 03:45 UTC",Tsyklon-2 | Cosmos 1266,Retired,,Success
4641,RVSN USSR,"Site 41/1, Plesetsk Cosmodrome, Russia","Thu Apr 16, 1981 11:30 UTC",Soyuz U | Cosmos 1265,Retired,20.0,Success
4642,RVSN USSR,"Site 31/6, Baikonur Cosmodrome, Kazakhstan","Wed Apr 15, 1981 10:30 UTC",Soyuz U | Cosmos 1264,Retired,20.0,Success
4643,NASA,"LC-39A, Kennedy Space Center, Florida, USA","Sun Apr 12, 1981 12:00 UTC",Space Shuttle Columbia | STS-1,Retired,450.0,Success
4644,RVSN USSR,"Site 132/1, Plesetsk Cosmodrome, Russia","Thu Apr 09, 1981 12:00 UTC",Cosmos-3M | Cosmos 1263,Retired,,Success
4645,RVSN USSR,"Site 43/3, Plesetsk Cosmodrome, Russia","Tue Apr 07, 1981 10:51 UTC",Soyuz U | Cosmos 1262,Retired,20.0,Success
4646,RVSN USSR,"Site 41/1, Plesetsk Cosmodrome, Russia","Tue Mar 31, 1981 09:39 UTC",Molniya-M/Block 2BL | Cosmos 1261,Retired,,Success
4647,RVSN USSR,"Site 31/6, Baikonur Cosmodrome, Kazakhstan","Sat Mar 28, 1981 09:30 UTC",Soyuz U | Yantar-2K n°21,Retired,20.0,Failure
4648,RVSN USSR,"Site 41/1, Plesetsk Cosmodrome, Russia","Tue Mar 24, 1981 03:31 UTC",Molniya-M/Block ML | Molniya-3 n°90,Retired,,Success
4649,RVSN USSR,"Site 1/5, Baikonur Cosmodrome, Kazakhstan","Sun Mar 22, 1981 14:58 UTC",Soyuz U | Soyuz 39,Retired,20.0,Success
4650,RVSN USSR,"Site 90/19, Baikonur Cosmodrome, Kazakhstan","Fri Mar 20, 1981 23:45 UTC",Tsyklon-2 | Cosmos 1260,Retired,,Success
4651,RVSN USSR,"Site 200/40, Baikonur Cosmodrome, Kazakhstan","Wed Mar 18, 1981 04:40 UTC",Proton-K/Block-DM | Raduga 8,Retired,,Success
4652,RVSN USSR,"Site 31/6, Baikonur Cosmodrome, Kazakhstan","Tue Mar 17, 1981 08:40 UTC",Soyuz U | Cosmos 1259,Retired,20.0,Success
4653,Martin Marietta,"SLC-40, Cape Canaveral SFS, Florida, USA","Mon Mar 16, 1981 19:24 UTC",Titan III(23)C | DSP-9,Retired,,Success
4654,RVSN USSR,"Site 90/20, Baikonur Cosmodrome, Kazakhstan","Sat Mar 14, 1981 16:55 UTC",Tsyklon-2 | Cosmos 1258,Retired,,Success
4655,RVSN USSR,"Site 1/5, Baikonur Cosmodrome, Kazakhstan","Thu Mar 12, 1981 19:00 UTC",Soyuz U | Soyuz T-4,Retired,20.0,Success
4656,RVSN USSR,"Site 132/2, Plesetsk Cosmodrome, Russia","Fri Mar 06, 1981 11:31 UTC",Cosmos-3M | Cosmos 1250 to 1257,Retired,,Success
4657,RVSN USSR,"Site 90/19, Baikonur Cosmodrome, Kazakhstan","Thu Mar 05, 1981 18:09 UTC",Tsyklon-2 | Cosmos 1249,Retired,,Success
4658,RVSN USSR,"Site 41/1, Plesetsk Cosmodrome, Russia","Thu Mar 05, 1981 15:00 UTC",Soyuz U | Cosmos 1248,Retired,20.0,Success
4659,US Air Force,"SLC-4W, Vandenberg SFB, California, USA","Sat Feb 28, 1981 19:15 UTC",Titan III(24)B | KH-8 51 (Gambit-3 51),Retired,,Success
4660,General Dynamics,"SLC-36A, Cape Canaveral SFS, Florida, USA","Sat Feb 21, 1981 23:23 UTC",Atlas-SLV3D Centaur-D1AR | Comstar D4,Retired,,Success
4661,ISAS,"Mu Pad, Uchinoura Space Center, Japan","Sat Feb 21, 1981 00:30 UTC",Mu-III S | Hinotori,Retired,,Success
4662,RVSN USSR,"Site 16/2, Plesetsk Cosmodrome, Russia","Thu Feb 19, 1981 10:00 UTC",Molniya-M/Block 2BL | Cosmos 1247,Retired,,Success
4663,RVSN USSR,"Site 31/6, Baikonur Cosmodrome, Kazakhstan","Wed Feb 18, 1981 09:00 UTC",Soyuz U | Cosmos 1246,Retired,20.0,Success
4664,RVSN USSR,"Site 43/3, Plesetsk Cosmodrome, Russia","Fri Feb 13, 1981 11:15 UTC",Soyuz U | Cosmos 1245,Retired,20.0,Success
4665,RVSN USSR,"Site 132/1, Plesetsk Cosmodrome, Russia","Thu Feb 12, 1981 18:21 UTC",Cosmos-3M | Cosmos 1244,Retired,,Success
4666,MHI,"LA-Y1, Tanegashima Space Center, Japan","Wed Feb 11, 1981 08:30 UTC",N-II Star-37E | Kiku 3,Retired,,Success
4667,RVSN USSR,"Site 132/1, Plesetsk Cosmodrome, Russia","Fri Feb 06, 1981 08:00 UTC",Cosmos-3M | Intercosmos 21,Retired,,Success
4668,RVSN USSR,"Site 90/20, Baikonur Cosmodrome, Kazakhstan","Mon Feb 02, 1981 02:19 UTC",Tsyklon-2 | Cosmos 1243,Retired,,Success
4669,RVSN USSR,"Site 43/3, Plesetsk Cosmodrome, Russia","Fri Jan 30, 1981 16:27 UTC",Molniya-M/Block ML | Molniya-1 n°89,Retired,,Success
4670,RVSN USSR,"Site 43/3, Plesetsk Cosmodrome, Russia","Tue Jan 27, 1981 14:58 UTC",Vostok-2M | Cosmos 1242,Retired,,Success
4671,RVSN USSR,"Site 1/5, Baikonur Cosmodrome, Kazakhstan","Sat Jan 24, 1981 14:18 UTC",Soyuz U | Progress 12,Retired,20.0,Success
4672,RVSN USSR,"Site 32/1, Plesetsk Cosmodrome, Russia","Fri Jan 23, 1981 11:20 UTC",Tsyklon-3 | GEO-IK n°01,Retired,,Failure
4673,RVSN USSR,"Site 132/1, Plesetsk Cosmodrome, Russia","Wed Jan 21, 1981 08:29 UTC",Cosmos-3M | Cosmos 1241,Retired,,Success
4674,RVSN USSR,"Site 31/6, Baikonur Cosmodrome, Kazakhstan","Tue Jan 20, 1981 11:00 UTC",Soyuz U | Cosmos 1240,Retired,20.0,Success
4675,RVSN USSR,"Site 41/1, Plesetsk Cosmodrome, Russia","Fri Jan 16, 1981 12:00 UTC",Soyuz U | Cosmos 1239,Retired,20.0,Success
4676,RVSN USSR,"Site 132/1, Plesetsk Cosmodrome, Russia","Fri Jan 16, 1981 09:00 UTC",Cosmos-3M | Cosmos 1238,Retired,,Success
4677,RVSN USSR,"Site 41/1, Plesetsk Cosmodrome, Russia","Fri Jan 09, 1981 14:57 UTC",Molniya-M/Block ML | Molniya-3 n°88,Retired,,Success
4678,RVSN USSR,"Site 41/1, Plesetsk Cosmodrome, Russia","Tue Jan 06, 1981 12:15 UTC",Soyuz U | Cosmos 1237,Retired,20.0,Success
4679,RVSN USSR,"Site 41/1, Plesetsk Cosmodrome, Russia","Fri Dec 26, 1980 16:10 UTC",Soyuz U | Cosmos 1236,Retired,20.0,Success
4680,RVSN USSR,"Site 200/40, Baikonur Cosmodrome, Kazakhstan","Fri Dec 26, 1980 11:49 UTC",Proton-K/Block-DM | Ekran 6,Retired,,Success
4681,RVSN USSR,"Site 31/6, Baikonur Cosmodrome, Kazakhstan","Thu Dec 25, 1980 04:02 UTC",Molniya-M/Block SO-L | Prognoz n°8,Retired,,Success
4682,RVSN USSR,"Site 132/1, Plesetsk Cosmodrome, Russia","Tue Dec 23, 1980 22:48 UTC",Cosmos-3M | Cosmos 1228 to 1235,Retired,,Partial Failure
4683,RVSN USSR,"Site 43/3, Plesetsk Cosmodrome, Russia","Tue Dec 16, 1980 12:15 UTC",Soyuz U | Cosmos 1227,Retired,20.0,Success
4684,Martin Marietta,"SLC-4W, Vandenberg SFB, California, USA","Sat Dec 13, 1980 16:04 UTC",Titan III(34)B Agena-D | Quasar-4,Retired,,Success
4685,RVSN USSR,"Site 132/1, Plesetsk Cosmodrome, Russia","Wed Dec 10, 1980 20:53 UTC",Cosmos-3M | Cosmos 1226,Retired,,Success
4686,General Dynamics,"SLC-3W, Vandenberg SFB, California, USA","Tue Dec 09, 1980 07:18 UTC",Atlas-E/F MSD | MSD 4 & NOSS 4A to 4C & LIPS 1,Retired,,Failure
4687,General Dynamics,"SLC-36B, Cape Canaveral SFS, Florida, USA","Sat Dec 06, 1980 23:31 UTC",Atlas-SLV3D Centaur-D1AR | Intelsat 502,Retired,,Success
4688,RVSN USSR,"Site 86/1, Kapustin Yar, Russia","Fri Dec 05, 1980",K65M-RB5 | BOR-4 n°401,Retired,,Success
4689,RVSN USSR,"Site 132/1, Plesetsk Cosmodrome, Russia","Fri Dec 05, 1980 04:23 UTC",Cosmos-3M | Cosmos 1225,Retired,,Success
4690,RVSN USSR,"Site 43/3, Plesetsk Cosmodrome, Russia","Mon Dec 01, 1980 12:15 UTC",Soyuz U | Cosmos 1224,Retired,20.0,Success
4691,RVSN USSR,"Site 41/1, Plesetsk Cosmodrome, Russia","Thu Nov 27, 1980 21:37 UTC",Molniya-M/Block 2BL | Cosmos 1223,Retired,,Success
4692,RVSN USSR,"Site 1/5, Baikonur Cosmodrome, Kazakhstan","Thu Nov 27, 1980 14:18 UTC",Soyuz U | Soyuz T-3,Retired,20.0,Success
4693,RVSN USSR,"Site 43/3, Plesetsk Cosmodrome, Russia","Fri Nov 21, 1980 11:53 UTC",Vostok-2M | Cosmos 1222,Retired,,Success
4694,RVSN USSR,"Site 41/1, Plesetsk Cosmodrome, Russia","Sun Nov 16, 1980 04:18 UTC",Molniya-M/Block ML | Molniya-1 n°87,Retired,,Success
4695,US Air Force,"SLC-17A, Cape Canaveral SFS, Florida, USA","Sat Nov 15, 1980 22:49 UTC",Delta 3910 | SBS-1,Retired,,Success
4696,RVSN USSR,"Site 41/1, Plesetsk Cosmodrome, Russia","Wed Nov 12, 1980 12:21 UTC",Soyuz U | Cosmos 1221,Retired,20.0,Success
4697,RVSN USSR,"Site 90/20, Baikonur Cosmodrome, Kazakhstan","Tue Nov 04, 1980 15:04 UTC",Tsyklon-2 | Cosmos 1220,Retired,,Success
4698,RVSN USSR,"Site 41/1, Plesetsk Cosmodrome, Russia","Fri Oct 31, 1980 12:00 UTC",Soyuz U | Cosmos 1219,Retired,20.0,Success
4699,General Dynamics,"SLC-36A, Cape Canaveral SFS, Florida, USA","Fri Oct 31, 1980 03:54 UTC",Atlas-SLV3D Centaur-D1AR | FLTSATCOM-4,Retired,,Success
4700,RVSN USSR,"Site 31/6, Baikonur Cosmodrome, Kazakhstan","Thu Oct 30, 1980 10:00 UTC",Soyuz U | Cosmos 1218,Retired,20.0,Success
4701,RVSN USSR,"Site 41/1, Plesetsk Cosmodrome, Russia","Fri Oct 24, 1980 10:53 UTC",Molniya-M/Block 2BL | Cosmos 1217,Retired,,Success
4702,RVSN USSR,"Site 41/1, Plesetsk Cosmodrome, Russia","Thu Oct 16, 1980 12:20 UTC",Soyuz U | Cosmos 1216,Retired,20.0,Success
4703,RVSN USSR,"Site 132/1, Plesetsk Cosmodrome, Russia","Tue Oct 14, 1980 20:41 UTC",Cosmos-3M | Cosmos 1215,Retired,,Success
4704,RVSN USSR,"Site 41/1, Plesetsk Cosmodrome, Russia","Fri Oct 10, 1980 13:10 UTC",Soyuz U | Cosmos 1214,Retired,20.0,Success
4705,RVSN USSR,"Site 200/40, Baikonur Cosmodrome, Kazakhstan","Sun Oct 05, 1980 17:10 UTC",Proton-K/Block-DM | Raduga 7,Retired,,Success
4706,RVSN USSR,"Site 41/1, Plesetsk Cosmodrome, Russia","Fri Oct 03, 1980 12:00 UTC",Soyuz U | Cosmos 1213,Retired,20.0,Success
4707,RVSN USSR,"Site 1/5, Baikonur Cosmodrome, Kazakhstan","Sun Sep 28, 1980 15:09 UTC",Soyuz U | Progress 11,Retired,20.0,Success
4708,RVSN USSR,"Site 41/1, Plesetsk Cosmodrome, Russia","Fri Sep 26, 1980 10:10 UTC",Soyuz U | Cosmos 1212,Retired,20.0,Success
4709,RVSN USSR,"Site 41/1, Plesetsk Cosmodrome, Russia","Tue Sep 23, 1980 10:30 UTC",Soyuz U | Cosmos 1211,Retired,20.0,Success
4710,RVSN USSR,"Site 41/1, Plesetsk Cosmodrome, Russia","Fri Sep 19, 1980 10:10 UTC",Soyuz U | Cosmos 1210,Retired,20.0,Success
4711,RVSN USSR,"Site 1/5, Baikonur Cosmodrome, Kazakhstan","Thu Sep 18, 1980 19:11 UTC",Soyuz U | Soyuz 38,Retired,20.0,Success
4712,US Air Force,"SLC-17A, Cape Canaveral SFS, Florida, USA","Tue Sep 09, 1980 22:27 UTC",Delta 3914 | GOES-D,Retired,,Success
4713,RVSN USSR,"Site 43/3, Plesetsk Cosmodrome, Russia","Tue Sep 09, 1980 11:00 UTC",Vostok-2M | Meteor-2 n°7,Retired,,Success
4714,RVSN USSR,"Site 41/1, Plesetsk Cosmodrome, Russia","Wed Sep 03, 1980 10:20 UTC",Soyuz U | Cosmos 1209,Retired,20.0,Success
4715,RVSN USSR,"Site 41/1, Plesetsk Cosmodrome, Russia","Tue Aug 26, 1980 15:30 UTC",Soyuz U | Cosmos 1208,Retired,20.0,Success
4716,RVSN USSR,"Site 41/1, Plesetsk Cosmodrome, Russia","Fri Aug 22, 1980 10:00 UTC",Soyuz U | Cosmos 1207,Retired,20.0,Success
4717,RVSN USSR,"Site 43/3, Plesetsk Cosmodrome, Russia","Fri Aug 15, 1980 05:34 UTC",Vostok-2M | Cosmos 1206,Retired,,Success
4718,RVSN USSR,"Site 43/3, Plesetsk Cosmodrome, Russia","Tue Aug 12, 1980 11:50 UTC",Soyuz U | Cosmos 1205,Retired,20.0,Success
4719,RVSN USSR,"Site 107/1, Kapustin Yar, Russia","Thu Jul 31, 1980 10:20 UTC",Cosmos-3M | Cosmos 1204,Retired,,Success
4720,RVSN USSR,"Site 43/3, Plesetsk Cosmodrome, Russia","Thu Jul 31, 1980 07:45 UTC",Soyuz U | Cosmos 1203,Retired,20.0,Success
4721,RVSN USSR,"Site 43/3, Plesetsk Cosmodrome, Russia","Thu Jul 24, 1980 12:40 UTC",Soyuz U | Cosmos 1202,Retired,20.0,Success
4722,RVSN USSR,"Site 1/5, Baikonur Cosmodrome, Kazakhstan","Wed Jul 23, 1980 18:33 UTC",Soyuz U | Soyuz 37,Retired,20.0,Success
4723,RVSN USSR,"Site 43/3, Plesetsk Cosmodrome, Russia","Fri Jul 18, 1980 10:37 UTC",Molniya-M/Block ML | Molniya-3 n°86,Retired,,Success
4724,ISRO,"SLV LP, Satish Dhawan Space Centre, India","Fri Jul 18, 1980 02:33 UTC",SLV-3 | Rohini RS-1,Retired,,Success
4725,RVSN USSR,"Site 43/3, Plesetsk Cosmodrome, Russia","Tue Jul 15, 1980 07:30 UTC",Soyuz U | Cosmos 1201,Retired,20.0,Success
4726,US Air Force,"SLC-10W (75-2-6), Vandenberg SFB, California, USA","Tue Jul 15, 1980 02:22 UTC",Thor LV2F Star-ISS | DMSP-5D1 F5,Retired,,Failure
4727,RVSN USSR,"Site 200/40, Baikonur Cosmodrome, Kazakhstan","Mon Jul 14, 1980 22:35 UTC",Proton-K/Block-DM | Ekran 5,Retired,,Success
4728,RVSN USSR,"Site 41/1, Plesetsk Cosmodrome, Russia","Wed Jul 09, 1980 12:40 UTC",Soyuz U | Cosmos 1200,Retired,20.0,Success
4729,RVSN USSR,"Site 132/2, Plesetsk Cosmodrome, Russia","Wed Jul 09, 1980 00:42 UTC",Cosmos-3M | Cosmos 1192 to 1199,Retired,,Success
4730,RVSN USSR,"Site 41/1, Plesetsk Cosmodrome, Russia","Wed Jul 02, 1980 00:53 UTC",Molniya-M/Block 2BL | Cosmos 1191,Retired,,Success
4731,RVSN USSR,"Site 132/2, Plesetsk Cosmodrome, Russia","Tue Jul 01, 1980 07:12 UTC",Cosmos-3M | Cosmos 1190,Retired,,Success
4732,RVSN USSR,"Site 1/5, Baikonur Cosmodrome, Kazakhstan","Sun Jun 29, 1980 04:40 UTC",Soyuz U | Progress 10,Retired,20.0,Success
4733,RVSN USSR,"Site 41/1, Plesetsk Cosmodrome, Russia","Thu Jun 26, 1980 12:20 UTC",Soyuz U | Cosmos 1189,Retired,20.0,Success
4734,RVSN USSR,"Site 41/1, Plesetsk Cosmodrome, Russia","Sat Jun 21, 1980 18:34 UTC",Molniya-M/Block ML | Molniya-1 n°85,Retired,,Success
4735,Martin Marietta,"SLC-4E, Vandenberg SFB, California, USA","Wed Jun 18, 1980 18:30 UTC",Titan IIID | KH-9 16 (Hexagon 16) & P-801 6,Retired,,Success
4736,RVSN USSR,"Site 31/6, Baikonur Cosmodrome, Kazakhstan","Wed Jun 18, 1980 06:14 UTC",Vostok-2M | Meteor-Priroda n°4,Retired,,Success
4737,RVSN USSR,"Site 43/3, Plesetsk Cosmodrome, Russia","Sat Jun 14, 1980 20:51 UTC",Molniya-M/Block 2BL | Cosmos 1188,Retired,,Success
4738,RVSN USSR,"Site 200/39, Baikonur Cosmodrome, Kazakhstan","Sat Jun 14, 1980 00:49 UTC",Proton-K/Block-DM | Gorizont 4,Retired,,Success
4739,RVSN USSR,"Site 41/1, Plesetsk Cosmodrome, Russia","Thu Jun 12, 1980 12:30 UTC",Soyuz U | Cosmos 1187,Retired,20.0,Success
4740,RVSN USSR,"Site 132/1, Plesetsk Cosmodrome, Russia","Fri Jun 06, 1980 11:00 UTC",Cosmos-3M | Cosmos 1186,Retired,,Success
4741,RVSN USSR,"Site 41/1, Plesetsk Cosmodrome, Russia","Fri Jun 06, 1980 07:00 UTC",Soyuz U | Cosmos 1185,Retired,20.0,Success
4742,RVSN USSR,"Site 1/5, Baikonur Cosmodrome, Kazakhstan","Thu Jun 05, 1980 14:19 UTC",Soyuz U | Soyuz T-2,Retired,20.0,Success
4743,RVSN USSR,"Site 43/3, Plesetsk Cosmodrome, Russia","Wed Jun 04, 1980 07:34 UTC",Vostok-2M | Cosmos 1184,Retired,,Success
4744,General Dynamics,"SLC-3W, Vandenberg SFB, California, USA","Thu May 29, 1980 10:53 UTC",Atlas-E/F Star-37S-ISS | NOAA-B,Retired,,Failure
4745,RVSN USSR,"Site 41/1, Plesetsk Cosmodrome, Russia","Wed May 28, 1980 12:00 UTC",Soyuz U | Cosmos 1183,Retired,20.0,Success
4746,RVSN USSR,"Site 31/6, Baikonur Cosmodrome, Kazakhstan","Mon May 26, 1980 18:20 UTC",Soyuz U | Soyuz 36,Retired,20.0,Success
4747,ESA,"ELA-1, Guiana Space Centre, French Guiana, France","Fri May 23, 1980 14:29 UTC","Ariane 1 | CAT-2, Amsat P3A & Firewheel",Retired,,Failure
4748,RVSN USSR,"Site 43/3, Plesetsk Cosmodrome, Russia","Fri May 23, 1980 07:10 UTC",Soyuz U | Cosmos 1182,Retired,20.0,Success
4749,RVSN USSR,"Site 132/2, Plesetsk Cosmodrome, Russia","Tue May 20, 1980 09:21 UTC",Cosmos-3M | Cosmos 1181,Retired,,Success
4750,RVSN USSR,"Site 43/3, Plesetsk Cosmodrome, Russia","Thu May 15, 1980 05:35 UTC",Soyuz U | Cosmos 1180,Retired,20.0,Success
4751,RVSN USSR,"Site 132/1, Plesetsk Cosmodrome, Russia","Wed May 14, 1980 13:00 UTC",Cosmos-3M | Cosmos 1179,Retired,,Success
4752,RVSN USSR,"Site 41/1, Plesetsk Cosmodrome, Russia","Wed May 07, 1980 13:00 UTC",Soyuz U | Cosmos 1178,Retired,20.0,Success
4753,RVSN USSR,"Site 43/3, Plesetsk Cosmodrome, Russia","Tue Apr 29, 1980 13:30 UTC",Soyuz U | Cosmos 1177,Retired,20.0,Success
4754,RVSN USSR,"Site 90/20, Baikonur Cosmodrome, Kazakhstan","Tue Apr 29, 1980 11:40 UTC",Tsyklon-2 | Cosmos 1176,Retired,,Success
4755,RVSN USSR,"Site 1/5, Baikonur Cosmodrome, Kazakhstan","Sun Apr 27, 1980 06:24 UTC",Soyuz U | Progress 9,Retired,20.0,Success
4756,General Dynamics,"SLC-3E, Vandenberg SFB, California, USA","Sat Apr 26, 1980 10:00 UTC",Atlas-E/F SGS-1 | GPS-6,Retired,,Success
4757,RVSN USSR,"Site 41/1, Plesetsk Cosmodrome, Russia","Fri Apr 18, 1980 17:31 UTC",Molniya-M/Block ML | Cosmos 1175,Retired,,Partial Failure
4758,RVSN USSR,"Site 90/20, Baikonur Cosmodrome, Kazakhstan","Fri Apr 18, 1980 00:51 UTC",Tsyklon-2 | Cosmos 1174,Retired,,Success
4759,RVSN USSR,"Site 1/5, Baikonur Cosmodrome, Kazakhstan","Thu Apr 17, 1980 08:30 UTC",Soyuz U | Cosmos 1173,Retired,20.0,Success
4760,RVSN USSR,"Site 41/1, Plesetsk Cosmodrome, Russia","Sat Apr 12, 1980 20:17 UTC",Molniya-M/Block 2BL | Cosmos 1172,Retired,,Success
4761,RVSN USSR,"Site 31/6, Baikonur Cosmodrome, Kazakhstan","Wed Apr 09, 1980 13:38 UTC",Soyuz U | Soyuz 35,Retired,20.0,Success
4762,RVSN USSR,"Site 132/2, Plesetsk Cosmodrome, Russia","Thu Apr 03, 1980 07:40 UTC",Cosmos-3M | Cosmos 1171,Retired,,Success
4763,RVSN USSR,"Site 1/5, Baikonur Cosmodrome, Kazakhstan","Tue Apr 01, 1980 08:00 UTC",Soyuz U | Cosmos 1170,Retired,20.0,Success
4764,RVSN USSR,"Site 31/6, Baikonur Cosmodrome, Kazakhstan","Thu Mar 27, 1980 18:53 UTC",Soyuz U | Progress 8,Retired,20.0,Success
4765,RVSN USSR,"Site 132/1, Plesetsk Cosmodrome, Russia","Thu Mar 27, 1980 07:30 UTC",Cosmos-3M | Cosmos 1169,Retired,,Success
4766,RVSN USSR,"Site 132/1, Plesetsk Cosmodrome, Russia","Mon Mar 17, 1980 21:37 UTC",Cosmos-3M | Cosmos 1168,Retired,,Success
4767,RVSN USSR,"Site 90/20, Baikonur Cosmodrome, Kazakhstan","Fri Mar 14, 1980 10:40 UTC",Tsyklon-2 | Cosmos 1167,Retired,,Success
4768,RVSN USSR,"Site 43/4, Plesetsk Cosmodrome, Russia","Tue Mar 04, 1980 10:30 UTC",Soyuz U | Cosmos 1166,Retired,20.0,Success
4769,General Dynamics,"SLC-3W, Vandenberg SFB, California, USA","Mon Mar 03, 1980 09:27 UTC",Atlas-E/F MSD | MSD 3 & NOSS 3A to 3C,Retired,,Success
4770,MHI,"LA-Y1, Tanegashima Space Center, Japan","Fri Feb 22, 1980 08:35 UTC",N-I Star-37E | Ayame 2,Retired,,Success
4771,RVSN USSR,"Site 43/4, Plesetsk Cosmodrome, Russia","Thu Feb 21, 1980 12:00 UTC",Soyuz U | Cosmos 1165,Retired,20.0,Success
4772,RVSN USSR,"Site 200/39, Baikonur Cosmodrome, Kazakhstan","Wed Feb 20, 1980 08:05 UTC",Proton-K/Block-DM | Raduga 6,Retired,,Success
4773,ISAS,"Mu Pad, Uchinoura Space Center, Japan","Sun Feb 17, 1980 00:40 UTC",Mu-III S | Tansei 4,Retired,,Success
4774,US Air Force,"SLC-17A, Cape Canaveral SFS, Florida, USA","Thu Feb 14, 1980 15:57 UTC",Delta 3910 | Solar Maximum Mission,Retired,,Success
4775,RVSN USSR,"Site 43/4, Plesetsk Cosmodrome, Russia","Tue Feb 12, 1980 00:52 UTC",Molniya-M/Block 2BL | Cosmos 1164,Retired,,Partial Failure
4776,RVSN USSR,"Site 132/2, Plesetsk Cosmodrome, Russia","Mon Feb 11, 1980 23:32 UTC",Cosmos-3M | Cosmos 1156 to 1163,Retired,,Success
4777,General Dynamics,"SLC-3E, Vandenberg SFB, California, USA","Sat Feb 09, 1980 23:08 UTC",Atlas-E/F SGS-1 | GPS-5,Retired,,Success
4778,Martin Marietta,"SLC-4E, Vandenberg SFB, California, USA","Thu Feb 07, 1980 21:10 UTC",Titan IIID | KH-11 3 (Kennen 3),Retired,,Success
4779,RVSN USSR,"Site 43/4, Plesetsk Cosmodrome, Russia","Thu Feb 07, 1980 11:02 UTC",Soyuz U | Cosmos 1155,Retired,20.0,Success
4780,RVSN USSR,"Site 43/4, Plesetsk Cosmodrome, Russia","Wed Jan 30, 1980 12:51 UTC",Vostok-2M | Cosmos 1154,Retired,,Success
4781,RVSN USSR,"Site 132/2, Plesetsk Cosmodrome, Russia","Fri Jan 25, 1980 20:36 UTC",Cosmos-3M | Cosmos 1153,Retired,,Success
4782,RVSN USSR,"Site 43/3, Plesetsk Cosmodrome, Russia","Thu Jan 24, 1980 15:45 UTC",Soyuz U | Cosmos 1152,Retired,20.0,Success
4783,RVSN USSR,"Site 32/1, Plesetsk Cosmodrome, Russia","Wed Jan 23, 1980 07:00 UTC",Tsyklon-3 | Cosmos 1151,Retired,,Success
4784,General Dynamics,"SLC-36A, Cape Canaveral SFS, Florida, USA","Fri Jan 18, 1980 01:26 UTC",Atlas-SLV3D Centaur-D1AR | FLTSATCOM-3,Retired,,Success
4785,RVSN USSR,"Site 132/2, Plesetsk Cosmodrome, Russia","Mon Jan 14, 1980 19:49 UTC",Cosmos-3M | Cosmos 1150,Retired,,Success
4786,RVSN USSR,"Site 41/1, Plesetsk Cosmodrome, Russia","Fri Jan 11, 1980 12:28 UTC",Molniya-M/Block ML | Molniya-1 n°83,Retired,,Success
4787,RVSN USSR,"Site 43/3, Plesetsk Cosmodrome, Russia","Wed Jan 09, 1980 12:15 UTC",Soyuz U | Cosmos 1149,Retired,20.0,Success
4788,RVSN USSR,"Site 43/3, Plesetsk Cosmodrome, Russia","Fri Dec 28, 1979 13:00 UTC",Soyuz U | Cosmos 1148,Retired,20.0,Success
4789,RVSN USSR,"Site 200/40, Baikonur Cosmodrome, Kazakhstan","Fri Dec 28, 1979 11:51 UTC",Proton-K/Block-DM | Gorizont 3,Retired,,Success
4790,ESA,"ELA-1, Guiana Space Centre, French Guiana, France","Mon Dec 24, 1979 17:14 UTC",Ariane 1 | CAT-1,Retired,,Success
4791,RVSN USSR,"Site 1/5, Baikonur Cosmodrome, Kazakhstan","Sun Dec 16, 1979 12:29 UTC",Soyuz U | Soyuz T-1,Retired,20.0,Success
4792,RVSN USSR,"Site 43/3, Plesetsk Cosmodrome, Russia","Wed Dec 12, 1979 12:30 UTC",Soyuz U | Cosmos 1147,Retired,20.0,Success
4793,US Air Force,"SLC-17A, Cape Canaveral SFS, Florida, USA","Fri Dec 07, 1979 01:35 UTC",Delta 3914 | Satcom-3,Retired,,Success
4794,RVSN USSR,"Site 132/2, Plesetsk Cosmodrome, Russia","Wed Dec 05, 1979 09:00 UTC",Cosmos-3M | Cosmos 1146,Retired,,Success
4795,RVSN USSR,"Site 43/4, Plesetsk Cosmodrome, Russia","Tue Nov 27, 1979 09:55 UTC",Vostok-2M | Cosmos 1145,Retired,,Success
4796,Martin Marietta,"SLC-40, Cape Canaveral SFS, Florida, USA","Wed Nov 21, 1979 02:09 UTC",Titan III(23)C | DSCS-II 13&14,Retired,,Success
4797,RVSN USSR,"Site 43/3, Plesetsk Cosmodrome, Russia","Fri Nov 02, 1979 16:00 UTC",Soyuz U | Cosmos 1144,Retired,20.0,Success
4798,RVSN USSR,"Site 132/2, Plesetsk Cosmodrome, Russia","Thu Nov 01, 1979 08:05 UTC",Cosmos-3M | Intercosmos 20,Retired,,Success
4799,RVSN USSR,"Site 43/4, Plesetsk Cosmodrome, Russia","Wed Oct 31, 1979 09:25 UTC",Vostok-2M | Meteor-2 n°6,Retired,,Success
4800,US Air Force,"SLC-5, Vandenberg SFB, California, USA","Tue Oct 30, 1979 14:16 UTC",Scout G1 | Explorer 61 (Magsat-A),Retired,,Success
4801,RVSN USSR,"Site 43/4, Plesetsk Cosmodrome, Russia","Fri Oct 26, 1979 18:12 UTC",Vostok-2M | Cosmos 1143,Retired,,Success
4802,RVSN USSR,"Site 43/3, Plesetsk Cosmodrome, Russia","Mon Oct 22, 1979 12:30 UTC",Soyuz U | Cosmos 1142,Retired,20.0,Success
4803,RVSN USSR,"Site 41/1, Plesetsk Cosmodrome, Russia","Sat Oct 20, 1979 07:03 UTC",Molniya-M/Block ML | Molniya-1 n°82,Retired,,Success
4804,RVSN USSR,"Site 132/2, Plesetsk Cosmodrome, Russia","Tue Oct 16, 1979 12:17 UTC",Cosmos-3M | Cosmos 1141,Retired,,Success
4805,RVSN USSR,"Site 43/3, Plesetsk Cosmodrome, Russia","Fri Oct 12, 1979 12:30 UTC",Soyuz U | Zenit-6 n°473,Retired,20.0,Failure
4806,RVSN USSR,"Site 132/2, Plesetsk Cosmodrome, Russia","Thu Oct 11, 1979 16:36 UTC",Cosmos-3M | Cosmos 1140,Retired,,Success
4807,RVSN USSR,"Site 41/1, Plesetsk Cosmodrome, Russia","Fri Oct 05, 1979 11:30 UTC",Soyuz U | Cosmos 1139,Retired,20.0,Success
4808,RVSN USSR,"Site 200/40, Baikonur Cosmodrome, Kazakhstan","Wed Oct 03, 1979 17:12 UTC",Proton-K/Block-DM | Ekran 4,Retired,,Success
4809,Martin Marietta,"SLC-40, Cape Canaveral SFS, Florida, USA","Mon Oct 01, 1979 11:22 UTC",Titan III(23)C | Vortex 9 (OPS 1948),Retired,,Success
4810,RVSN USSR,"Site 43/3, Plesetsk Cosmodrome, Russia","Fri Sep 28, 1979 12:20 UTC",Soyuz U | Cosmos 1138,Retired,20.0,Success
4811,RVSN USSR,"Site 132/2, Plesetsk Cosmodrome, Russia","Tue Sep 25, 1979 21:00 UTC",Cosmos-3M | Cosmos 1130 to 1137,Retired,,Success
4812,RVSN USSR,"Site 41/1, Plesetsk Cosmodrome, Russia","Tue Sep 25, 1979 15:30 UTC",Soyuz U | Cosmos 1129,Retired,20.0,Success
4813,General Dynamics,"SLC-36B, Cape Canaveral SFS, Florida, USA","Thu Sep 20, 1979 05:28 UTC",Atlas-SLV3D Centaur-D1AR | HEAO-3,Retired,,Success
4814,RVSN USSR,"Site 43/4, Plesetsk Cosmodrome, Russia","Fri Sep 14, 1979 15:30 UTC",Soyuz U | Cosmos 1128,Retired,20.0,Success
4815,RVSN USSR,"Site 41/1, Plesetsk Cosmodrome, Russia","Wed Sep 05, 1979 10:20 UTC",Soyuz U | Cosmos 1127,Retired,20.0,Success
4816,RVSN USSR,"Site 43/4, Plesetsk Cosmodrome, Russia","Fri Aug 31, 1979 11:30 UTC",Soyuz U | Cosmos 1126,Retired,20.0,Success
4817,RVSN USSR,"Site 132/1, Plesetsk Cosmodrome, Russia","Tue Aug 28, 1979 00:55 UTC",Cosmos-3M | Cosmos 1125,Retired,,Success
4818,RVSN USSR,"Site 43/4, Plesetsk Cosmodrome, Russia","Tue Aug 28, 1979 00:17 UTC",Molniya-M/Block 2BL | Cosmos 1124,Retired,,Success
4819,RVSN USSR,"Site 41/1, Plesetsk Cosmodrome, Russia","Tue Aug 21, 1979 11:10 UTC",Soyuz U | Cosmos 1123,Retired,20.0,Success
4820,RVSN USSR,"Site 43/4, Plesetsk Cosmodrome, Russia","Fri Aug 17, 1979 07:45 UTC",Soyuz U | Cosmos 1122,Retired,20.0,Success
4821,RVSN USSR,"Site 43/3, Plesetsk Cosmodrome, Russia","Tue Aug 14, 1979 15:30 UTC",Soyuz U | Cosmos 1121,Retired,20.0,Success
4822,RVSN USSR,"Site 31/6, Baikonur Cosmodrome, Kazakhstan","Sat Aug 11, 1979 09:15 UTC",Soyuz U | Cosmos 1120,Retired,20.0,Success
4823,ISRO,"SLV LP, Satish Dhawan Space Centre, India","Fri Aug 10, 1979 02:28 UTC",SLV-3 | Rohini 1A,Retired,,Failure
4824,US Air Force,"SLC-17A, Cape Canaveral SFS, Florida, USA","Fri Aug 10, 1979 00:20 UTC",Delta 2914 | Westar-3,Retired,,Success
4825,RVSN USSR,"Site 43/3, Plesetsk Cosmodrome, Russia","Fri Aug 03, 1979 10:45 UTC",Soyuz U | Cosmos 1119,Retired,20.0,Success
4826,RVSN USSR,"Site 43/3, Plesetsk Cosmodrome, Russia","Tue Jul 31, 1979 03:56 UTC",Molniya-M/Block ML | Molniya-1 n°81,Retired,,Success
4827,MASI,"Site 138 (LA-2B), Jiuquan Satellite Launch Center, China","Fri Jul 27, 1979 21:28 UTC",Feng Bao 1 | Shijian 2A,Retired,,Failure
4828,RVSN USSR,"Site 43/4, Plesetsk Cosmodrome, Russia","Fri Jul 27, 1979 07:30 UTC",Soyuz U | Cosmos 1118,Retired,20.0,Success
4829,RVSN USSR,"Site 43/3, Plesetsk Cosmodrome, Russia","Wed Jul 25, 1979 15:20 UTC",Soyuz U | Cosmos 1117,Retired,20.0,Success
4830,RVSN USSR,"Site 43/4, Plesetsk Cosmodrome, Russia","Fri Jul 20, 1979 11:58 UTC",Vostok-2M | Cosmos 1116,Retired,,Success
4831,RVSN USSR,"Site 43/4, Plesetsk Cosmodrome, Russia","Fri Jul 13, 1979 08:25 UTC",Soyuz U | Cosmos 1115,Retired,20.0,Success
4832,RVSN USSR,"Site 132/1, Plesetsk Cosmodrome, Russia","Wed Jul 11, 1979 15:41 UTC",Cosmos-3M | Cosmos 1114,Retired,,Success
4833,RVSN USSR,"Site 31/6, Baikonur Cosmodrome, Kazakhstan","Tue Jul 10, 1979 09:00 UTC",Soyuz U | Cosmos 1113,Retired,20.0,Success
4834,RVSN USSR,"Site 107/1, Kapustin Yar, Russia","Fri Jul 06, 1979 08:20 UTC",Cosmos-3M | Cosmos 1112,Retired,,Success
4835,RVSN USSR,"Site 200/40, Baikonur Cosmodrome, Kazakhstan","Thu Jul 05, 1979 23:19 UTC",Proton-K/Block-DM | Gorizont 2,Retired,,Success
4836,RVSN USSR,"Site 43/3, Plesetsk Cosmodrome, Russia","Fri Jun 29, 1979 16:00 UTC",Soyuz U | Cosmos 1111,Retired,20.0,Success
4837,RVSN USSR,"Site 132/1, Plesetsk Cosmodrome, Russia","Thu Jun 28, 1979 20:09 UTC",Cosmos-3M | Cosmos 1110,Retired,,Success
4838,RVSN USSR,"Site 31/6, Baikonur Cosmodrome, Kazakhstan","Thu Jun 28, 1979 09:25 UTC",Soyuz U | Progress 7,Retired,20.0,Success
4839,RVSN USSR,"Site 41/1, Plesetsk Cosmodrome, Russia","Wed Jun 27, 1979 18:11 UTC",Molniya-M/Block 2BL | Cosmos 1109,Retired,,Success
4840,General Dynamics,"SLC-3W, Vandenberg SFB, California, USA","Wed Jun 27, 1979 15:51 UTC",Atlas-E/F Star-37S-ISS | NOAA-A,Retired,,Success
4841,RVSN USSR,"Site 43/4, Plesetsk Cosmodrome, Russia","Fri Jun 22, 1979 07:00 UTC",Soyuz U | Cosmos 1108,Retired,20.0,Success
4842,RVSN USSR,"Site 43/3, Plesetsk Cosmodrome, Russia","Fri Jun 15, 1979 10:50 UTC",Soyuz U | Cosmos 1107,Retired,20.0,Success
4843,RVSN USSR,"Site 43/4, Plesetsk Cosmodrome, Russia","Tue Jun 12, 1979 07:00 UTC",Soyuz U | Cosmos 1106,Retired,20.0,Success
4844,Martin Marietta,"SLC-40, Cape Canaveral SFS, Florida, USA","Sun Jun 10, 1979 13:39 UTC",Titan III(23)C | DSP-8,Retired,,Success
4845,RVSN USSR,"Site 41/1, Plesetsk Cosmodrome, Russia","Fri Jun 08, 1979 07:10 UTC",Soyuz U | Cosmos 1105,Retired,20.0,Success
4846,RVSN USSR,"Site 107/1, Kapustin Yar, Russia","Thu Jun 07, 1979 10:30 UTC",Cosmos-3M | Bhaskara-1,Retired,,Success
4847,US Air Force,"SLC-10W (75-2-6), Vandenberg SFB, California, USA","Wed Jun 06, 1979 18:22 UTC",Thor LV2F Star-ISS | DMSP-5D1 F4,Retired,,Success
4848,RVSN USSR,"Site 31/6, Baikonur Cosmodrome, Kazakhstan","Wed Jun 06, 1979 18:12 UTC",Soyuz U | Soyuz 34,Retired,20.0,Success
4849,RVSN USSR,"Site 43/4, Plesetsk Cosmodrome, Russia","Tue Jun 05, 1979 23:28 UTC",Molniya-M/Block ML | Molniya-3 n°80,Retired,,Success
4850,NASA,"LA-3, Wallops Flight Facility, Virginia, USA","Sat Jun 02, 1979 23:26 UTC",Scout D1 | Ariel 6,Retired,,Success
4851,RVSN USSR,"Site 132/1, Plesetsk Cosmodrome, Russia","Thu May 31, 1979 17:58 UTC",Cosmos-3M | Cosmos 1104,Retired,,Success
4852,RVSN USSR,"Site 43/3, Plesetsk Cosmodrome, Russia","Thu May 31, 1979 16:30 UTC",Soyuz U | Cosmos 1103,Retired,20.0,Success
4853,US Air Force,"SLC-4W, Vandenberg SFB, California, USA","Mon May 28, 1979 18:30 UTC",Titan III(24)B | KH-8 50 (Gambit-3 50),Retired,,Success
4854,RVSN USSR,"Site 41/1, Plesetsk Cosmodrome, Russia","Fri May 25, 1979 07:00 UTC",Soyuz U | Cosmos 1102,Retired,20.0,Success
4855,RVSN USSR,"Site 81/24, Baikonur Cosmodrome, Kazakhstan","Tue May 22, 1979 23:00 UTC",Proton-K | Cosmos 1100 & 1101,Retired,,Success
4856,RVSN USSR,"Site 43/4, Plesetsk Cosmodrome, Russia","Thu May 17, 1979 07:10 UTC",Soyuz U | Cosmos 1099,Retired,20.0,Success
4857,RVSN USSR,"Site 41/1, Plesetsk Cosmodrome, Russia","Tue May 15, 1979 11:40 UTC",Soyuz U | Cosmos 1098,Retired,20.0,Success
4858,RVSN USSR,"Site 31/6, Baikonur Cosmodrome, Kazakhstan","Sun May 13, 1979 04:17 UTC",Soyuz U | Progress 6,Retired,20.0,Success
4859,General Dynamics,"SLC-36A, Cape Canaveral SFS, Florida, USA","Fri May 04, 1979 18:57 UTC",Atlas-SLV3D Centaur-D1AR | FLTSATCOM-2,Retired,,Success
4860,RVSN USSR,"Site 43/3, Plesetsk Cosmodrome, Russia","Fri Apr 27, 1979 17:15 UTC",Soyuz U | Cosmos 1097,Retired,20.0,Success
4861,RVSN USSR,"Site 90/19, Baikonur Cosmodrome, Kazakhstan","Wed Apr 25, 1979 10:00 UTC",Tsyklon-2 | Cosmos 1096,Retired,,Success
4862,RVSN USSR,"Site 200/40, Baikonur Cosmodrome, Kazakhstan","Wed Apr 25, 1979 03:44 UTC",Proton-K/Block-DM | Raduga 5,Retired,,Success
4863,RVSN USSR,"Site 43/3, Plesetsk Cosmodrome, Russia","Fri Apr 20, 1979 11:30 UTC",Soyuz U | Cosmos 1095,Retired,20.0,Success
4864,RVSN USSR,"Site 90/19, Baikonur Cosmodrome, Kazakhstan","Wed Apr 18, 1979 12:00 UTC",Tsyklon-2 | Cosmos 1094,Retired,,Success
4865,RVSN USSR,"Site 43/3, Plesetsk Cosmodrome, Russia","Sat Apr 14, 1979 05:27 UTC",Vostok-2M | Cosmos 1093,Retired,,Success
4866,RVSN USSR,"Site 41/1, Plesetsk Cosmodrome, Russia","Thu Apr 12, 1979 00:28 UTC",Molniya-M/Block ML | Molniya-1 n°79,Retired,,Success
4867,RVSN USSR,"Site 132/1, Plesetsk Cosmodrome, Russia","Wed Apr 11, 1979 21:51 UTC",Cosmos-3M | Cosmos 1092,Retired,,Success
4868,RVSN USSR,"Site 1/5, Baikonur Cosmodrome, Kazakhstan","Tue Apr 10, 1979 17:34 UTC",Soyuz U | Soyuz 33,Retired,20.0,Success
4869,RVSN USSR,"Site 132/1, Plesetsk Cosmodrome, Russia","Sat Apr 07, 1979 06:20 UTC",Cosmos-3M | Cosmos 1091,Retired,,Success
4870,RVSN USSR,"Site 41/1, Plesetsk Cosmodrome, Russia","Sat Mar 31, 1979 10:45 UTC",Soyuz U | Cosmos 1090,Retired,20.0,Success
4871,RVSN USSR,"Site 132/2, Plesetsk Cosmodrome, Russia","Wed Mar 21, 1979 04:13 UTC",Cosmos-3M | Cosmos 1089,Retired,,Success
4872,Martin Marietta,"SLC-4E, Vandenberg SFB, California, USA","Fri Mar 16, 1979 18:30 UTC",Titan IIID | KH-9 15 (Hexagon 15),Retired,,Success
4873,RVSN USSR,"Site 132/2, Plesetsk Cosmodrome, Russia","Thu Mar 15, 1979 02:58 UTC",Cosmos-3M | Cosmos 1081 to 1088,Retired,,Success
4874,RVSN USSR,"Site 41/1, Plesetsk Cosmodrome, Russia","Wed Mar 14, 1979 10:50 UTC",Soyuz U | Cosmos 1080,Retired,20.0,Success
4875,RVSN USSR,"Site 31/6, Baikonur Cosmodrome, Kazakhstan","Mon Mar 12, 1979 05:47 UTC",Soyuz U | Progress 5,Retired,20.0,Success
4876,RVSN USSR,"Site 43/4, Plesetsk Cosmodrome, Russia","Thu Mar 01, 1979 18:45 UTC",Vostok-2M | Meteor-2 n°5,Retired,,Success
4877,RVSN USSR,"Site 132/2, Plesetsk Cosmodrome, Russia","Tue Feb 27, 1979 17:00 UTC",Cosmos-3M | Intercosmos 19,Retired,,Success
4878,RVSN USSR,"Site 43/3, Plesetsk Cosmodrome, Russia","Tue Feb 27, 1979 15:00 UTC",Soyuz U | Cosmos 1079,Retired,20.0,Success
4879,RVSN USSR,"Site 1/5, Baikonur Cosmodrome, Kazakhstan","Sun Feb 25, 1979 11:53 UTC",Soyuz U | Soyuz 32,Retired,20.0,Success
4880,General Dynamics,"SLC-3W, Vandenberg SFB, California, USA","Sat Feb 24, 1979 08:20 UTC",Atlas-E/F OIS | Solwind,Retired,,Success
4881,RVSN USSR,"Site 41/1, Plesetsk Cosmodrome, Russia","Thu Feb 22, 1979 12:10 UTC",Soyuz U | Cosmos 1078,Retired,20.0,Success
4882,RVSN USSR,"Site 200/40, Baikonur Cosmodrome, Kazakhstan","Wed Feb 21, 1979 07:49 UTC",Proton-K/Block-DM | Ekran 3,Retired,,Success
4883,ISAS,"Mu Pad, Uchinoura Space Center, Japan","Wed Feb 21, 1979 05:00 UTC",Mu-III C | Hakucho,Retired,,Success
4884,NASA,"LA-3, Wallops Flight Facility, Virginia, USA","Sun Feb 18, 1979 16:18 UTC",Scout D1 | Explorer 60 (SAGE),Retired,,Success
4885,RVSN USSR,"Site 41/1, Plesetsk Cosmodrome, Russia","Fri Feb 16, 1979 15:00 UTC",Soyuz U | Zenit-2M n°447,Retired,20.0,Failure
4886,RVSN USSR,"Site 43/4, Plesetsk Cosmodrome, Russia","Tue Feb 13, 1979 21:41 UTC",Vostok-2M | Cosmos 1077,Retired,,Success
4887,RVSN USSR,"Site 32/2, Plesetsk Cosmodrome, Russia","Mon Feb 12, 1979 13:00 UTC",Tsyklon-3 | Cosmos 1076,Retired,,Success
4888,RVSN USSR,"Site 132/2, Plesetsk Cosmodrome, Russia","Thu Feb 08, 1979 10:00 UTC",Cosmos-3M | Cosmos 1075,Retired,,Success
4889,MHI,"LA-Y1, Tanegashima Space Center, Japan","Tue Feb 06, 1979 08:46 UTC",N-I Star-37E | Ayame 1,Retired,,Failure
4890,RVSN USSR,"Site 31/6, Baikonur Cosmodrome, Kazakhstan","Wed Jan 31, 1979 09:00 UTC",Soyuz U | Cosmos 1074,Retired,20.0,Success
4891,US Air Force,"SLC-17B, Cape Canaveral SFS, Florida, USA","Tue Jan 30, 1979 21:42 UTC",Delta 2914 | SCATHA,Retired,,Success
4892,RVSN USSR,"Site 43/4, Plesetsk Cosmodrome, Russia","Tue Jan 30, 1979 15:15 UTC",Soyuz U | Cosmos 1073,Retired,20.0,Success
4893,RVSN USSR,"Site 31/6, Baikonur Cosmodrome, Kazakhstan","Thu Jan 25, 1979 05:43 UTC",Vostok-2M | Meteor-Priroda n°3,Retired,,Success
4894,RVSN USSR,"Site 43/4, Plesetsk Cosmodrome, Russia","Thu Jan 18, 1979 15:42 UTC",Molniya-M/Block ML | Molniya-3 n°78,Retired,,Success
4895,RVSN USSR,"Site 132/1, Plesetsk Cosmodrome, Russia","Tue Jan 16, 1979 17:37 UTC",Cosmos-3M | Cosmos 1072,Retired,,Success
4896,RVSN USSR,"Site 43/4, Plesetsk Cosmodrome, Russia","Sat Jan 13, 1979 15:30 UTC",Soyuz U | Cosmos 1071,Retired,20.0,Success
4897,RVSN USSR,"Site 43/3, Plesetsk Cosmodrome, Russia","Thu Jan 11, 1979 15:00 UTC",Soyuz U | Cosmos 1070,Retired,20.0,Success
4898,RVSN USSR,"Site 41/1, Plesetsk Cosmodrome, Russia","Thu Dec 28, 1978 16:30 UTC",Soyuz U | Cosmos 1069,Retired,20.0,Success
4899,RVSN USSR,"Site 43/4, Plesetsk Cosmodrome, Russia","Tue Dec 26, 1978 15:30 UTC",Soyuz U | Cosmos 1068,Retired,20.0,Partial Failure
4900,RVSN USSR,"Site 132/2, Plesetsk Cosmodrome, Russia","Tue Dec 26, 1978 13:30 UTC",Cosmos-3M | Cosmos 1067,Retired,,Success
4901,RVSN USSR,"Site 43/3, Plesetsk Cosmodrome, Russia","Sat Dec 23, 1978 08:39 UTC",Vostok-2M | Cosmos 1066,Retired,,Success
4902,RVSN USSR,"Site 107/1, Kapustin Yar, Russia","Fri Dec 22, 1978 22:00 UTC",Cosmos-3M | Cosmos 1065,Retired,,Success
4903,RVSN USSR,"Site 132/1, Plesetsk Cosmodrome, Russia","Wed Dec 20, 1978 20:43 UTC",Cosmos-3M | Cosmos 1064,Retired,,Partial Failure
4904,RVSN USSR,"Site 200/40, Baikonur Cosmodrome, Kazakhstan","Tue Dec 19, 1978 12:15 UTC",Proton-K/Block-DM | Gorizont 1,Retired,,Failure
4905,RVSN USSR,"Site 43/4, Plesetsk Cosmodrome, Russia","Tue Dec 19, 1978 01:35 UTC",Vostok-2M | Cosmos 1063,Retired,,Success
4906,US Air Force,"SLC-17A, Cape Canaveral SFS, Florida, USA","Sat Dec 16, 1978 00:21 UTC",Delta 3914 | Anik-B1,Retired,,Success
4907,RVSN USSR,"Site 132/2, Plesetsk Cosmodrome, Russia","Fri Dec 15, 1978 13:19 UTC",Cosmos-3M | Cosmos 1062,Retired,,Success
4908,RVSN USSR,"Site 43/4, Plesetsk Cosmodrome, Russia","Thu Dec 14, 1978 15:20 UTC",Soyuz U | Cosmos 1061,Retired,20.0,Success
4909,Martin Marietta,"SLC-40, Cape Canaveral SFS, Florida, USA","Thu Dec 14, 1978 00:40 UTC",Titan III(23)C | DSCS-II 11&12,Retired,,Success
4910,General Dynamics,"SLC-3E, Vandenberg SFB, California, USA","Mon Dec 11, 1978 03:59 UTC",Atlas-E/F SGS-1 | GPS-4,Retired,,Success
4911,RVSN USSR,"Site 31/6, Baikonur Cosmodrome, Kazakhstan","Fri Dec 08, 1978 09:30 UTC",Soyuz U | Cosmos 1060,Retired,20.0,Success
4912,RVSN USSR,"Site 41/1, Plesetsk Cosmodrome, Russia","Thu Dec 07, 1978 15:30 UTC",Soyuz U | Cosmos 1059,Retired,20.0,Success
4913,RVSN USSR,"Site 132/2, Plesetsk Cosmodrome, Russia","Tue Dec 05, 1978 18:12 UTC",Cosmos-3M | Cosmos 1051 to 1058,Retired,,Success
4914,RVSN USSR,"Site 43/4, Plesetsk Cosmodrome, Russia","Tue Nov 28, 1978 16:20 UTC",Soyuz U | Cosmos 1050,Retired,20.0,Success
4915,RVSN USSR,"Site 43/4, Plesetsk Cosmodrome, Russia","Tue Nov 21, 1978 12:00 UTC",Soyuz U | Cosmos 1049,Retired,20.0,Success
4916,US Air Force,"SLC-17B, Cape Canaveral SFS, Florida, USA","Sun Nov 19, 1978 00:46 UTC",Delta 2914 | NATO 3C,Retired,,Success
4917,RVSN USSR,"Site 132/2, Plesetsk Cosmodrome, Russia","Thu Nov 16, 1978 21:45 UTC",Cosmos-3M | Cosmos 1048,Retired,,Success
4918,RVSN USSR,"Site 41/1, Plesetsk Cosmodrome, Russia","Wed Nov 15, 1978 11:45 UTC",Soyuz U | Cosmos 1047,Retired,20.0,Success
4919,General Dynamics,"SLC-36B, Cape Canaveral SFS, Florida, USA","Mon Nov 13, 1978 05:24 UTC",Atlas-SLV3D Centaur-D1AR | HEAO-2,Retired,,Success
4920,RVSN USSR,"Site 41/1, Plesetsk Cosmodrome, Russia","Wed Nov 01, 1978 12:00 UTC",Soyuz U | Cosmos 1046,Retired,20.0,Success
4921,RVSN USSR,"Site 31/6, Baikonur Cosmodrome, Kazakhstan","Mon Oct 30, 1978 05:23 UTC",Molniya-M/Block SO-L | Prognoz n°7,Retired,,Success
4922,RVSN USSR,"Site 32/2, Plesetsk Cosmodrome, Russia","Thu Oct 26, 1978 07:00 UTC","Tsyklon-3 | Cosmos 1045, Radio 1 & 2",Retired,,Success
4923,RVSN USSR,"Site 132/1, Plesetsk Cosmodrome, Russia","Tue Oct 24, 1978 19:00 UTC",Cosmos-3M | Intercosmos 18 & Magion 1,Retired,,Success
4924,US Air Force,"SLC-2W, Vandenberg SFB, California, USA","Tue Oct 24, 1978 08:14 UTC",Delta 2910 | Nimbus 7 & CAMEO,Retired,,Success
4925,RVSN USSR,"Site 200/40, Baikonur Cosmodrome, Kazakhstan","Tue Oct 17, 1978 16:04 UTC",Proton-K/Block-DM | Ekran n°14L,Retired,,Failure
4926,RVSN USSR,"Site 43/4, Plesetsk Cosmodrome, Russia","Tue Oct 17, 1978 15:00 UTC",Soyuz U | Cosmos 1044,Retired,20.0,Success
4927,General Dynamics,"SLC-3W, Vandenberg SFB, California, USA","Fri Oct 13, 1978 11:23 UTC",Atlas-E/F Star-37S-ISS | TIROS-N,Retired,,Success
4928,RVSN USSR,"Site 43/3, Plesetsk Cosmodrome, Russia","Fri Oct 13, 1978 05:19 UTC",Molniya-M/Block ML | Molniya-3 n°77,Retired,,Success
4929,RVSN USSR,"Site 43/4, Plesetsk Cosmodrome, Russia","Tue Oct 10, 1978 19:44 UTC",Vostok-2M | Cosmos 1043,Retired,,Success
4930,General Dynamics,"SLC-3E, Vandenberg SFB, California, USA","Sat Oct 07, 1978 00:28 UTC",Atlas-E/F SGS-1 | GPS-3,Retired,,Success
4931,RVSN USSR,"Site 43/3, Plesetsk Cosmodrome, Russia","Fri Oct 06, 1978 15:30 UTC",Soyuz U | Cosmos 1042,Retired,20.0,Success
4932,RVSN USSR,"Site 132/1, Plesetsk Cosmodrome, Russia","Wed Oct 04, 1978 03:49 UTC",Cosmos-3M | Cosmos 1034 to 1041,Retired,,Success
4933,RVSN USSR,"Site 1/5, Baikonur Cosmodrome, Kazakhstan","Tue Oct 03, 1978 23:09 UTC",Soyuz U | Progress 4,Retired,20.0,Success
4934,RVSN USSR,"Site 43/3, Plesetsk Cosmodrome, Russia","Tue Oct 03, 1978 11:00 UTC",Soyuz U | Cosmos 1033,Retired,20.0,Success
4935,RVSN USSR,"Site 43/3, Plesetsk Cosmodrome, Russia","Tue Sep 19, 1978 08:05 UTC",Soyuz U | Cosmos 1032,Retired,20.0,Success
4936,ISAS,"Mu Pad, Uchinoura Space Center, Japan","Sat Sep 16, 1978 05:00 UTC",Mu-III H | Jikiken,Retired,,Success
4937,RVSN USSR,"Site 81/24, Baikonur Cosmodrome, Kazakhstan","Thu Sep 14, 1978 02:25 UTC",Proton-K/Block D-1 | Venera 12,Retired,,Success
4938,RVSN USSR,"Site 41/1, Plesetsk Cosmodrome, Russia","Sat Sep 09, 1978 15:00 UTC",Soyuz U | Cosmos 1031,Retired,20.0,Success
4939,RVSN USSR,"Site 81/23, Baikonur Cosmodrome, Kazakhstan","Sat Sep 09, 1978 03:25 UTC",Proton-K/Block D-1 | Venera 11,Retired,,Success
4940,RVSN USSR,"Site 43/4, Plesetsk Cosmodrome, Russia","Wed Sep 06, 1978 03:04 UTC",Molniya-M/Block 2BL | Cosmos 1030,Retired,,Success
4941,RVSN USSR,"Site 43/4, Plesetsk Cosmodrome, Russia","Tue Aug 29, 1978 15:00 UTC",Soyuz U | Cosmos 1029,Retired,20.0,Success
4942,RVSN USSR,"Site 1/5, Baikonur Cosmodrome, Kazakhstan","Sat Aug 26, 1978 14:51 UTC",Soyuz U | Soyuz 31,Retired,20.0,Success
4943,RVSN USSR,"Site 43/4, Plesetsk Cosmodrome, Russia","Tue Aug 22, 1978 23:47 UTC",Molniya-M/Block ML | Molniya-1 n°76,Retired,,Success
4944,RVSN USSR,"Site 200/40, Baikonur Cosmodrome, Kazakhstan","Thu Aug 17, 1978 20:02 UTC",Proton-K/Block-DM | Ekran n°15L,Retired,,Failure
4945,US Air Force,"SLC-17B, Cape Canaveral SFS, Florida, USA","Sat Aug 12, 1978 15:12 UTC",Delta 2914 | Explorer 59 (ISEE 3),Retired,,Success
4946,General Dynamics,"SLC-36A, Cape Canaveral SFS, Florida, USA","Tue Aug 08, 1978 07:33 UTC",Atlas-SLV3D Centaur-D1AR | Pioneer Venus Multiprobe,Retired,,Success
4947,RVSN USSR,"Site 31/6, Baikonur Cosmodrome, Kazakhstan","Mon Aug 07, 1978 22:31 UTC",Soyuz U | Progress 3,Retired,20.0,Success
4948,RVSN USSR,"Site 43/3, Plesetsk Cosmodrome, Russia","Sat Aug 05, 1978 15:00 UTC",Soyuz U | Cosmos 1028,Retired,20.0,Success
4949,Martin Marietta,"SLC-4W, Vandenberg SFB, California, USA","Sat Aug 05, 1978",Titan III(34)B Agena-D | Quasar-3,Retired,,Success
4950,RVSN USSR,"Site 132/2, Plesetsk Cosmodrome, Russia","Thu Jul 27, 1978 04:49 UTC",Cosmos-3M | Cosmos 1027,Retired,,Success
4951,RVSN USSR,"Site 200/40, Baikonur Cosmodrome, Kazakhstan","Tue Jul 18, 1978 21:59 UTC",Proton-K/Block-DM | Raduga 4,Retired,,Success
4952,RVSN USSR,"Site 43/4, Plesetsk Cosmodrome, Russia","Fri Jul 14, 1978 15:00 UTC",Molniya-M/Block ML | Molniya-1 n°75,Retired,,Success
4953,US Air Force,"SLC-17A, Cape Canaveral SFS, Florida, USA","Fri Jul 14, 1978 10:43 UTC",Delta 2914 | ESA-GEOS-2,Retired,,Success
4954,RVSN USSR,"Site 31/6, Baikonur Cosmodrome, Kazakhstan","Fri Jul 07, 1978 11:26 UTC",Soyuz U | Progress 2,Retired,20.0,Success
4955,RVSN USSR,"Site 31/6, Baikonur Cosmodrome, Kazakhstan","Sun Jul 02, 1978 09:30 UTC",Soyuz U | Cosmos 1026,Retired,20.0,Success
4956,General Dynamics,"SLC-36B, Cape Canaveral SFS, Florida, USA","Thu Jun 29, 1978 22:24 UTC",Atlas-SLV3D Centaur-D1AR | Comstar D3,Retired,,Success
4957,RVSN USSR,"Site 32/2, Plesetsk Cosmodrome, Russia","Wed Jun 28, 1978 17:35 UTC",Tsyklon-3 | Cosmos 1025,Retired,,Success
4958,RVSN USSR,"Site 43/3, Plesetsk Cosmodrome, Russia","Wed Jun 28, 1978 02:58 UTC",Molniya-M/Block 2BL | Cosmos 1024,Retired,,Success
4959,RVSN USSR,"Site 1/5, Baikonur Cosmodrome, Kazakhstan","Tue Jun 27, 1978 15:27 UTC",Soyuz U | Soyuz 30,Retired,20.0,Success
4960,General Dynamics,"SLC-3W, Vandenberg SFB, California, USA","Tue Jun 27, 1978 01:12 UTC",Atlas-E/F Agena D | Seasat,Retired,,Success
4961,RVSN USSR,"Site 132/1, Plesetsk Cosmodrome, Russia","Wed Jun 21, 1978 09:27 UTC",Cosmos-3M | Cosmos 1023,Retired,,Success
4962,US Air Force,"SLC-17B, Cape Canaveral SFS, Florida, USA","Fri Jun 16, 1978 10:49 UTC",Delta 2914 | GOES-C,Retired,,Success
4963,RVSN USSR,"Site 1/5, Baikonur Cosmodrome, Kazakhstan","Thu Jun 15, 1978 20:16 UTC",Soyuz U | Soyuz 29,Retired,20.0,Success
4964,Martin Marietta,"SLC-4E, Vandenberg SFB, California, USA","Wed Jun 14, 1978 18:28 UTC",Titan IIID | KH-11 2 (Kennen 2),Retired,,Success
4965,RVSN USSR,"Site 43/3, Plesetsk Cosmodrome, Russia","Mon Jun 12, 1978 10:30 UTC",Soyuz U | Cosmos 1022,Retired,20.0,Success
4966,Martin Marietta,"SLC-40, Cape Canaveral SFS, Florida, USA","Sat Jun 10, 1978 19:08 UTC",Titan III(23)C | Vortex 8 (OPS 9454),Retired,,Success
4967,RVSN USSR,"Site 31/6, Baikonur Cosmodrome, Kazakhstan","Sat Jun 10, 1978 08:35 UTC",Soyuz U | Cosmos 1021,Retired,20.0,Success
4968,RVSN USSR,"Site 132/1, Plesetsk Cosmodrome, Russia","Wed Jun 07, 1978 22:00 UTC",Cosmos-3M | Cosmos 1013 to 1020,Retired,,Success
4969,RVSN USSR,"Site 43/3, Plesetsk Cosmodrome, Russia","Fri Jun 02, 1978 12:12 UTC",Molniya-M/Block ML | Molniya-1 n°74,Retired,,Success
4970,RVSN USSR,"Site 200/40, Baikonur Cosmodrome, Kazakhstan","Sat May 27, 1978 01:25 UTC",Proton-K/Block-DM | Ekran n°13L,Retired,,Failure
4971,RVSN USSR,"Site 43/3, Plesetsk Cosmodrome, Russia","Thu May 25, 1978 14:30 UTC",Soyuz U | Cosmos 1012,Retired,20.0,Success
4972,RVSN USSR,"Site 132/1, Plesetsk Cosmodrome, Russia","Tue May 23, 1978 16:57 UTC",Cosmos-3M | Cosmos 1011,Retired,,Success
4973,RVSN USSR,"Site 43/4, Plesetsk Cosmodrome, Russia","Tue May 23, 1978 07:30 UTC",Soyuz U | Cosmos 1010,Retired,20.0,Success
4974,General Dynamics,"SLC-36A, Cape Canaveral SFS, Florida, USA","Sat May 20, 1978 13:13 UTC",Atlas-SLV3D Centaur-D1AR | Pioneer Venus Orbiter,Retired,,Success
4975,RVSN USSR,"Site 90/19, Baikonur Cosmodrome, Kazakhstan","Fri May 19, 1978 00:21 UTC",Tsyklon-2 | Cosmos 1009,Retired,,Success
4976,RVSN USSR,"Site 132/1, Plesetsk Cosmodrome, Russia","Wed May 17, 1978 14:39 UTC",Cosmos-3M | Cosmos 1008,Retired,,Success
4977,RVSN USSR,"Site 43/3, Plesetsk Cosmodrome, Russia","Tue May 16, 1978 10:40 UTC",Soyuz U | Cosmos 1007,Retired,20.0,Success
4978,General Dynamics,"SLC-3E, Vandenberg SFB, California, USA","Sat May 13, 1978 10:34 UTC",Atlas-E/F SGS-1 | GPS-2,Retired,,Success
4979,RVSN USSR,"Site 132/1, Plesetsk Cosmodrome, Russia","Fri May 12, 1978 11:00 UTC",Cosmos-3M | Cosmos 1006,Retired,,Success
4980,RVSN USSR,"Site 43/4, Plesetsk Cosmodrome, Russia","Fri May 12, 1978 04:07 UTC",Vostok-2M | Cosmos 1005,Retired,,Success
4981,US Air Force,"SLC-17A, Cape Canaveral SFS, Florida, USA","Thu May 11, 1978 22:59 UTC",Delta 3914 | OTS-2,Retired,,Success
4982,RVSN USSR,"Site 43/3, Plesetsk Cosmodrome, Russia","Fri May 05, 1978 15:30 UTC",Soyuz U | Cosmos 1004,Retired,20.0,Success
4983,US Air Force,"SLC-10W (75-2-6), Vandenberg SFB, California, USA","Mon May 01, 1978 03:05 UTC",Thor LV2F Star-ISS | DMSP-5D1 F3,Retired,,Success
4984,US Air Force,"SLC-5, Vandenberg SFB, California, USA","Wed Apr 26, 1978 10:20 UTC",Scout D1 | Explorer 58 (HCMM),Retired,,Success
4985,RVSN USSR,"Site 43/4, Plesetsk Cosmodrome, Russia","Thu Apr 20, 1978 15:30 UTC",Soyuz U | Cosmos 1003,Retired,20.0,Success
4986,MASI,"Site 138 (LA-2B), Jiuquan Satellite Launch Center, China","Sat Apr 15, 1978 16:39 UTC",Feng Bao 1 | DDDS 2,Retired,,Success
4987,US Air Force,"SLC-17B, Cape Canaveral SFS, Florida, USA","Fri Apr 07, 1978 22:01 UTC",Delta 2914 | BSE / Yuri 1,Retired,,Success
4988,General Dynamics,"LC-13, Cape Canaveral SFS, Florida, USA","Fri Apr 07, 1978 00:45 UTC",Atlas-SLV3A Agena-D | OPS-8790 (Aquacade-4),Retired,,Success
4989,RVSN USSR,"Site 31/6, Baikonur Cosmodrome, Kazakhstan","Thu Apr 06, 1978 09:10 UTC",Soyuz U | Cosmos 1002,Retired,20.0,Success
4990,RVSN USSR,"Site 1/5, Baikonur Cosmodrome, Kazakhstan","Tue Apr 04, 1978 15:00 UTC",Soyuz U | Cosmos 1001,Retired,20.0,Success
4991,General Dynamics,"SLC-36B, Cape Canaveral SFS, Florida, USA","Fri Mar 31, 1978 23:36 UTC",Atlas-SLV3D Centaur-D1AR | Intelsat 4A F6,Retired,,Success
4992,RVSN USSR,"Site 132/1, Plesetsk Cosmodrome, Russia","Fri Mar 31, 1978 14:01 UTC",Cosmos-3M | Cosmos 1000,Retired,,Success
4993,RVSN USSR,"Site 31/6, Baikonur Cosmodrome, Kazakhstan","Thu Mar 30, 1978 07:50 UTC",Soyuz U | Cosmos 999,Retired,20.0,Success
4994,RVSN USSR,"Site 81/24, Baikonur Cosmodrome, Kazakhstan","Thu Mar 30, 1978 00:00 UTC",Proton-K | Cosmos 997 & 998,Retired,,Success
4995,RVSN USSR,"Site 132/1, Plesetsk Cosmodrome, Russia","Tue Mar 28, 1978 01:30 UTC",Cosmos-3M | Cosmos 996,Retired,,Success
4996,Martin Marietta,"SLC-40, Cape Canaveral SFS, Florida, USA","Sat Mar 25, 1978 18:09 UTC",Titan III(23)C | DSCS-II 9&10,Retired,,Failure
4997,RVSN USSR,"Site 43/3, Plesetsk Cosmodrome, Russia","Fri Mar 17, 1978 10:50 UTC",Soyuz U | Cosmos 995,Retired,20.0,Success
4998,Martin Marietta,"SLC-4E, Vandenberg SFB, California, USA","Thu Mar 16, 1978 18:43 UTC",Titan IIID | KH-9 14 (Hexagon 14) & Raquel 1A,Retired,,Success
4999,RVSN USSR,"Site 132/2, Plesetsk Cosmodrome, Russia","Wed Mar 15, 1978 15:57 UTC",Cosmos-3M | Cosmos 994,Retired,,Success
5000,RVSN USSR,"Site 43/3, Plesetsk Cosmodrome, Russia","Fri Mar 10, 1978 10:42 UTC",Soyuz U | Cosmos 993,Retired,20.0,Success
5001,US Air Force,"SLC-2W, Vandenberg SFB, California, USA","Sun Mar 05, 1978 17:54 UTC",Delta 2910 | Landsat 3,Retired,,Success
5002,RVSN USSR,"Site 31/6, Baikonur Cosmodrome, Kazakhstan","Sat Mar 04, 1978 07:40 UTC",Soyuz U | Cosmos 992,Retired,20.0,Success
5003,RVSN USSR,"Site 43/3, Plesetsk Cosmodrome, Russia","Thu Mar 02, 1978 22:07 UTC",Molniya-M/Block ML | Molniya-1 n°73,Retired,,Success
5004,RVSN USSR,"Site 1/5, Baikonur Cosmodrome, Kazakhstan","Thu Mar 02, 1978 15:28 UTC",Soyuz U | Soyuz 28,Retired,20.0,Success
5005,RVSN USSR,"Site 132/2, Plesetsk Cosmodrome, Russia","Tue Feb 28, 1978 06:43 UTC",Cosmos-3M | Cosmos 991,Retired,,Success
5006,Martin Marietta,"SLC-4W, Vandenberg SFB, California, USA","Sat Feb 25, 1978 05:00 UTC",Titan III(34)B Agena-D | Jumpseat 5,Retired,,Success
5007,General Dynamics,"SLC-3E, Vandenberg SFB, California, USA","Wed Feb 22, 1978 23:44 UTC",Atlas-E/F SGS-1 | GPS-1,Retired,,Success
5008,RVSN USSR,"Site 132/2, Plesetsk Cosmodrome, Russia","Fri Feb 17, 1978 16:33 UTC",Cosmos-3M | Cosmos 990,Retired,,Success
5009,MHI,"LA-Y1, Tanegashima Space Center, Japan","Thu Feb 16, 1978 04:00 UTC",N-I | Ume 2,Retired,,Success
5010,RVSN USSR,"Site 31/6, Baikonur Cosmodrome, Kazakhstan","Tue Feb 14, 1978 09:30 UTC",Soyuz U | Cosmos 989,Retired,20.0,Success
5011,General Dynamics,"SLC-36A, Cape Canaveral SFS, Florida, USA","Thu Feb 09, 1978 21:17 UTC",Atlas-SLV3D Centaur-D1AR | FLTSATCOM-1,Retired,,Success
5012,RVSN USSR,"Site 43/3, Plesetsk Cosmodrome, Russia","Wed Feb 08, 1978 12:15 UTC",Soyuz U | Cosmos 988,Retired,20.0,Success
5013,ISAS,"Mu Pad, Uchinoura Space Center, Japan","Sat Feb 04, 1978 07:00 UTC",Mu-III H | Kyokko,Retired,,Success
5014,RVSN USSR,"Site 43/4, Plesetsk Cosmodrome, Russia","Tue Jan 31, 1978 14:50 UTC",Soyuz U | Cosmos 987,Retired,20.0,Success
5015,US Air Force,"SLC-17A, Cape Canaveral SFS, Florida, USA","Thu Jan 26, 1978 17:36 UTC",Delta 2914 | Explorer 57 (IUE),Retired,,Success
5016,MASI,"Site 138 (LA-2B), Jiuquan Satellite Launch Center, China","Thu Jan 26, 1978 04:58 UTC",Long March 2 | FSW-0 3,Retired,,Success
5017,RVSN USSR,"Site 31/6, Baikonur Cosmodrome, Kazakhstan","Tue Jan 24, 1978 09:50 UTC",Soyuz U | Cosmos 986,Retired,20.0,Success
5018,RVSN USSR,"Site 43/3, Plesetsk Cosmodrome, Russia","Tue Jan 24, 1978 06:51 UTC",Molniya-M/Block ML | Molniya-3 n°72,Retired,,Success
5019,RVSN USSR,"Site 31/6, Baikonur Cosmodrome, Kazakhstan","Fri Jan 20, 1978 08:24 UTC",Soyuz U | Progress 1,Retired,20.0,Success
5020,RVSN USSR,"Site 132/1, Plesetsk Cosmodrome, Russia","Tue Jan 17, 1978 03:26 UTC",Cosmos-3M | Cosmos 985,Retired,,Success
5021,RVSN USSR,"Site 43/3, Plesetsk Cosmodrome, Russia","Fri Jan 13, 1978 15:15 UTC",Soyuz U | Cosmos 984,Retired,20.0,Success
5022,RVSN USSR,"Site 132/2, Plesetsk Cosmodrome, Russia","Tue Jan 10, 1978 20:51 UTC",Cosmos-3M | Cosmos 976 to 983,Retired,,Success
5023,RVSN USSR,"Site 43/4, Plesetsk Cosmodrome, Russia","Tue Jan 10, 1978 13:23 UTC",Vostok-2M | Cosmos 975,Retired,,Success
5024,RVSN USSR,"Site 1/5, Baikonur Cosmodrome, Kazakhstan","Tue Jan 10, 1978 12:26 UTC",Soyuz U | Soyuz 27,Retired,20.0,Success
5025,General Dynamics,"SLC-36B, Cape Canaveral SFS, Florida, USA","Sat Jan 07, 1978 00:15 UTC",Atlas-SLV3D Centaur-D1AR | Intelsat 4A F3,Retired,,Success
5026,RVSN USSR,"Site 43/3, Plesetsk Cosmodrome, Russia","Fri Jan 06, 1978 15:50 UTC",Soyuz U | Cosmos 974,Retired,20.0,Success
5027,RVSN USSR,"Site 31/6, Baikonur Cosmodrome, Kazakhstan","Tue Dec 27, 1977 09:20 UTC",Soyuz U | Cosmos 973,Retired,20.0,Success
5028,RVSN USSR,"Site 32/2, Plesetsk Cosmodrome, Russia","Tue Dec 27, 1977 08:00 UTC",Tsyklon-3 | Cosmos 972,Retired,,Success
5029,RVSN USSR,"Site 132/1, Plesetsk Cosmodrome, Russia","Fri Dec 23, 1977 16:24 UTC",Cosmos-3M | Cosmos 971,Retired,,Success
5030,RVSN USSR,"Site 90/20, Baikonur Cosmodrome, Kazakhstan","Wed Dec 21, 1977 10:35 UTC",Tsyklon-2 | Cosmos 970,Retired,,Success
5031,RVSN USSR,"Site 43/4, Plesetsk Cosmodrome, Russia","Tue Dec 20, 1977 15:50 UTC",Soyuz U | Cosmos 969,Retired,20.0,Success
5032,RVSN USSR,"Site 132/1, Plesetsk Cosmodrome, Russia","Fri Dec 16, 1977 04:25 UTC",Cosmos-3M | Cosmos 968,Retired,,Success
5033,US Air Force,"SLC-17B, Cape Canaveral SFS, Florida, USA","Thu Dec 15, 1977 00:47 UTC",Delta 2914 | CS-1,Retired,,Success
5034,RVSN USSR,"Site 43/4, Plesetsk Cosmodrome, Russia","Wed Dec 14, 1977 09:30 UTC",Vostok-2M | Meteor-2 n°3,Retired,,Success
5035,RVSN USSR,"Site 132/2, Plesetsk Cosmodrome, Russia","Tue Dec 13, 1977 15:53 UTC",Cosmos-3M | Cosmos 967,Retired,,Success
5036,RVSN USSR,"Site 31/6, Baikonur Cosmodrome, Kazakhstan","Mon Dec 12, 1977 09:40 UTC",Soyuz U | Cosmos 966,Retired,20.0,Success
5037,General Dynamics,"LC-13, Cape Canaveral SFS, Florida, USA","Sun Dec 11, 1977 22:45 UTC",Atlas-SLV3A Agena-D | OPS-4258 (Aquacade-3),Retired,,Success
5038,RVSN USSR,"Site 1/5, Baikonur Cosmodrome, Kazakhstan","Sat Dec 10, 1977 01:18 UTC",Soyuz U | Soyuz 26,Retired,20.0,Success
5039,General Dynamics,"SLC-3W, Vandenberg SFB, California, USA","Thu Dec 08, 1977 17:45 UTC",Atlas-E/F MSD | MSD 2 & NOSS 2A to 2C,Retired,,Success
5040,RVSN USSR,"Site 132/2, Plesetsk Cosmodrome, Russia","Thu Dec 08, 1977 11:00 UTC",Cosmos-3M | Cosmos 965,Retired,,Success
5041,RVSN USSR,"Site 43/4, Plesetsk Cosmodrome, Russia","Sun Dec 04, 1977 12:00 UTC",Soyuz U | Cosmos 964,Retired,20.0,Success
5042,RVSN USSR,"Site 132/1, Plesetsk Cosmodrome, Russia","Tue Nov 29, 1977 07:05 UTC",Cosmos-3M | Tsikada n°3,Retired,,Failure
5043,RVSN USSR,"Site 132/1, Plesetsk Cosmodrome, Russia","Thu Nov 24, 1977 14:30 UTC",Cosmos-3M | Cosmos 963,Retired,,Success
5044,US Air Force,"SLC-17A, Cape Canaveral SFS, Florida, USA","Wed Nov 23, 1977 01:35 UTC",Delta 2914 | Meteosat-1,Retired,,Success
5045,RVSN USSR,"Site 132/1, Plesetsk Cosmodrome, Russia","Fri Oct 28, 1977 16:00 UTC",Cosmos-3M | Cosmos 962,Retired,,Success
5046,US Air Force,"SLC-5, Vandenberg SFB, California, USA","Fri Oct 28, 1977 04:52 UTC",Scout D1 | Transat,Retired,,Success
5047,RVSN USSR,"Site 43/3, Plesetsk Cosmodrome, Russia","Fri Oct 28, 1977 01:37 UTC",Molniya-M/Block ML | Molniya-3 n°71,Retired,,Success
5048,RVSN USSR,"Site 90/20, Baikonur Cosmodrome, Kazakhstan","Wed Oct 26, 1977 05:14 UTC",Tsyklon-2 | Cosmos 961,Retired,,Success
5049,RVSN USSR,"Site 132/1, Plesetsk Cosmodrome, Russia","Tue Oct 25, 1977 05:25 UTC",Cosmos-3M | Cosmos 960,Retired,,Success
5050,US Air Force,"SLC-17B, Cape Canaveral SFS, Florida, USA","Sat Oct 22, 1977 13:53 UTC",Delta 2914 | Explorer 56 (ISEE 1),Retired,,Success
5051,RVSN USSR,"Site 132/1, Plesetsk Cosmodrome, Russia","Fri Oct 21, 1977 10:05 UTC",Cosmos-3M | Cosmos 959,Retired,,Success
5052,RVSN USSR,"Site 43/4, Plesetsk Cosmodrome, Russia","Tue Oct 11, 1977 15:14 UTC",Soyuz U | Cosmos 958,Retired,20.0,Success
5053,RVSN USSR,"Site 1/5, Baikonur Cosmodrome, Kazakhstan","Sun Oct 09, 1977 02:40 UTC",Soyuz U | Soyuz 25,Retired,20.0,Success
5054,RVSN USSR,"Site 31/6, Baikonur Cosmodrome, Kazakhstan","Fri Sep 30, 1977 09:46 UTC",Soyuz U | Cosmos 957,Retired,20.0,Success
5055,General Dynamics,"SLC-36A, Cape Canaveral SFS, Florida, USA","Fri Sep 30, 1977 01:02 UTC",Atlas-SLV3D Centaur-D1AR | Intelsat 4A F5,Retired,,Failure
5056,RVSN USSR,"Site 81/24, Baikonur Cosmodrome, Kazakhstan","Thu Sep 29, 1977 06:50 UTC",Proton-K | Salyut 6,Retired,,Success
5057,RVSN USSR,"Site 132/1, Plesetsk Cosmodrome, Russia","Sat Sep 24, 1977 16:30 UTC",Cosmos-3M | Intercosmos 17,Retired,,Success
5058,RVSN USSR,"Site 32/2, Plesetsk Cosmodrome, Russia","Sat Sep 24, 1977 10:15 UTC",Tsyklon-3 | Cosmos 956,Retired,,Success
5059,US Air Force,"SLC-4W, Vandenberg SFB, California, USA","Fri Sep 23, 1977 18:34 UTC",Titan III(24)B | KH-8 49 (Gambit-3 49),Retired,,Success
5060,RVSN USSR,"Site 31/6, Baikonur Cosmodrome, Kazakhstan","Thu Sep 22, 1977 00:51 UTC",Molniya-M/Block SO-L | Prognoz n°6,Retired,,Success
5061,RVSN USSR,"Site 200/40, Baikonur Cosmodrome, Kazakhstan","Tue Sep 20, 1977 17:28 UTC",Proton-K/Block-DM | Ekran 2,Retired,,Success
5062,RVSN USSR,"Site 43/4, Plesetsk Cosmodrome, Russia","Tue Sep 20, 1977 01:00 UTC",Vostok-2M | Cosmos 955,Retired,,Success
5063,RVSN USSR,"Site 90/20, Baikonur Cosmodrome, Kazakhstan","Sun Sep 18, 1977 13:48 UTC",Tsyklon-2 | Cosmos 954,Retired,,Success
5064,RVSN USSR,"Site 43/3, Plesetsk Cosmodrome, Russia","Fri Sep 16, 1977 14:30 UTC",Soyuz U | Cosmos 953,Retired,20.0,Success
5065,RVSN USSR,"Site 90/20, Baikonur Cosmodrome, Kazakhstan","Fri Sep 16, 1977 14:25 UTC",Tsyklon-2 | Cosmos 952,Retired,,Success
5066,MASI,"Site 138 (LA-2B), Jiuquan Satellite Launch Center, China","Wed Sep 14, 1977 00:15 UTC",Feng Bao 1 | DDDS 1,Retired,,Success
5067,US Air Force,"SLC-17A, Cape Canaveral SFS, Florida, USA","Tue Sep 13, 1977 23:31 UTC",Delta 3914 | OTS-1,Retired,,Failure
5068,RVSN USSR,"Site 132/1, Plesetsk Cosmodrome, Russia","Tue Sep 13, 1977 19:59 UTC",Cosmos-3M | Cosmos 951,Retired,,Success
5069,RVSN USSR,"Site 43/3, Plesetsk Cosmodrome, Russia","Tue Sep 13, 1977 15:10 UTC",Soyuz U | Cosmos 950,Retired,20.0,Success
5070,RVSN USSR,"Site 43/3, Plesetsk Cosmodrome, Russia","Tue Sep 06, 1977 17:30 UTC",Soyuz U | Cosmos 949,Retired,20.0,Success
5071,Martin Marietta,"SLC-41, Cape Canaveral SFS, Florida, USA","Mon Sep 05, 1977 12:56 UTC",Titan IIIE | Voyager 1,Retired,,Success
5072,RVSN USSR,"Site 43/4, Plesetsk Cosmodrome, Russia","Fri Sep 02, 1977 09:00 UTC",Soyuz U | Cosmos 948,Retired,20.0,Success
5073,RVSN USSR,"Site 43/3, Plesetsk Cosmodrome, Russia","Tue Aug 30, 1977 18:06 UTC",Molniya-M/Block ML | Molniya-1 n°70,Retired,,Success
5074,RVSN USSR,"Site 43/4, Plesetsk Cosmodrome, Russia","Sat Aug 27, 1977 10:09 UTC",Soyuz U | Cosmos 947,Retired,20.0,Success
5075,US Air Force,"SLC-17B, Cape Canaveral SFS, Florida, USA","Thu Aug 25, 1977 23:49 UTC",Delta 2313 | Sirio-1,Retired,,Success
5076,RVSN USSR,"Site 132/1, Plesetsk Cosmodrome, Russia","Wed Aug 24, 1977 18:20 UTC",Cosmos-3M | Cosmos 939 to 946,Retired,,Success
5077,RVSN USSR,"Site 43/4, Plesetsk Cosmodrome, Russia","Wed Aug 24, 1977 14:29 UTC",Soyuz U | Cosmos 938,Retired,20.0,Success
5078,RVSN USSR,"Site 90/20, Baikonur Cosmodrome, Kazakhstan","Wed Aug 24, 1977 07:07 UTC",Tsyklon-2 | Cosmos 937,Retired,,Success
5079,Martin Marietta,"SLC-41, Cape Canaveral SFS, Florida, USA","Sat Aug 20, 1977 14:29 UTC",Titan IIIE | Voyager 2,Retired,,Success
5080,General Dynamics,"SLC-36B, Cape Canaveral SFS, Florida, USA","Fri Aug 12, 1977 06:29 UTC",Atlas-SLV3D Centaur-D1AR | HEAO-1,Retired,,Success
5081,RVSN USSR,"Site 31/6, Baikonur Cosmodrome, Kazakhstan","Wed Aug 10, 1977 10:40 UTC",Soyuz U | Zenit-4MKM n°399,Retired,20.0,Failure
5082,RVSN USSR,"Site 81/24, Baikonur Cosmodrome, Kazakhstan","Thu Aug 04, 1977 22:00 UTC",Proton-K | TKS VA 009A & 009P,Retired,,Failure
5083,RVSN USSR,"Site 43/3, Plesetsk Cosmodrome, Russia","Wed Aug 03, 1977 14:01 UTC",Soyuz U | Cosmos 936,Retired,20.0,Success
5084,RVSN USSR,"Site 43/4, Plesetsk Cosmodrome, Russia","Fri Jul 29, 1977 08:00 UTC",Soyuz U | Cosmos 935,Retired,20.0,Success
5085,RVSN USSR,"Site 43/4, Plesetsk Cosmodrome, Russia","Wed Jul 27, 1977 18:07 UTC",Soyuz U | Cosmos 934,Retired,20.0,Success
5086,RVSN USSR,"Site 200/40, Baikonur Cosmodrome, Kazakhstan","Sat Jul 23, 1977 21:15 UTC",Proton-K/Block-DM | Raduga 3,Retired,,Success
5087,RVSN USSR,"Site 132/1, Plesetsk Cosmodrome, Russia","Fri Jul 22, 1977 10:00 UTC",Cosmos-3M | Cosmos 933,Retired,,Success
5088,RVSN USSR,"Site 31/6, Baikonur Cosmodrome, Kazakhstan","Wed Jul 20, 1977 07:35 UTC",Soyuz U | Cosmos 932,Retired,20.0,Success
5089,RVSN USSR,"Site 43/4, Plesetsk Cosmodrome, Russia","Wed Jul 20, 1977 04:44 UTC",Molniya-M/Block 2BL | Cosmos 931,Retired,,Success
5090,RVSN USSR,"Site 132/2, Plesetsk Cosmodrome, Russia","Tue Jul 19, 1977 08:40 UTC",Cosmos-3M | Cosmos 930,Retired,,Success
5091,RVSN USSR,"Site 81/23, Baikonur Cosmodrome, Kazakhstan","Sun Jul 17, 1977 09:00 UTC",Proton-K | Cosmos 929,Retired,,Success
5092,US Air Force,"SLC-17B, Cape Canaveral SFS, Florida, USA","Thu Jul 14, 1977 10:39 UTC",Delta 2914 | GMS-1,Retired,,Success
5093,RVSN USSR,"Site 132/1, Plesetsk Cosmodrome, Russia","Wed Jul 13, 1977 05:02 UTC",Cosmos-3M | Cosmos 928,Retired,,Success
5094,RVSN USSR,"Site 43/4, Plesetsk Cosmodrome, Russia","Tue Jul 12, 1977 09:00 UTC",Soyuz U | Cosmos 927,Retired,20.0,Success
5095,RVSN USSR,"Site 132/2, Plesetsk Cosmodrome, Russia","Fri Jul 08, 1977 17:30 UTC",Cosmos-3M | Cosmos 926,Retired,,Success
5096,RVSN USSR,"Site 43/4, Plesetsk Cosmodrome, Russia","Thu Jul 07, 1977 07:25 UTC",Vostok-2M | Cosmos 925,Retired,,Success
5097,RVSN USSR,"Site 132/2, Plesetsk Cosmodrome, Russia","Mon Jul 04, 1977 22:20 UTC",Cosmos-3M | Cosmos 924,Retired,,Success
5098,RVSN USSR,"Site 132/1, Plesetsk Cosmodrome, Russia","Fri Jul 01, 1977 11:52 UTC",Cosmos-3M | Cosmos 923,Retired,,Success
5099,RVSN USSR,"Site 43/4, Plesetsk Cosmodrome, Russia","Thu Jun 30, 1977 14:00 UTC",Soyuz U | Cosmos 922,Retired,20.0,Success
5100,RVSN USSR,"Site 31/6, Baikonur Cosmodrome, Kazakhstan","Wed Jun 29, 1977 18:34 UTC",Vostok-2M | Meteor-Priroda n°2,Retired,,Success
5101,Martin Marietta,"SLC-4E, Vandenberg SFB, California, USA","Mon Jun 27, 1977 18:30 UTC",Titan IIID | KH-9 13 (Hexagon 13),Retired,,Success
5102,RVSN USSR,"Site 32/2, Plesetsk Cosmodrome, Russia","Fri Jun 24, 1977 10:30 UTC",Tsyklon-3 | Cosmos 921,Retired,,Success
5103,RVSN USSR,"Site 1/5, Baikonur Cosmodrome, Kazakhstan","Fri Jun 24, 1977 05:41 UTC",Molniya-M/Block ML | Molniya-1 n°69,Retired,,Success
5104,General Dynamics,"SLC-3W, Vandenberg SFB, California, USA","Thu Jun 23, 1977 08:17 UTC",Atlas-E/F SGS-1 | NTS-2,Retired,,Success
5105,RVSN USSR,"Site 31/6, Baikonur Cosmodrome, Kazakhstan","Wed Jun 22, 1977 08:00 UTC",Soyuz U | Cosmos 920,Retired,20.0,Success
5106,RVSN USSR,"Site 133/3, Plesetsk Cosmodrome, Russia","Sat Jun 18, 1977 10:30 UTC",Cosmos-2 (63SM) | Cosmos 919,Retired,,Success
5107,RVSN USSR,"Site 90/20, Baikonur Cosmodrome, Kazakhstan","Fri Jun 17, 1977 07:23 UTC",Tsyklon-2 | Cosmos 918,Retired,,Success
5108,RVSN USSR,"Site 107/1, Kapustin Yar, Russia","Fri Jun 17, 1977 03:30 UTC",Cosmos-3M | Signe 3,Retired,,Success
5109,US Air Force,"SLC-17B, Cape Canaveral SFS, Florida, USA","Thu Jun 16, 1977 10:51 UTC",Delta 2914 | GOES-B,Retired,,Success
5110,RVSN USSR,"Site 43/4, Plesetsk Cosmodrome, Russia","Thu Jun 16, 1977 01:58 UTC",Molniya-M/Block 2BL | Cosmos 917,Retired,,Success
5111,RVSN USSR,"Site 43/3, Plesetsk Cosmodrome, Russia","Fri Jun 10, 1977 08:00 UTC",Soyuz U | Cosmos 916,Retired,20.0,Success
5112,RVSN USSR,"Site 43/4, Plesetsk Cosmodrome, Russia","Wed Jun 08, 1977 14:00 UTC",Soyuz U | Cosmos 915,Retired,20.0,Success
5113,US Air Force,"SLC-10W (75-2-6), Vandenberg SFB, California, USA","Sun Jun 05, 1977 02:59 UTC",Thor LV2F Star-ISS | DMSP-5D1 F2,Retired,,Success
5114,RVSN USSR,"Site 31/6, Baikonur Cosmodrome, Kazakhstan","Tue May 31, 1977 07:30 UTC",Soyuz U | Cosmos 914,Retired,20.0,Success
5115,RVSN USSR,"Site 132/1, Plesetsk Cosmodrome, Russia","Mon May 30, 1977 22:30 UTC",Cosmos-3M | Cosmos 913,Retired,,Success
5116,General Dynamics,"SLC-36A, Cape Canaveral SFS, Florida, USA","Thu May 26, 1977 21:47 UTC",Atlas-SLV3D Centaur-D1AR | Intelsat 4A F4,Retired,,Success
5117,RVSN USSR,"Site 43/4, Plesetsk Cosmodrome, Russia","Thu May 26, 1977 07:00 UTC",Soyuz U | Cosmos 912,Retired,20.0,Success
5118,RVSN USSR,"Site 132/2, Plesetsk Cosmodrome, Russia","Wed May 25, 1977 11:00 UTC",Cosmos-3M | Cosmos 911,Retired,,Success
5119,General Dynamics,"LC-13, Cape Canaveral SFS, Florida, USA","Mon May 23, 1977 18:13 UTC",Atlas-SLV3A Agena-D | AFP-827 (Canyon-7),Retired,,Success
5120,RVSN USSR,"Site 90/20, Baikonur Cosmodrome, Kazakhstan","Mon May 23, 1977 12:14 UTC",Tsyklon-2 | Cosmos 910,Retired,,Failure
5121,RVSN USSR,"Site 132/2, Plesetsk Cosmodrome, Russia","Thu May 19, 1977 16:30 UTC",Cosmos-3M | Cosmos 909,Retired,,Success
5122,RVSN USSR,"Site 31/6, Baikonur Cosmodrome, Kazakhstan","Tue May 17, 1977 10:10 UTC",Soyuz U | Cosmos 908,Retired,20.0,Success
5123,Martin Marietta,"SLC-40, Cape Canaveral SFS, Florida, USA","Thu May 12, 1977 14:26 UTC",Titan III(23)C | DSCS-II 7&8,Retired,,Success
5124,RVSN USSR,"Site 43/3, Plesetsk Cosmodrome, Russia","Thu May 05, 1977 14:00 UTC",Soyuz U | Cosmos 907,Retired,20.0,Success
5125,RVSN USSR,"Site 43/4, Plesetsk Cosmodrome, Russia","Thu Apr 28, 1977 09:10 UTC",Molniya-M/Block ML | Molniya-3 n°68,Retired,,Success
5126,RVSN USSR,"Site 107/1, Kapustin Yar, Russia","Wed Apr 27, 1977 03:30 UTC",Cosmos-3M | Cosmos 906,Retired,,Success
5127,RVSN USSR,"Site 43/3, Plesetsk Cosmodrome, Russia","Tue Apr 26, 1977 14:45 UTC",Soyuz U | Cosmos 905,Retired,20.0,Success
5128,US Air Force,"SLC-17A, Cape Canaveral SFS, Florida, USA","Wed Apr 20, 1977 10:15 UTC",Delta 2914 | ESA-GEOS-1,Retired,,Partial Failure
5129,RVSN USSR,"Site 31/6, Baikonur Cosmodrome, Kazakhstan","Wed Apr 20, 1977 09:00 UTC",Soyuz U | Cosmos 904,Retired,20.0,Success
5130,RVSN USSR,"Site 43/3, Plesetsk Cosmodrome, Russia","Mon Apr 11, 1977 01:38 UTC",Molniya-M/Block 2BL | Cosmos 903,Retired,,Success
5131,RVSN USSR,"Site 43/4, Plesetsk Cosmodrome, Russia","Thu Apr 07, 1977 08:59 UTC",Soyuz U | Cosmos 902,Retired,20.0,Success
5132,RVSN USSR,"Site 133/3, Plesetsk Cosmodrome, Russia","Tue Apr 05, 1977 10:30 UTC",Cosmos-2 (63SM) | Cosmos 901,Retired,,Success
5133,RVSN USSR,"Site 43/3, Plesetsk Cosmodrome, Russia","Tue Apr 05, 1977 02:05 UTC",Vostok-2M | Meteor n°37,Retired,,Success
5134,RVSN USSR,"Site 132/2, Plesetsk Cosmodrome, Russia","Tue Mar 29, 1977 23:00 UTC",Cosmos-3M | Cosmos 900,Retired,,Success
5135,RVSN USSR,"Site 132/2, Plesetsk Cosmodrome, Russia","Thu Mar 24, 1977 22:11 UTC",Cosmos-3M | Cosmos 899,Retired,,Success
5136,RVSN USSR,"Site 43/4, Plesetsk Cosmodrome, Russia","Thu Mar 24, 1977 11:51 UTC",Molniya-M/Block ML | Molniya-1 n°67,Retired,,Success
5137,RVSN USSR,"Site 43/3, Plesetsk Cosmodrome, Russia","Thu Mar 17, 1977 08:30 UTC",Soyuz U | Cosmos 898,Retired,20.0,Success
5138,US Air Force,"SLC-4W, Vandenberg SFB, California, USA","Sun Mar 13, 1977 18:41 UTC",Titan III(24)B | KH-8 48 (Gambit-3 48),Retired,,Success
5139,US Air Force,"SLC-17A, Cape Canaveral SFS, Florida, USA","Thu Mar 10, 1977 23:16 UTC",Delta 2914 | Palapa-A2,Retired,,Success
5140,RVSN USSR,"Site 43/3, Plesetsk Cosmodrome, Russia","Thu Mar 10, 1977 11:00 UTC",Soyuz U | Cosmos 897,Retired,20.0,Success
5141,RVSN USSR,"Site 43/4, Plesetsk Cosmodrome, Russia","Thu Mar 03, 1977 10:30 UTC",Soyuz U | Cosmos 896,Retired,20.0,Success
5142,RVSN USSR,"Site 43/4, Plesetsk Cosmodrome, Russia","Sat Feb 26, 1977 21:18 UTC",Vostok-2M | Cosmos 895,Retired,,Success
5143,MHI,"LA-Y1, Tanegashima Space Center, Japan","Wed Feb 23, 1977 08:50 UTC",N-I Star-37E | Kiku 2,Retired,,Success
5144,RVSN USSR,"Site 31/6, Baikonur Cosmodrome, Kazakhstan","Tue Feb 22, 1977 09:19 UTC",Soyuz U | Zenit-4MK n°381,Retired,20.0,Failure
5145,RVSN USSR,"Site 132/1, Plesetsk Cosmodrome, Russia","Mon Feb 21, 1977 17:20 UTC",Cosmos-3M | Cosmos 894,Retired,,Success
5146,ISAS,"Mu Pad, Uchinoura Space Center, Japan","Sat Feb 19, 1977 05:15 UTC",Mu-III H | Tansei 3,Retired,,Success
5147,RVSN USSR,"Site 132/2, Plesetsk Cosmodrome, Russia","Tue Feb 15, 1977 11:00 UTC",Cosmos-3M | Cosmos 893,Retired,,Success
5148,RVSN USSR,"Site 43/4, Plesetsk Cosmodrome, Russia","Fri Feb 11, 1977 14:57 UTC",Molniya-M/Block ML | Molniya-2 n°66,Retired,,Success
5149,RVSN USSR,"Site 43/3, Plesetsk Cosmodrome, Russia","Wed Feb 09, 1977 11:30 UTC",Soyuz U | Cosmos 892,Retired,20.0,Success
5150,RVSN USSR,"Site 1/5, Baikonur Cosmodrome, Kazakhstan","Mon Feb 07, 1977 16:11 UTC",Soyuz U | Soyuz 24,Retired,20.0,Success
5151,Martin Marietta,"SLC-40, Cape Canaveral SFS, Florida, USA","Sun Feb 06, 1977 06:00 UTC",Titan III(23)C | DSP-7,Retired,,Success
5152,RVSN USSR,"Site 132/2, Plesetsk Cosmodrome, Russia","Wed Feb 02, 1977 12:30 UTC",Cosmos-3M | Cosmos 891,Retired,,Success
5153,US Air Force,"SLC-17A, Cape Canaveral SFS, Florida, USA","Fri Jan 28, 1977 00:50 UTC",Delta 2914 | NATO 3B,Retired,,Success
5154,RVSN USSR,"Site 132/1, Plesetsk Cosmodrome, Russia","Thu Jan 20, 1977 20:05 UTC",Cosmos-3M | Cosmos 890,Retired,,Success
5155,RVSN USSR,"Site 31/6, Baikonur Cosmodrome, Kazakhstan","Thu Jan 20, 1977 08:30 UTC",Soyuz U | Cosmos 889,Retired,20.0,Success
5156,RVSN USSR,"Site 43/4, Plesetsk Cosmodrome, Russia","Thu Jan 06, 1977 23:17 UTC",Vostok-2M | Meteor-2 n°2,Retired,,Success
5157,RVSN USSR,"Site 31/6, Baikonur Cosmodrome, Kazakhstan","Thu Jan 06, 1977 09:40 UTC",Soyuz U | Cosmos 888,Retired,20.0,Success
5158,RVSN USSR,"Site 132/1, Plesetsk Cosmodrome, Russia","Tue Dec 28, 1976 07:49 UTC",Cosmos-3M | Cosmos 887,Retired,,Success
5159,RVSN USSR,"Site 43/4, Plesetsk Cosmodrome, Russia","Tue Dec 28, 1976 06:38 UTC",Molniya-M/Block ML | Molniya-3 n°65,Retired,,Success
5160,RVSN USSR,"Site 90/19, Baikonur Cosmodrome, Kazakhstan","Mon Dec 27, 1976 12:05 UTC",Tsyklon-2 | Cosmos 886,Retired,,Success
5161,Martin Marietta,"SLC-4E, Vandenberg SFB, California, USA","Sun Dec 19, 1976 18:19 UTC",Titan IIID | KH-11 1 (Kennen 1),Retired,,Success
5162,RVSN USSR,"Site 132/2, Plesetsk Cosmodrome, Russia","Fri Dec 17, 1976 12:00 UTC",Cosmos-3M | Cosmos 885,Retired,,Success
5163,RVSN USSR,"Site 31/6, Baikonur Cosmodrome, Kazakhstan","Fri Dec 17, 1976 09:30 UTC",Soyuz U | Cosmos 884,Retired,20.0,Success
5164,RVSN USSR,"Site 132/1, Plesetsk Cosmodrome, Russia","Wed Dec 15, 1976 13:59 UTC",Cosmos-3M | Cosmos 883,Retired,,Success
5165,RVSN USSR,"Site 81/24, Baikonur Cosmodrome, Kazakhstan","Wed Dec 15, 1976 01:30 UTC",Proton-K | Cosmos 881 & 882,Retired,,Success
5166,RVSN USSR,"Site 132/2, Plesetsk Cosmodrome, Russia","Thu Dec 09, 1976 20:00 UTC",Cosmos-3M | Cosmos 880,Retired,,Success
5167,RVSN USSR,"Site 43/4, Plesetsk Cosmodrome, Russia","Thu Dec 09, 1976 10:00 UTC",Soyuz U | Cosmos 879,Retired,20.0,Success
5168,RVSN USSR,"Site 132/1, Plesetsk Cosmodrome, Russia","Tue Dec 07, 1976 10:23 UTC",Cosmos-3M | Cosmos 871 to 878,Retired,,Success
5169,MASI,"Site 138 (LA-2B), Jiuquan Satellite Launch Center, China","Tue Dec 07, 1976 04:38 UTC",Long March 2 | FSW-0 2,Retired,,Success
5170,RVSN USSR,"Site 43/4, Plesetsk Cosmodrome, Russia","Thu Dec 02, 1976 02:44 UTC",Molniya-M/Block ML | Molniya-2 n°64,Retired,,Success
5171,RVSN USSR,"Site 132/2, Plesetsk Cosmodrome, Russia","Thu Dec 02, 1976 00:17 UTC",Cosmos-3M | Cosmos 870,Retired,,Success
5172,RVSN USSR,"Site 1/5, Baikonur Cosmodrome, Kazakhstan","Mon Nov 29, 1976 16:04 UTC",Soyuz U | Cosmos 869,Retired,20.0,Success
5173,RVSN USSR,"Site 90/20, Baikonur Cosmodrome, Kazakhstan","Fri Nov 26, 1976 14:30 UTC",Tsyklon-2 | Cosmos 868,Retired,,Success
5174,RVSN USSR,"Site 31/6, Baikonur Cosmodrome, Kazakhstan","Thu Nov 25, 1976 03:59 UTC",Molniya-M/Block SO-L | Prognoz n°5,Retired,,Success
5175,RVSN USSR,"Site 43/4, Plesetsk Cosmodrome, Russia","Tue Nov 23, 1976 16:27 UTC",Soyuz U | Cosmos 867,Retired,20.0,Success
5176,RVSN USSR,"Site 31/6, Baikonur Cosmodrome, Kazakhstan","Thu Nov 11, 1976 10:45 UTC",Soyuz U | Cosmos 866,Retired,20.0,Success
5177,MASI,"Site 138 (LA-2B), Jiuquan Satellite Launch Center, China","Wed Nov 10, 1976 09:05 UTC",Feng Bao 1 | JSSW-6,Retired,,Failure
5178,RVSN USSR,"Site 43/4, Plesetsk Cosmodrome, Russia","Mon Nov 01, 1976 11:20 UTC",Soyuz U | Cosmos 865,Retired,20.0,Success
5179,RVSN USSR,"Site 132/2, Plesetsk Cosmodrome, Russia","Fri Oct 29, 1976 12:39 UTC",Cosmos-3M | Cosmos 864,Retired,,Success
5180,RVSN USSR,"Site 81/24, Baikonur Cosmodrome, Kazakhstan","Tue Oct 26, 1976 14:50 UTC",Proton-K/Block-DM | Ekran 1,Retired,,Success
5181,RVSN USSR,"Site 43/4, Plesetsk Cosmodrome, Russia","Mon Oct 25, 1976 14:30 UTC",Soyuz U | Cosmos 863,Retired,20.0,Success
5182,RVSN USSR,"Site 43/4, Plesetsk Cosmodrome, Russia","Fri Oct 22, 1976 09:11 UTC",Molniya-M/Block 2BL | Cosmos 862,Retired,,Success
5183,RVSN USSR,"Site 90/19, Baikonur Cosmodrome, Kazakhstan","Thu Oct 21, 1976 16:53 UTC",Tsyklon-2 | Cosmos 861,Retired,,Success
5184,RVSN USSR,"Site 90/19, Baikonur Cosmodrome, Kazakhstan","Sun Oct 17, 1976 18:06 UTC",Tsyklon-2 | Cosmos 860,Retired,,Success
5185,RVSN USSR,"Site 43/3, Plesetsk Cosmodrome, Russia","Fri Oct 15, 1976 22:59 UTC",Vostok-2M | Meteor n°36,Retired,,Success
5186,US Air Force,"SLC-17A, Cape Canaveral SFS, Florida, USA","Thu Oct 14, 1976 22:44 UTC",Delta 2914 | Marisat-3,Retired,,Success
5187,RVSN USSR,"Site 1/5, Baikonur Cosmodrome, Kazakhstan","Thu Oct 14, 1976 17:39 UTC",Soyuz | Soyuz 23,Retired,,Success
5188,RVSN USSR,"Site 31/6, Baikonur Cosmodrome, Kazakhstan","Sun Oct 10, 1976 09:35 UTC",Soyuz U | Cosmos 859,Retired,20.0,Success
5189,RVSN USSR,"Site 43/4, Plesetsk Cosmodrome, Russia","Mon Oct 04, 1976 11:00 UTC",Soyuz U | Zenit-4MKT n°370,Retired,20.0,Failure
5190,RVSN USSR,"Site 132/2, Plesetsk Cosmodrome, Russia","Wed Sep 29, 1976 07:04 UTC",Cosmos-3M | Cosmos 858,Retired,,Success
5191,RVSN USSR,"Site 43/3, Plesetsk Cosmodrome, Russia","Fri Sep 24, 1976 15:00 UTC",Soyuz U | Cosmos 857,Retired,20.0,Success
5192,RVSN USSR,"Site 31/6, Baikonur Cosmodrome, Kazakhstan","Wed Sep 22, 1976 09:30 UTC",Soyuz U | Cosmos 856,Retired,20.0,Success
5193,RVSN USSR,"Site 43/3, Plesetsk Cosmodrome, Russia","Tue Sep 21, 1976 11:40 UTC",Soyuz U | Cosmos 855,Retired,20.0,Success
5194,US Air Force,"SLC-4W, Vandenberg SFB, California, USA","Wed Sep 15, 1976 18:50 UTC",Titan III(24)B | KH-8 47 (Gambit-3 47),Retired,,Success
5195,RVSN USSR,"Site 1/5, Baikonur Cosmodrome, Kazakhstan","Wed Sep 15, 1976 09:48 UTC",Soyuz U | Soyuz 22,Retired,20.0,Success
5196,RVSN USSR,"Site 81/24, Baikonur Cosmodrome, Kazakhstan","Sat Sep 11, 1976 18:24 UTC",Proton-K/Block-DM | Raduga 2,Retired,,Success
5197,US Air Force,"SLC-10W (75-2-6), Vandenberg SFB, California, USA","Sat Sep 11, 1976 08:00 UTC",Thor LV2F Star-ISS | DMSP-5D1 F1,Retired,,Success
5198,RVSN USSR,"Site 43/4, Plesetsk Cosmodrome, Russia","Fri Sep 03, 1976 09:20 UTC",Soyuz U | Cosmos 854,Retired,20.0,Success
5199,US Air Force,"SLC-5, Vandenberg SFB, California, USA","Wed Sep 01, 1976 21:14 UTC",Scout D1 | TIP 3,Retired,,Success
5200,RVSN USSR,"Site 43/3, Plesetsk Cosmodrome, Russia","Wed Sep 01, 1976 03:23 UTC",Molniya-M/Block ML | Cosmos 853,Retired,,Partial Failure
5201,MASI,"Site 138 (LA-2B), Jiuquan Satellite Launch Center, China","Mon Aug 30, 1976 11:45 UTC",Feng Bao 1 | JSSW-5,Retired,,Success
5202,RVSN USSR,"Site 31/6, Baikonur Cosmodrome, Kazakhstan","Sat Aug 28, 1976 09:00 UTC",Soyuz U | Cosmos 852,Retired,20.0,Success
5203,RVSN USSR,"Site 43/4, Plesetsk Cosmodrome, Russia","Fri Aug 27, 1976 14:34 UTC",Vostok-2M | Cosmos 851,Retired,,Success
5204,RVSN USSR,"Site 133/3, Plesetsk Cosmodrome, Russia","Thu Aug 26, 1976 10:59 UTC",Cosmos-2 (63SM) | Cosmos 850,Retired,,Success
5205,RVSN USSR,"Site 133/3, Plesetsk Cosmodrome, Russia","Wed Aug 18, 1976 09:30 UTC",Cosmos-2 (63SM) | Cosmos 849,Retired,,Success
5206,RVSN USSR,"Site 43/3, Plesetsk Cosmodrome, Russia","Thu Aug 12, 1976 13:30 UTC",Soyuz U | Cosmos 848,Retired,20.0,Success
5207,RVSN USSR,"Site 81/23, Baikonur Cosmodrome, Kazakhstan","Mon Aug 09, 1976 15:04 UTC",Proton-K/Block D | Luna 24,Retired,,Success
5208,Martin Marietta,"SLC-4W, Vandenberg SFB, California, USA","Fri Aug 06, 1976 22:21 UTC",Titan III(34)B Agena-D | Quasar-2,Retired,,Success
5209,RVSN USSR,"Site 43/4, Plesetsk Cosmodrome, Russia","Wed Aug 04, 1976 13:40 UTC",Soyuz U | Cosmos 847,Retired,20.0,Success
5210,RVSN USSR,"Site 132/1, Plesetsk Cosmodrome, Russia","Thu Jul 29, 1976 20:02 UTC",Cosmos-3M | Cosmos 846,Retired,,Success
5211,US Air Force,"SLC-2W, Vandenberg SFB, California, USA","Thu Jul 29, 1976 17:07 UTC",Delta 2310 | NOAA-5,Retired,,Success
5212,RVSN USSR,"Site 132/2, Plesetsk Cosmodrome, Russia","Tue Jul 27, 1976 12:00 UTC",Cosmos-3M | Intercosmos 16,Retired,,Success
5213,RVSN USSR,"Site 132/1, Plesetsk Cosmodrome, Russia","Tue Jul 27, 1976 05:21 UTC",Cosmos-3M | Cosmos 845,Retired,,Success
5214,RVSN USSR,"Site 1/5, Baikonur Cosmodrome, Kazakhstan","Fri Jul 23, 1976 15:49 UTC",Molniya-M/Block ML | Molniya-1 n°62,Retired,,Success
5215,General Dynamics,"SLC-36B, Cape Canaveral SFS, Florida, USA","Thu Jul 22, 1976 22:04 UTC",Atlas-SLV3D Centaur-D1AR | Comstar D2,Retired,,Success
5216,RVSN USSR,"Site 43/3, Plesetsk Cosmodrome, Russia","Thu Jul 22, 1976 15:40 UTC",Soyuz U | Cosmos 844,Retired,20.0,Success
5217,RVSN USSR,"Site 90/19, Baikonur Cosmodrome, Kazakhstan","Wed Jul 21, 1976 15:14 UTC",Tsyklon-2 | Cosmos 843,Retired,,Success
5218,RVSN USSR,"Site 132/1, Plesetsk Cosmodrome, Russia","Wed Jul 21, 1976 10:20 UTC",Cosmos-3M | Cosmos 842,Retired,,Success
5219,RVSN USSR,"Site 132/1, Plesetsk Cosmodrome, Russia","Thu Jul 15, 1976 13:11 UTC",Cosmos-3M | Cosmos 841,Retired,,Success
5220,RVSN USSR,"Site 43/4, Plesetsk Cosmodrome, Russia","Wed Jul 14, 1976 09:00 UTC",Soyuz U | Cosmos 840,Retired,20.0,Success
5221,US Air Force,"SLC-17A, Cape Canaveral SFS, Florida, USA","Thu Jul 08, 1976 23:31 UTC",Delta 2914 | Palapa-A1,Retired,,Success
5222,RVSN USSR,"Site 132/1, Plesetsk Cosmodrome, Russia","Thu Jul 08, 1976 21:08 UTC",Cosmos-3M | Cosmos 839,Retired,,Success
5223,Martin Marietta,"SLC-4E, Vandenberg SFB, California, USA","Thu Jul 08, 1976 18:30 UTC","Titan IIID | KH-9 12 (Hexagon 12), Ursala 3 & S3 3",Retired,,Success
5224,RVSN USSR,"Site 1/5, Baikonur Cosmodrome, Kazakhstan","Tue Jul 06, 1976 12:08 UTC",Soyuz | Soyuz 21,Retired,,Success
5225,RVSN USSR,"Site 90/19, Baikonur Cosmodrome, Kazakhstan","Fri Jul 02, 1976 10:30 UTC",Tsyklon-2 | Cosmos 838,Retired,,Success
5226,RVSN USSR,"Site 43/4, Plesetsk Cosmodrome, Russia","Thu Jul 01, 1976 08:05 UTC",Molniya-M/Block ML | Cosmos 837,Retired,,Partial Failure
5227,RVSN USSR,"Site 132/2, Plesetsk Cosmodrome, Russia","Tue Jun 29, 1976 08:12 UTC",Cosmos-3M | Cosmos 836,Retired,,Success
5228,RVSN USSR,"Site 31/6, Baikonur Cosmodrome, Kazakhstan","Tue Jun 29, 1976 07:20 UTC",Voskhod | Cosmos 835,Retired,,Success
5229,Martin Marietta,"SLC-40, Cape Canaveral SFS, Florida, USA","Sat Jun 26, 1976 03:00 UTC",Titan III(23)C | DSP-6,Retired,,Success
5230,RVSN USSR,"Site 43/3, Plesetsk Cosmodrome, Russia","Thu Jun 24, 1976 07:10 UTC",Soyuz U | Cosmos 834,Retired,20.0,Success
5231,RVSN USSR,"Site 81/23, Baikonur Cosmodrome, Kazakhstan","Tue Jun 22, 1976 18:04 UTC",Proton-K | Salyut 5,Retired,,Success
5232,RVSN USSR,"Site 132/1, Plesetsk Cosmodrome, Russia","Sat Jun 19, 1976 16:00 UTC",Cosmos-3M | Intercosmos 15,Retired,,Success
5233,RVSN USSR,"Site 43/3, Plesetsk Cosmodrome, Russia","Wed Jun 16, 1976 13:09 UTC",Voskhod | Cosmos 833,Retired,,Success
5234,RVSN USSR,"Site 132/2, Plesetsk Cosmodrome, Russia","Tue Jun 15, 1976 13:19 UTC",Cosmos-3M | Cosmos 825 to 832,Retired,,Success
5235,US Air Force,"SLC-17A, Cape Canaveral SFS, Florida, USA","Thu Jun 10, 1976 00:09 UTC",Delta 2914 | Marisat-2,Retired,,Success
5236,RVSN USSR,"Site 31/6, Baikonur Cosmodrome, Kazakhstan","Tue Jun 08, 1976 07:00 UTC",Voskhod | Cosmos 824,Retired,,Success
5237,RVSN USSR,"Site 132/2, Plesetsk Cosmodrome, Russia","Wed Jun 02, 1976 22:30 UTC",Cosmos-3M | Cosmos 823,Retired,,Success
5238,Martin Marietta,"SLC-4W, Vandenberg SFB, California, USA","Wed Jun 02, 1976 20:56 UTC",Titan III(34)B Agena-D | Quasar-1,Retired,,Success
5239,RVSN USSR,"Site 132/1, Plesetsk Cosmodrome, Russia","Fri May 28, 1976 15:00 UTC",Cosmos-3M | Cosmos 822,Retired,,Success
5240,RVSN USSR,"Site 43/3, Plesetsk Cosmodrome, Russia","Wed May 26, 1976 09:00 UTC",Voskhod | Cosmos 821,Retired,,Success
5241,US Air Force,"SLC-5, Vandenberg SFB, California, USA","Sat May 22, 1976 07:42 UTC",Scout B1 | Wideband,Retired,,Success
5242,RVSN USSR,"Site 43/3, Plesetsk Cosmodrome, Russia","Fri May 21, 1976 07:00 UTC",Soyuz U | Cosmos 820,Retired,20.0,Success
5243,RVSN USSR,"Site 31/6, Baikonur Cosmodrome, Kazakhstan","Thu May 20, 1976 09:00 UTC",Voskhod | Cosmos 819,Retired,,Success
5244,RVSN USSR,"Site 133/3, Plesetsk Cosmodrome, Russia","Tue May 18, 1976 10:59 UTC",Cosmos-2 (63SM) | Cosmos 818,Retired,,Success
5245,RVSN USSR,"Site 43/3, Plesetsk Cosmodrome, Russia","Sat May 15, 1976 13:30 UTC",Vostok-2M | Meteor n°35,Retired,,Success
5246,General Dynamics,"SLC-36A, Cape Canaveral SFS, Florida, USA","Thu May 13, 1976 22:28 UTC",Atlas-SLV3D Centaur-D1AR | Comstar D1,Retired,,Success
5247,RVSN USSR,"Site 41/1, Plesetsk Cosmodrome, Russia","Wed May 12, 1976 17:57 UTC",Molniya-M/Block ML | Molniya-3 n°60,Retired,,Success
5248,RVSN USSR,"Site 31/6, Baikonur Cosmodrome, Kazakhstan","Wed May 05, 1976 07:50 UTC",Voskhod | Cosmos 817,Retired,,Success
5249,US Air Force,"SLC-2W, Vandenberg SFB, California, USA","Tue May 04, 1976 08:00 UTC",Delta 2913 | LAGEOS-1,Retired,,Success
5250,General Dynamics,"SLC-3W, Vandenberg SFB, California, USA","Fri Apr 30, 1976 19:12 UTC",Atlas-E/F MSD | MSD 1 & NOSS 1A to 1C,Retired,,Success
5251,RVSN USSR,"Site 132/1, Plesetsk Cosmodrome, Russia","Wed Apr 28, 1976 13:30 UTC",Cosmos-3M | Cosmos 816,Retired,,Success
5252,RVSN USSR,"Site 43/3, Plesetsk Cosmodrome, Russia","Wed Apr 28, 1976 09:30 UTC",Voskhod | Cosmos 815,Retired,,Success
5253,US Air Force,"SLC-17B, Cape Canaveral SFS, Florida, USA","Thu Apr 22, 1976 20:46 UTC",Delta 2914 | NATO 3A,Retired,,Success
5254,RVSN USSR,"Site 90/20, Baikonur Cosmodrome, Kazakhstan","Tue Apr 13, 1976 17:15 UTC",Tsyklon-2 | Cosmos 814,Retired,,Success
5255,RVSN USSR,"Site 43/3, Plesetsk Cosmodrome, Russia","Fri Apr 09, 1976 08:30 UTC",Voskhod | Cosmos 813,Retired,,Success
5256,RVSN USSR,"Site 41/1, Plesetsk Cosmodrome, Russia","Wed Apr 07, 1976 13:05 UTC",Vostok-2M | Meteor n°34,Retired,,Success
5257,RVSN USSR,"Site 132/1, Plesetsk Cosmodrome, Russia","Tue Apr 06, 1976 04:14 UTC",Cosmos-3M | Cosmos 812,Retired,,Success
5258,RVSN USSR,"Site 41/1, Plesetsk Cosmodrome, Russia","Wed Mar 31, 1976 12:50 UTC",Soyuz M | Cosmos 811,Retired,,Success
5259,US Air Force,"SLC-17A, Cape Canaveral SFS, Florida, USA","Fri Mar 26, 1976 22:47 UTC",Delta 3914 | Satcom-2,Retired,,Success
5260,RVSN USSR,"Site 43/3, Plesetsk Cosmodrome, Russia","Fri Mar 26, 1976 15:00 UTC",Voskhod | Cosmos 810,Retired,,Success
5261,US Air Force,"SLC-4W, Vandenberg SFB, California, USA","Mon Mar 22, 1976 18:14 UTC",Titan III(24)B | KH-8 46 (Gambit-3 46),Retired,,Success
5262,RVSN USSR,"Site 1/5, Baikonur Cosmodrome, Kazakhstan","Fri Mar 19, 1976 19:31 UTC",Molniya-M/Block ML | Molniya-1 n°59,Retired,,Success
5263,RVSN USSR,"Site 31/6, Baikonur Cosmodrome, Kazakhstan","Thu Mar 18, 1976 09:15 UTC",Soyuz U | Cosmos 809,Retired,20.0,Success
5264,RVSN USSR,"Site 41/1, Plesetsk Cosmodrome, Russia","Tue Mar 16, 1976 17:22 UTC",Vostok-2M | Cosmos 808,Retired,,Success
5265,Martin Marietta,"SLC-40, Cape Canaveral SFS, Florida, USA","Mon Mar 15, 1976 01:25 UTC","Titan III(23)C | LES-8, LES-9, Solrad-11a, Solrad-11b",Retired,,Success
5266,RVSN USSR,"Site 132/1, Plesetsk Cosmodrome, Russia","Fri Mar 12, 1976 13:30 UTC",Cosmos-3M | Cosmos 807,Retired,,Success
5267,RVSN USSR,"Site 41/1, Plesetsk Cosmodrome, Russia","Thu Mar 11, 1976 19:45 UTC",Molniya-M/Block ML | Molniya-1 n°58,Retired,,Success
5268,RVSN USSR,"Site 31/6, Baikonur Cosmodrome, Kazakhstan","Wed Mar 10, 1976 08:00 UTC",Soyuz U | Cosmos 806,Retired,20.0,Success
5269,MHI,"LA-Y1, Tanegashima Space Center, Japan","Sun Feb 29, 1976 03:30 UTC",N-I | Ume 1,Retired,,Success
5270,RVSN USSR,"Site 43/3, Plesetsk Cosmodrome, Russia","Fri Feb 20, 1976 14:01 UTC",Soyuz U | Cosmos 805,Retired,20.0,Success
5271,US Air Force,"SLC-17B, Cape Canaveral SFS, Florida, USA","Thu Feb 19, 1976 22:32 UTC",Delta 2914 | Marisat-1,Retired,,Success
5272,US Air Force,"SLC-10W (75-2-6), Vandenberg SFB, California, USA","Thu Feb 19, 1976 07:52 UTC",Thor LV2D Burner-2 | DMSP-5C F3,Retired,,Failure
5273,RVSN USSR,"Site 90/20, Baikonur Cosmodrome, Kazakhstan","Mon Feb 16, 1976 08:29 UTC",Tsyklon-2 | Cosmos 804,Retired,,Success
5274,RVSN USSR,"Site 132/2, Plesetsk Cosmodrome, Russia","Thu Feb 12, 1976 13:00 UTC",Cosmos-3M | Cosmos 803,Retired,,Success
5275,RVSN USSR,"Site 31/6, Baikonur Cosmodrome, Kazakhstan","Wed Feb 11, 1976 08:50 UTC",Voskhod | Cosmos 802,Retired,,Success
5276,RVSN USSR,"Site 133/3, Plesetsk Cosmodrome, Russia","Thu Feb 05, 1976 14:30 UTC",Cosmos-2 (63SM) | Cosmos 801,Retired,,Success
5277,ISAS,"Mu Pad, Uchinoura Space Center, Japan","Wed Feb 04, 1976 06:00 UTC",Mu-III C | Corsa A,Retired,,Failure
5278,RVSN USSR,"Site 132/1, Plesetsk Cosmodrome, Russia","Tue Feb 03, 1976 08:16 UTC",Cosmos-3M | Cosmos 800,Retired,,Success
5279,General Dynamics,"SLC-36B, Cape Canaveral SFS, Florida, USA","Thu Jan 29, 1976 23:56 UTC",Atlas-SLV3D Centaur-D1AR | Intelsat 4A F2,Retired,,Success
5280,RVSN USSR,"Site 31/6, Baikonur Cosmodrome, Kazakhstan","Thu Jan 29, 1976 08:30 UTC",Voskhod | Cosmos 799,Retired,,Success
5281,RVSN USSR,"Site 132/1, Plesetsk Cosmodrome, Russia","Wed Jan 28, 1976 10:39 UTC",Cosmos-3M | Cosmos 791 to 798,Retired,,Success
5282,RVSN USSR,"Site 132/1, Plesetsk Cosmodrome, Russia","Thu Jan 22, 1976 22:26 UTC",Cosmos-3M | Cosmos 790,Retired,,Success
5283,RVSN USSR,"Site 1/5, Baikonur Cosmodrome, Kazakhstan","Thu Jan 22, 1976 11:38 UTC",Molniya-M/Block ML | Molniya-1 n°57,Retired,,Success
5284,RVSN USSR,"Site 132/1, Plesetsk Cosmodrome, Russia","Tue Jan 20, 1976 17:07 UTC",Cosmos-3M | Cosmos 789,Retired,,Success
5285,US Air Force,"SLC-17B, Cape Canaveral SFS, Florida, USA","Sat Jan 17, 1976 23:27 UTC",Delta 2914 | CTS 1 Hermes,Retired,,Success
5286,Martin Marietta,"SLC-41, Cape Canaveral SFS, Florida, USA","Thu Jan 15, 1976 05:34 UTC",Titan IIIE | Helios-2,Retired,,Success
5287,RVSN USSR,"Site 43/3, Plesetsk Cosmodrome, Russia","Wed Jan 07, 1976 15:34 UTC",Voskhod | Cosmos 788,Retired,,Success
5288,RVSN USSR,"Site 132/1, Plesetsk Cosmodrome, Russia","Tue Jan 06, 1976 04:52 UTC",Cosmos-3M | Cosmos 787,Retired,,Success
5289,RVSN USSR,"Site 43/3, Plesetsk Cosmodrome, Russia","Sat Dec 27, 1975 10:22 UTC",Molniya-M/Block ML | Molniya-3 n°56,Retired,,Success
5290,RVSN USSR,"Site 41/1, Plesetsk Cosmodrome, Russia","Thu Dec 25, 1975 19:00 UTC",Vostok-2M | Meteor n°33,Retired,,Success
5291,RVSN USSR,"Site 81/24, Baikonur Cosmodrome, Kazakhstan","Mon Dec 22, 1975 13:00 UTC",Proton-K/Block-DM | Raduga 1,Retired,,Success
5292,RVSN USSR,"Site 31/6, Baikonur Cosmodrome, Kazakhstan","Mon Dec 22, 1975 02:08 UTC",Molniya-M/Block SO-L | Prognoz n°4,Retired,,Success
5293,RVSN USSR,"Site 132/1, Plesetsk Cosmodrome, Russia","Fri Dec 19, 1975 14:00 UTC",Cosmos-3M | DS-P1 satellite,Retired,,Failure
5294,RVSN USSR,"Site 43/3, Plesetsk Cosmodrome, Russia","Wed Dec 17, 1975 11:06 UTC",Molniya-M/Block ML | Molniya-2 n°55,Retired,,Success
5295,RVSN USSR,"Site 31/6, Baikonur Cosmodrome, Kazakhstan","Tue Dec 16, 1975 09:50 UTC",Voskhod | Cosmos 786,Retired,,Success
5296,MASI,"Site 138 (LA-2B), Jiuquan Satellite Launch Center, China","Tue Dec 16, 1975 09:21 UTC",Feng Bao 1 | JSSW-4,Retired,,Success
5297,Martin Marietta,"SLC-40, Cape Canaveral SFS, Florida, USA","Sun Dec 14, 1975 05:15 UTC",Titan III(23)C | DSP-5,Retired,,Success
5298,US Air Force,"SLC-17A, Cape Canaveral SFS, Florida, USA","Sat Dec 13, 1975 01:56 UTC",Delta 3914 | Satcom-1,Retired,,Success
5299,RVSN USSR,"Site 90/19, Baikonur Cosmodrome, Kazakhstan","Fri Dec 12, 1975 12:45 UTC",Tsyklon-2 | Cosmos 785,Retired,,Success
5300,RVSN USSR,"Site 132/1, Plesetsk Cosmodrome, Russia","Thu Dec 11, 1975 17:00 UTC",Cosmos-3M | Intercosmos 14,Retired,,Success
5301,US Air Force,"SLC-5, Vandenberg SFB, California, USA","Sat Dec 06, 1975 03:35 UTC",Scout F1 | DAD Explorer A & B,Retired,,Success
5302,Martin Marietta,"SLC-4E, Vandenberg SFB, California, USA","Thu Dec 04, 1975 20:38 UTC",Titan IIID | KH-9 11 (Hexagon 11) & S3 2,Retired,,Success
5303,RVSN USSR,"Site 43/3, Plesetsk Cosmodrome, Russia","Wed Dec 03, 1975 10:00 UTC",Voskhod | Cosmos 784,Retired,,Success
5304,RVSN USSR,"Site 132/1, Plesetsk Cosmodrome, Russia","Fri Nov 28, 1975 00:10 UTC",Cosmos-3M | Cosmos 783,Retired,,Success
5305,MASI,"Site 138 (LA-2B), Jiuquan Satellite Launch Center, China","Wed Nov 26, 1975 03:27 UTC",Long March 2 | FSW-0 1,Retired,,Success
5306,RVSN USSR,"Site 43/3, Plesetsk Cosmodrome, Russia","Tue Nov 25, 1975 17:00 UTC",Soyuz U | Cosmos 782,Retired,20.0,Success
5307,RVSN USSR,"Site 132/1, Plesetsk Cosmodrome, Russia","Fri Nov 21, 1975 17:11 UTC",Cosmos-3M | Cosmos 781,Retired,,Success
5308,RVSN USSR,"Site 31/6, Baikonur Cosmodrome, Kazakhstan","Fri Nov 21, 1975 09:20 UTC",Voskhod | Cosmos 780,Retired,,Success
5309,US Air Force,"SLC-17B, Cape Canaveral SFS, Florida, USA","Thu Nov 20, 1975 02:06 UTC",Delta 2910 | Explorer 55 (AE-E),Retired,,Success
5310,RVSN USSR,"Site 1/5, Baikonur Cosmodrome, Kazakhstan","Mon Nov 17, 1975 14:36 UTC",Soyuz U | Soyuz 20,Retired,20.0,Success
5311,RVSN USSR,"Site 43/3, Plesetsk Cosmodrome, Russia","Fri Nov 14, 1975 19:13 UTC",Molniya-M/Block ML | Molniya-3 n°54,Retired,,Success
5312,RVSN USSR,"Site 43/3, Plesetsk Cosmodrome, Russia","Tue Nov 04, 1975 15:19 UTC",Voskhod | Cosmos 779,Retired,,Success
5313,RVSN USSR,"Site 132/1, Plesetsk Cosmodrome, Russia","Tue Nov 04, 1975 10:12 UTC",Cosmos-3M | Cosmos 778,Retired,,Success
5314,RVSN USSR,"Site 90/20, Baikonur Cosmodrome, Kazakhstan","Wed Oct 29, 1975 11:00 UTC",Tsyklon-2 | Cosmos 777,Retired,,Success
5315,RVSN USSR,"Site 41/1, Plesetsk Cosmodrome, Russia","Fri Oct 17, 1975 14:29 UTC",Voskhod | Cosmos 776,Retired,,Success
5316,US Air Force,"SLC-17B, Cape Canaveral SFS, Florida, USA","Thu Oct 16, 1975 22:40 UTC",Delta 2914 | GOES-A,Retired,,Success
5317,RVSN USSR,"Site 81/23, Baikonur Cosmodrome, Kazakhstan","Thu Oct 16, 1975 04:04 UTC",Proton-K/Block D | Ye-8-5M n°412,Retired,,Failure
5318,US Air Force,"SLC-5, Vandenberg SFB, California, USA","Sun Oct 12, 1975 06:39 UTC",Scout D1 | TIP 2,Retired,,Success
5319,US Air Force,"SLC-4W, Vandenberg SFB, California, USA","Thu Oct 09, 1975 19:15 UTC",Titan III(24)B | KH-8 45 (Gambit-3 45),Retired,,Success
5320,RVSN USSR,"Site 81/24, Baikonur Cosmodrome, Kazakhstan","Wed Oct 08, 1975 00:30 UTC",Proton-K/Block-DM | Cosmos 775,Retired,,Success
5321,US Air Force,"SLC-2W, Vandenberg SFB, California, USA","Mon Oct 06, 1975 09:00 UTC",Delta 2910 | Explorer 54 (AE-D),Retired,,Success
5322,RVSN USSR,"Site 31/6, Baikonur Cosmodrome, Kazakhstan","Wed Oct 01, 1975 08:30 UTC",Voskhod | Cosmos 774,Retired,,Success
5323,RVSN USSR,"Site 132/1, Plesetsk Cosmodrome, Russia","Tue Sep 30, 1975 18:37 UTC",Cosmos-3M | Cosmos 773,Retired,,Success
5324,RVSN USSR,"Site 1/5, Baikonur Cosmodrome, Kazakhstan","Mon Sep 29, 1975 04:15 UTC",Soyuz U | Cosmos 772,Retired,20.0,Success
5325,CNES,"ELD, Guiana Space Centre, French Guiana, France","Sat Sep 27, 1975 08:37 UTC",Diamant BP4 | Aura,Retired,,Success
5326,General Dynamics,"SLC-36B, Cape Canaveral SFS, Florida, USA","Fri Sep 26, 1975 00:17 UTC",Atlas-SLV3D Centaur-D1AR | Intelsat 4A F1,Retired,,Success
5327,RVSN USSR,"Site 43/3, Plesetsk Cosmodrome, Russia","Thu Sep 25, 1975 09:49 UTC",Soyuz U | Cosmos 771,Retired,20.0,Success
5328,RVSN USSR,"Site 132/1, Plesetsk Cosmodrome, Russia","Wed Sep 24, 1975 12:00 UTC",Cosmos-3M | Cosmos 770,Retired,,Success
5329,RVSN USSR,"Site 41/1, Plesetsk Cosmodrome, Russia","Tue Sep 23, 1975 09:59 UTC",Voskhod | Cosmos 769,Retired,,Success
5330,RVSN USSR,"Site 41/1, Plesetsk Cosmodrome, Russia","Thu Sep 18, 1975 00:12 UTC",Vostok-2M | Meteor n°32,Retired,,Success
5331,RVSN USSR,"Site 132/1, Plesetsk Cosmodrome, Russia","Wed Sep 17, 1975 07:10 UTC",Cosmos-3M | Cosmos 761 to 768,Retired,,Success
5332,RVSN USSR,"Site 31/6, Baikonur Cosmodrome, Kazakhstan","Tue Sep 16, 1975 09:00 UTC",Voskhod | Cosmos 760,Retired,,Success
5333,RVSN USSR,"Site 43/3, Plesetsk Cosmodrome, Russia","Fri Sep 12, 1975 05:30 UTC",Soyuz U | Cosmos 759,Retired,20.0,Success
5334,Martin Marietta,"SLC-41, Cape Canaveral SFS, Florida, USA","Tue Sep 09, 1975 18:39 UTC",Titan IIIE | Viking 2,Retired,,Success
5335,MHI,"LA-Y1, Tanegashima Space Center, Japan","Tue Sep 09, 1975 05:30 UTC",N-I | Kiku 1,Retired,,Success
5336,RVSN USSR,"Site 41/1, Plesetsk Cosmodrome, Russia","Tue Sep 09, 1975 00:19 UTC",Molniya-M/Block ML | Molniya-2 n°53,Retired,,Success
5337,RVSN USSR,"Site 43/3, Plesetsk Cosmodrome, Russia","Fri Sep 05, 1975 14:49 UTC",Soyuz U | Cosmos 758,Retired,20.0,Success
5338,RVSN USSR,"Site 41/1, Plesetsk Cosmodrome, Russia","Tue Sep 02, 1975 13:09 UTC",Molniya-M/Block ML | Molniya-1 n°52,Retired,,Success
5339,RVSN USSR,"Site 41/1, Plesetsk Cosmodrome, Russia","Wed Aug 27, 1975 14:45 UTC",Voskhod | Cosmos 757,Retired,,Success
5340,US Air Force,"SLC-17A, Cape Canaveral SFS, Florida, USA","Wed Aug 27, 1975 01:42 UTC",Delta 2914 | Symphonie-2,Retired,,Success
5341,RVSN USSR,"Site 41/1, Plesetsk Cosmodrome, Russia","Fri Aug 22, 1975 02:10 UTC",Vostok-2M | Cosmos 756,Retired,,Success
5342,Martin Marietta,"SLC-41, Cape Canaveral SFS, Florida, USA","Wed Aug 20, 1975 21:22 UTC",Titan IIIE | Viking 1,Retired,,Success
5343,RVSN USSR,"Site 132/1, Plesetsk Cosmodrome, Russia","Thu Aug 14, 1975 13:29 UTC",Cosmos-3M | Cosmos 755,Retired,,Success
5344,RVSN USSR,"Site 31/6, Baikonur Cosmodrome, Kazakhstan","Wed Aug 13, 1975 07:21 UTC",Voskhod | Cosmos 754,Retired,,Success
5345,US Air Force,"SLC-2W, Vandenberg SFB, California, USA","Sat Aug 09, 1975 01:50 UTC",Delta 2913 | COS-B,Retired,,Success
5346,RVSN USSR,"Site 43/3, Plesetsk Cosmodrome, Russia","Thu Jul 31, 1975 13:00 UTC",Voskhod | Cosmos 753,Retired,,Success
5347,MASI,"Site 138 (LA-2B), Jiuquan Satellite Launch Center, China","Sat Jul 26, 1975 13:30 UTC",Feng Bao 1 | JSSW-3,Retired,,Success
5348,RVSN USSR,"Site 132/1, Plesetsk Cosmodrome, Russia","Thu Jul 24, 1975 19:00 UTC",Cosmos-3M | Cosmos 752,Retired,,Success
5349,RVSN USSR,"Site 43/3, Plesetsk Cosmodrome, Russia","Wed Jul 23, 1975 13:00 UTC",Voskhod | Cosmos 751,Retired,,Success
5350,RVSN USSR,"Site 133/3, Plesetsk Cosmodrome, Russia","Thu Jul 17, 1975 09:10 UTC",Cosmos-2 (63SM) | Cosmos 750,Retired,,Success
5351,NASA,"LC-39B, Kennedy Space Center, Florida, USA","Tue Jul 15, 1975 19:50 UTC",Saturn IB | ASTP (Apollo–Soyuz Test Project),Retired,,Success
5352,RVSN USSR,"Site 1/5, Baikonur Cosmodrome, Kazakhstan","Tue Jul 15, 1975 12:20 UTC",Soyuz U | Soyuz 19 (Apollo-Soyuz),Retired,20.0,Success
5353,RVSN USSR,"Site 41/1, Plesetsk Cosmodrome, Russia","Fri Jul 11, 1975 04:15 UTC",Vostok-2M | Meteor-2 n°1,Retired,,Success
5354,RVSN USSR,"Site 41/1, Plesetsk Cosmodrome, Russia","Tue Jul 08, 1975 05:05 UTC",Molniya-M/Block ML | Molniya-2 n°51,Retired,,Success
5355,RVSN USSR,"Site 132/1, Plesetsk Cosmodrome, Russia","Fri Jul 04, 1975 00:56 UTC",Cosmos-3M | Cosmos 749,Retired,,Success
5356,RVSN USSR,"Site 41/1, Plesetsk Cosmodrome, Russia","Thu Jul 03, 1975 13:40 UTC",Voskhod | Cosmos 748,Retired,,Success
5357,RVSN USSR,"Site 41/1, Plesetsk Cosmodrome, Russia","Fri Jun 27, 1975 13:00 UTC",Voskhod | Cosmos 747,Retired,,Success
5358,RVSN USSR,"Site 43/3, Plesetsk Cosmodrome, Russia","Wed Jun 25, 1975 12:59 UTC",Voskhod | Cosmos 746,Retired,,Success
5359,RVSN USSR,"Site 133/3, Plesetsk Cosmodrome, Russia","Tue Jun 24, 1975 12:04 UTC",Cosmos-2 (63SM) | Cosmos 745,Retired,,Success
5360,US Air Force,"SLC-17B, Cape Canaveral SFS, Florida, USA","Sat Jun 21, 1975 11:43 UTC",Delta 1910 | OSO-8,Retired,,Success
5361,RVSN USSR,"Site 41/1, Plesetsk Cosmodrome, Russia","Fri Jun 20, 1975 06:54 UTC",Vostok-2M | Cosmos 744,Retired,,Success
5362,General Dynamics,"LC-13, Cape Canaveral SFS, Florida, USA","Wed Jun 18, 1975 09:00 UTC",Atlas-SLV3A Agena-D | AFP-827 (Canyon-6),Retired,,Success
5363,RVSN USSR,"Site 81/24, Baikonur Cosmodrome, Kazakhstan","Sat Jun 14, 1975 03:00 UTC",Proton-K/Block D-1 | Venera 10,Retired,,Success
5364,RVSN USSR,"Site 43/3, Plesetsk Cosmodrome, Russia","Thu Jun 12, 1975 12:30 UTC",Soyuz U | Cosmos 743,Retired,20.0,Success
5365,US Air Force,"SLC-2W, Vandenberg SFB, California, USA","Thu Jun 12, 1975 08:12 UTC",Delta 2910 | Nimbus 6,Retired,,Success
5366,Martin Marietta,"SLC-4E, Vandenberg SFB, California, USA","Sun Jun 08, 1975 18:30 UTC",Titan IIID | KH-9 10 (Hexagon 10) & P-226 1,Retired,,Success
5367,RVSN USSR,"Site 81/24, Baikonur Cosmodrome, Kazakhstan","Sun Jun 08, 1975 02:37 UTC",Proton-K/Block D-1 | Venera 9,Retired,,Success
5368,RVSN USSR,"Site 41/1, Plesetsk Cosmodrome, Russia","Thu Jun 05, 1975 01:37 UTC",Molniya-M/Block ML | Molniya-1 n°50 & SRET-2,Retired,,Success
5369,RVSN USSR,"Site 43/3, Plesetsk Cosmodrome, Russia","Tue Jun 03, 1975 13:20 UTC",Voskhod | Cosmos 742,Retired,,Success
5370,RVSN USSR,"Site 107/1, Kapustin Yar, Russia","Tue Jun 03, 1975 09:00 UTC",Cosmos-3M | DS-U3 satellite,Retired,,Failure
5371,RVSN USSR,"Site 43/3, Plesetsk Cosmodrome, Russia","Fri May 30, 1975 06:45 UTC",Voskhod | Cosmos 741,Retired,,Success
5372,RVSN USSR,"Site 31/6, Baikonur Cosmodrome, Kazakhstan","Wed May 28, 1975 07:29 UTC",Voskhod | Cosmos 740,Retired,,Success
5373,RVSN USSR,"Site 132/1, Plesetsk Cosmodrome, Russia","Wed May 28, 1975 00:25 UTC",Cosmos-3M | Cosmos 732 to 739,Retired,,Success
5374,RVSN USSR,"Site 1/5, Baikonur Cosmodrome, Kazakhstan","Sat May 24, 1975 14:58 UTC",Soyuz | Soyuz 18,Retired,,Success
5375,US Air Force,"SLC-10W (75-2-6), Vandenberg SFB, California, USA","Sat May 24, 1975 03:22 UTC",Thor LV2D Burner-2 | DMSP-5C F2,Retired,,Success
5376,General Dynamics,"SLC-36A, Cape Canaveral SFS, Florida, USA","Thu May 22, 1975 22:04 UTC",Atlas-SLV3D Centaur-D1A | Intelsat 4 F1,Retired,,Success
5377,RVSN USSR,"Site 31/6, Baikonur Cosmodrome, Kazakhstan","Wed May 21, 1975 06:59 UTC",Voskhod | Cosmos 731,Retired,,Success
5378,Martin Marietta,"SLC-40, Cape Canaveral SFS, Florida, USA","Tue May 20, 1975 14:03 UTC",Titan III(23)C | DSCS-II 5&6,Retired,,Failure
5379,CNES,"ELD, Guiana Space Centre, French Guiana, France","Sat May 17, 1975 10:32 UTC",Diamant BP4 | Castor & Pollux,Retired,,Success
5380,US Air Force,"SLC-17B, Cape Canaveral SFS, Florida, USA","Wed May 07, 1975 23:35 UTC",Delta 2914 | Anik-A3,Retired,,Success
5381,ASI,"SM Launch Tab, San Marco Launch Platform, Kenya","Wed May 07, 1975 22:45 UTC",Scout F1 | Explorer 53 (SAS-C),Retired,,Success
5382,RVSN USSR,"Site 41/1, Plesetsk Cosmodrome, Russia","Tue Apr 29, 1975 10:23 UTC",Molniya-M/Block ML | Molniya-1 n°49,Retired,,Success
5383,RVSN USSR,"Site 43/3, Plesetsk Cosmodrome, Russia","Thu Apr 24, 1975 08:04 UTC",Voskhod | Cosmos 730,Retired,,Success
5384,RVSN USSR,"Site 132/1, Plesetsk Cosmodrome, Russia","Tue Apr 22, 1975 21:10 UTC",Cosmos-3M | Cosmos 729,Retired,,Success
5385,RVSN USSR,"Site 132/2, Plesetsk Cosmodrome, Russia","Sat Apr 19, 1975 07:58 UTC",Cosmos-3M | Aryabhata,Retired,,Success
5386,US Air Force,"SLC-4W, Vandenberg SFB, California, USA","Fri Apr 18, 1975 16:48 UTC",Titan III(24)B | KH-8 44 (Gambit-3 44),Retired,,Success
5387,RVSN USSR,"Site 41/1, Plesetsk Cosmodrome, Russia","Fri Apr 18, 1975 10:00 UTC",Voskhod | Cosmos 728,Retired,,Success
5388,RVSN USSR,"Site 31/6, Baikonur Cosmodrome, Kazakhstan","Wed Apr 16, 1975 08:00 UTC",Soyuz U | Cosmos 727,Retired,20.0,Success
5389,RVSN USSR,"Site 41/1, Plesetsk Cosmodrome, Russia","Mon Apr 14, 1975 17:52 UTC",Molniya-M/Block ML | Molniya-3 n°48,Retired,,Success
5390,General Dynamics,"SLC-3W, Vandenberg SFB, California, USA","Sun Apr 13, 1975 00:51 UTC",Atlas-E/F Star-17A | P72-2,Retired,,Failure
5391,RVSN USSR,"Site 132/1, Plesetsk Cosmodrome, Russia","Fri Apr 11, 1975 07:57 UTC",Cosmos-3M | Cosmos 726,Retired,,Success
5392,US Air Force,"SLC-2W, Vandenberg SFB, California, USA","Wed Apr 09, 1975 23:58 UTC",Delta 1410 | GEOS-C,Retired,,Success
5393,RVSN USSR,"Site 133/3, Plesetsk Cosmodrome, Russia","Tue Apr 08, 1975 18:29 UTC",Cosmos-2 (63SM) | Cosmos 725,Retired,,Success
5394,RVSN USSR,"Site 90/20, Baikonur Cosmodrome, Kazakhstan","Mon Apr 07, 1975 11:00 UTC",Tsyklon-2 | Cosmos 724,Retired,,Success
5395,RVSN USSR,"Site 1/5, Baikonur Cosmodrome, Kazakhstan","Sat Apr 05, 1975 11:04 UTC",Soyuz | Soyuz 18a (7K-T n°39),Retired,,Failure
5396,RVSN USSR,"Site 90/20, Baikonur Cosmodrome, Kazakhstan","Wed Apr 02, 1975 11:00 UTC",Tsyklon-2 | Cosmos 723,Retired,,Success
5397,RVSN USSR,"Site 41/1, Plesetsk Cosmodrome, Russia","Tue Apr 01, 1975 12:30 UTC",Vostok-2M | Meteor n°31,Retired,,Success
5398,RVSN USSR,"Site 132/1, Plesetsk Cosmodrome, Russia","Thu Mar 27, 1975 14:30 UTC",Cosmos-3M | Intercosmos 13,Retired,,Success
5399,RVSN USSR,"Site 31/6, Baikonur Cosmodrome, Kazakhstan","Thu Mar 27, 1975 08:00 UTC",Voskhod | Cosmos 722,Retired,,Success
5400,RVSN USSR,"Site 41/1, Plesetsk Cosmodrome, Russia","Wed Mar 26, 1975 08:50 UTC",Voskhod | Cosmos 721,Retired,,Success
5401,RVSN USSR,"Site 43/3, Plesetsk Cosmodrome, Russia","Fri Mar 21, 1975 06:50 UTC",Soyuz U | Cosmos 720,Retired,20.0,Success
5402,RVSN USSR,"Site 31/6, Baikonur Cosmodrome, Kazakhstan","Wed Mar 12, 1975 08:55 UTC",Voskhod | Cosmos 719,Retired,,Success
5403,Martin Marietta,"SLC-4W, Vandenberg SFB, California, USA","Mon Mar 10, 1975 04:41 UTC",Titan III(34)B Agena-D | Jumpseat 4,Retired,,Success
5404,RVSN USSR,"Site 132/2, Plesetsk Cosmodrome, Russia","Fri Feb 28, 1975 14:01 UTC",Cosmos-3M | Cosmos 711 to 718,Retired,,Success
5405,RVSN USSR,"Site 31/6, Baikonur Cosmodrome, Kazakhstan","Wed Feb 26, 1975 09:00 UTC",Voskhod | Cosmos 710,Retired,,Success
5406,ISAS,"Mu Pad, Uchinoura Space Center, Japan","Mon Feb 24, 1975 05:25 UTC",Mu-III C | Taiyo,Retired,,Success
5407,General Dynamics,"SLC-36A, Cape Canaveral SFS, Florida, USA","Thu Feb 20, 1975 23:35 UTC",Atlas-SLV3D Centaur-D1A | Intelsat 4 F6,Retired,,Failure
5408,RVSN USSR,"Site 41/1, Plesetsk Cosmodrome, Russia","Wed Feb 12, 1975 14:30 UTC",Voskhod | Cosmos 709,Retired,,Success
5409,RVSN USSR,"Site 132/1, Plesetsk Cosmodrome, Russia","Wed Feb 12, 1975 03:30 UTC",Cosmos-3M | Cosmos 708,Retired,,Success
5410,US Air Force,"SLC-17B, Cape Canaveral SFS, Florida, USA","Thu Feb 06, 1975 22:04 UTC",Delta 2914 | SMS-2,Retired,,Success
5411,CNES,"ELD, Guiana Space Centre, French Guiana, France","Thu Feb 06, 1975 16:35 UTC",Diamant BP4 | Starlette,Retired,,Success
5412,RVSN USSR,"Site 41/1, Plesetsk Cosmodrome, Russia","Thu Feb 06, 1975 04:49 UTC",Molniya-M/Block L | Molniya-2 n°47,Retired,,Success
5413,RVSN USSR,"Site 132/1, Plesetsk Cosmodrome, Russia","Wed Feb 05, 1975 13:15 UTC",Cosmos-3M | Cosmos 707,Retired,,Success
5414,RVSN USSR,"Site 41/1, Plesetsk Cosmodrome, Russia","Thu Jan 30, 1975 15:02 UTC",Molniya-M/Block 2BL | Cosmos 706,Retired,,Success
5415,RVSN USSR,"Site 133/3, Plesetsk Cosmodrome, Russia","Tue Jan 28, 1975 12:05 UTC",Cosmos-2 (63SM) | Cosmos 705,Retired,,Success
5416,RVSN USSR,"Site 41/1, Plesetsk Cosmodrome, Russia","Thu Jan 23, 1975 11:00 UTC",Voskhod | Cosmos 704,Retired,,Success
5417,US Air Force,"SLC-2W, Vandenberg SFB, California, USA","Wed Jan 22, 1975 17:55 UTC",Delta 2910 | Landsat 2,Retired,,Success
5418,RVSN USSR,"Site 133/3, Plesetsk Cosmodrome, Russia","Tue Jan 21, 1975 11:04 UTC",Cosmos-2 (63SM) | Cosmos 703,Retired,,Success
5419,RVSN USSR,"Site 31/6, Baikonur Cosmodrome, Kazakhstan","Fri Jan 17, 1975 09:00 UTC",Voskhod | Cosmos 702,Retired,,Success
5420,RVSN USSR,"Site 1/5, Baikonur Cosmodrome, Kazakhstan","Fri Jan 10, 1975 21:43 UTC",Soyuz | Soyuz 17,Retired,,Success
5421,RVSN USSR,"Site 31/6, Baikonur Cosmodrome, Kazakhstan","Fri Dec 27, 1974 09:10 UTC",Voskhod | Cosmos 701,Retired,,Success
5422,RVSN USSR,"Site 132/1, Plesetsk Cosmodrome, Russia","Thu Dec 26, 1974 11:59 UTC",Cosmos-3M | Cosmos 700,Retired,,Success
5423,RVSN USSR,"Site 81/24, Baikonur Cosmodrome, Kazakhstan","Thu Dec 26, 1974 04:15 UTC",Proton-K | Salyut 4,Retired,,Success
5424,RVSN USSR,"Site 90/20, Baikonur Cosmodrome, Kazakhstan","Tue Dec 24, 1974 11:00 UTC",Tsyklon-2 | Cosmos 699,Retired,,Success
5425,RVSN USSR,"Site 41/1, Plesetsk Cosmodrome, Russia","Sat Dec 21, 1974 02:19 UTC",Molniya-M/Block L | Molniya-2 n°46,Retired,,Success
5426,US Air Force,"SLC-17B, Cape Canaveral SFS, Florida, USA","Thu Dec 19, 1974 02:39 UTC",Delta 2914 | Symphonie-1,Retired,,Success
5427,RVSN USSR,"Site 132/1, Plesetsk Cosmodrome, Russia","Wed Dec 18, 1974 14:11 UTC",Cosmos-3M | Cosmos 698,Retired,,Success
5428,RVSN USSR,"Site 43/4, Plesetsk Cosmodrome, Russia","Tue Dec 17, 1974 11:45 UTC",Vostok-2M | Meteor n°30,Retired,,Success
5429,RVSN USSR,"Site 43/3, Plesetsk Cosmodrome, Russia","Fri Dec 13, 1974 13:30 UTC",Soyuz U | Cosmos 697,Retired,20.0,Partial Failure
5430,Martin Marietta,"SLC-41, Cape Canaveral SFS, Florida, USA","Tue Dec 10, 1974 07:11 UTC",Titan IIIE | Helios-1,Retired,,Success
5431,RVSN USSR,"Site 1/5, Baikonur Cosmodrome, Kazakhstan","Mon Dec 02, 1974 09:40 UTC",Soyuz U | Soyuz 16,Retired,20.0,Success
5432,RVSN USSR,"Site 43/4, Plesetsk Cosmodrome, Russia","Wed Nov 27, 1974 11:44 UTC",Voskhod | Cosmos 696,Retired,,Success
5433,US Air Force,"SLC-17B, Cape Canaveral SFS, Florida, USA","Sat Nov 23, 1974 00:28 UTC",Delta 2313 | Skynet-2B,Retired,,Success
5434,General Dynamics,"SLC-36B, Cape Canaveral SFS, Florida, USA","Thu Nov 21, 1974 23:43 UTC",Atlas-SLV3D Centaur-D1A | Intelsat 4 F8,Retired,,Success
5435,RVSN USSR,"Site 41/1, Plesetsk Cosmodrome, Russia","Thu Nov 21, 1974 10:33 UTC",Molniya-M/Block L | Molniya-3 n°45,Retired,,Success
5436,RVSN USSR,"Site 133/3, Plesetsk Cosmodrome, Russia","Wed Nov 20, 1974 11:59 UTC",Cosmos-2 (63SM) | Cosmos 695,Retired,,Success
5437,RVSN USSR,"Site 43/4, Plesetsk Cosmodrome, Russia","Sat Nov 16, 1974 11:45 UTC",Voskhod | Cosmos 694,Retired,,Success
5438,US Air Force,"SLC-2W, Vandenberg SFB, California, USA","Fri Nov 15, 1974 17:11 UTC","Delta 2310 | NOAA-4, Oscar 7 & Intasat",Retired,,Success
5439,MASI,"Site 138 (LA-2B), Jiuquan Satellite Launch Center, China","Tue Nov 05, 1974 09:40 UTC",Long March 2 | FSW-0 0,Retired,,Failure
5440,RVSN USSR,"Site 41/1, Plesetsk Cosmodrome, Russia","Mon Nov 04, 1974 10:40 UTC",Soyuz M | Cosmos 693,Retired,,Success
5441,RVSN USSR,"Site 43/4, Plesetsk Cosmodrome, Russia","Fri Nov 01, 1974 14:20 UTC",Voskhod | Cosmos 692,Retired,,Success
5442,RVSN USSR,"Site 132/2, Plesetsk Cosmodrome, Russia","Thu Oct 31, 1974 10:00 UTC",Cosmos-3M | Intercosmos 12,Retired,,Success
5443,Martin Marietta,"SLC-4E, Vandenberg SFB, California, USA","Tue Oct 29, 1974 19:30 UTC","Titan IIID | KH-9 9 (Hexagon 9), Raquel 1 & S3 1",Retired,,Success
5444,RVSN USSR,"Site 81/24, Baikonur Cosmodrome, Kazakhstan","Mon Oct 28, 1974 14:30 UTC",Proton-K/Block D | Luna 23,Retired,,Success
5445,RVSN USSR,"Site 43/4, Plesetsk Cosmodrome, Russia","Mon Oct 28, 1974 10:17 UTC",Vostok-2M | Meteor n°29,Retired,,Success
5446,RVSN USSR,"Site 31/6, Baikonur Cosmodrome, Kazakhstan","Fri Oct 25, 1974 09:30 UTC",Soyuz U | Cosmos 691,Retired,20.0,Success
5447,RVSN USSR,"Site 41/1, Plesetsk Cosmodrome, Russia","Thu Oct 24, 1974 12:38 UTC",Molniya-M/Block L | Molniya-1 n°44,Retired,,Success
5448,RVSN USSR,"Site 43/3, Plesetsk Cosmodrome, Russia","Tue Oct 22, 1974 17:59 UTC",Soyuz U | Cosmos 690,Retired,20.0,Success
5449,RVSN USSR,"Site 132/2, Plesetsk Cosmodrome, Russia","Fri Oct 18, 1974 22:36 UTC",Cosmos-3M | Cosmos 689,Retired,,Success
5450,RVSN USSR,"Site 41/1, Plesetsk Cosmodrome, Russia","Fri Oct 18, 1974 15:00 UTC",Voskhod | Cosmos 688,Retired,,Success
5451,ASI,"SM Launch Tab, San Marco Launch Platform, Kenya","Tue Oct 15, 1974 07:47 UTC",Scout B1 | Ariel 5,Retired,,Success
5452,RVSN USSR,"Site 132/2, Plesetsk Cosmodrome, Russia","Fri Oct 11, 1974 11:29 UTC",Cosmos-3M | Cosmos 687,Retired,,Success
5453,US Air Force,"SLC-17B, Cape Canaveral SFS, Florida, USA","Thu Oct 10, 1974 22:53 UTC",Delta 2914 | Westar-2,Retired,,Success
5454,RVSN USSR,"Site 133/3, Plesetsk Cosmodrome, Russia","Thu Sep 26, 1974 16:34 UTC",Cosmos-2 (63SM) | Cosmos 686,Retired,,Success
5455,RVSN USSR,"Site 31/6, Baikonur Cosmodrome, Kazakhstan","Fri Sep 20, 1974 09:30 UTC",Voskhod | Cosmos 685,Retired,,Success
5456,RVSN USSR,"Site 132/2, Plesetsk Cosmodrome, Russia","Thu Sep 19, 1974 14:57 UTC",Cosmos-3M | Cosmos 677 to 684,Retired,,Success
5457,RVSN USSR,"Site 132/2, Plesetsk Cosmodrome, Russia","Wed Sep 11, 1974 17:40 UTC",Cosmos-3M | Cosmos 676,Retired,,Success
5458,NASA,"SLC-5, Vandenberg SFB, California, USA","Fri Aug 30, 1974 14:07 UTC",Scout D1 | ANS,Retired,,Success
5459,RVSN USSR,"Site 41/1, Plesetsk Cosmodrome, Russia","Fri Aug 30, 1974 09:00 UTC",Voskhod | Zenit-2M n°51,Retired,,Failure
5460,RVSN USSR,"Site 132/2, Plesetsk Cosmodrome, Russia","Thu Aug 29, 1974 14:54 UTC",Cosmos-3M | Cosmos 675,Retired,,Success
5461,RVSN USSR,"Site 31/6, Baikonur Cosmodrome, Kazakhstan","Thu Aug 29, 1974 07:39 UTC",Voskhod | Cosmos 674,Retired,,Success
5462,RVSN USSR,"Site 1/5, Baikonur Cosmodrome, Kazakhstan","Mon Aug 26, 1974 19:58 UTC",Soyuz | Soyuz 15,Retired,,Success
5463,RVSN USSR,"Site 43/4, Plesetsk Cosmodrome, Russia","Fri Aug 16, 1974 03:41 UTC",Vostok-2M | Cosmos 673,Retired,,Success
5464,US Air Force,"SLC-4W, Vandenberg SFB, California, USA","Wed Aug 14, 1974 15:45 UTC",Titan III(24)B | KH-8 43 (Gambit-3 43),Retired,,Success
5465,RVSN USSR,"Site 1/5, Baikonur Cosmodrome, Kazakhstan","Mon Aug 12, 1974 06:25 UTC",Soyuz U | Cosmos 672,Retired,20.0,Success
5466,US Air Force,"SLC-10W (75-2-6), Vandenberg SFB, California, USA","Fri Aug 09, 1974 03:22 UTC",Thor LV2D Burner-2 | DMSP-5C F1,Retired,,Success
5467,RVSN USSR,"Site 43/4, Plesetsk Cosmodrome, Russia","Wed Aug 07, 1974 12:49 UTC",Voskhod | Cosmos 671,Retired,,Success
5468,RVSN USSR,"Site 1/5, Baikonur Cosmodrome, Kazakhstan","Tue Aug 06, 1974 00:02 UTC",Soyuz U | Cosmos 670,Retired,20.0,Success
5469,RVSN USSR,"Site 81/24, Baikonur Cosmodrome, Kazakhstan","Mon Jul 29, 1974 12:00 UTC",Proton-K/Block-DM | Molniya-1S,Retired,,Success
5470,RVSN USSR,"Site 43/4, Plesetsk Cosmodrome, Russia","Fri Jul 26, 1974 06:59 UTC",Voskhod | Cosmos 669,Retired,,Success
5471,RVSN USSR,"Site 133/3, Plesetsk Cosmodrome, Russia","Thu Jul 25, 1974 12:06 UTC",Cosmos-2 (63SM) | Cosmos 668,Retired,,Success
5472,RVSN USSR,"Site 31/6, Baikonur Cosmodrome, Kazakhstan","Thu Jul 25, 1974 07:00 UTC",Voskhod | Cosmos 667,Retired,,Success
5473,RVSN USSR,"Site 43/4, Plesetsk Cosmodrome, Russia","Tue Jul 23, 1974 01:23 UTC",Molniya-M/Block L | Molniya-2 n°42,Retired,,Success
5474,US Air Force,"SLC-5, Vandenberg SFB, California, USA","Tue Jul 16, 1974 11:51 UTC",Scout D1 | Aeros 2,Retired,,Success
5475,General Dynamics,"SLC-3W, Vandenberg SFB, California, USA","Sun Jul 14, 1974 05:17 UTC",Atlas-E/F PTS | P73-3,Retired,,Success
5476,MASI,"Site 138 (LA-2B), Jiuquan Satellite Launch Center, China","Fri Jul 12, 1974 13:55 UTC",Feng Bao 1 | JSSW-2,Retired,,Failure
5477,RVSN USSR,"Site 43/4, Plesetsk Cosmodrome, Russia","Fri Jul 12, 1974 12:50 UTC",Voskhod | Cosmos 666,Retired,,Success
5478,RVSN USSR,"Site 133/3, Plesetsk Cosmodrome, Russia","Thu Jul 11, 1974 10:59 UTC",Cosmos-2 (63SM) | DS-P1-You n°68,Retired,,Failure
5479,RVSN USSR,"Site 86/1, Kapustin Yar, Russia","Thu Jul 11, 1974 05:01 UTC",K65M-RB5 | BOR-3 n°302,Retired,,Success
5480,RVSN USSR,"Site 43/4, Plesetsk Cosmodrome, Russia","Tue Jul 09, 1974 14:39 UTC",Vostok-2M | Meteor-Priroda n°1,Retired,,Success
5481,RVSN USSR,"Site 1/5, Baikonur Cosmodrome, Kazakhstan","Wed Jul 03, 1974 18:51 UTC",Soyuz | Soyuz 14,Retired,,Success
5482,RVSN USSR,"Site 41/1, Plesetsk Cosmodrome, Russia","Sat Jun 29, 1974 15:59 UTC",Molniya-M/Block 2BL | Cosmos 665,Retired,,Success
5483,RVSN USSR,"Site 43/4, Plesetsk Cosmodrome, Russia","Sat Jun 29, 1974 12:50 UTC",Soyuz M | Cosmos 664,Retired,,Success
5484,RVSN USSR,"Site 132/1, Plesetsk Cosmodrome, Russia","Thu Jun 27, 1974 15:39 UTC",Cosmos-3M | Cosmos 663,Retired,,Success
5485,RVSN USSR,"Site 133/3, Plesetsk Cosmodrome, Russia","Wed Jun 26, 1974 12:29 UTC",Cosmos-2 (63SM) | Cosmos 662,Retired,,Success
5486,RVSN USSR,"Site 81/23, Baikonur Cosmodrome, Kazakhstan","Mon Jun 24, 1974 22:38 UTC",Proton-K | Salyut 3,Retired,,Success
5487,RVSN USSR,"Site 132/2, Plesetsk Cosmodrome, Russia","Fri Jun 21, 1974 09:03 UTC",Cosmos-3M | Cosmos 661,Retired,,Success
5488,RVSN USSR,"Site 132/2, Plesetsk Cosmodrome, Russia","Tue Jun 18, 1974 13:00 UTC",Cosmos-3M | Cosmos 660,Retired,,Success
5489,RVSN USSR,"Site 43/4, Plesetsk Cosmodrome, Russia","Thu Jun 13, 1974 12:29 UTC",Voskhod | Cosmos 659,Retired,,Success
5490,US Air Force,"SLC-4W, Vandenberg SFB, California, USA","Thu Jun 06, 1974 16:30 UTC",Titan III(24)B | KH-8 42 (Gambit-3 42),Retired,,Success
5491,RVSN USSR,"Site 31/6, Baikonur Cosmodrome, Kazakhstan","Thu Jun 06, 1974 06:20 UTC",Voskhod | Cosmos 658,Retired,,Success
5492,US Air Force,"SLC-5, Vandenberg SFB, California, USA","Mon Jun 03, 1974 23:09 UTC",Scout E1 | Explorer 52 (Hawkeye 1),Retired,,Success
5493,Martin Marietta,"SLC-40, Cape Canaveral SFS, Florida, USA","Thu May 30, 1974 13:00 UTC",Titan III(23)C | ATS-6,Retired,,Success
5494,RVSN USSR,"Site 43/4, Plesetsk Cosmodrome, Russia","Thu May 30, 1974 12:44 UTC",Voskhod | Cosmos 657,Retired,,Success
5495,RVSN USSR,"Site 81/24, Baikonur Cosmodrome, Kazakhstan","Wed May 29, 1974 08:56 UTC",Proton-K/Block D | Luna 22,Retired,,Success
5496,RVSN USSR,"Site 1/5, Baikonur Cosmodrome, Kazakhstan","Mon May 27, 1974 07:25 UTC",Soyuz | Cosmos 656,Retired,,Success
5497,RVSN USSR,"Site 43/3, Plesetsk Cosmodrome, Russia","Thu May 23, 1974 12:16 UTC",Soyuz U | Yantar-2K n°01,Retired,20.0,Failure
5498,RVSN USSR,"Site 132/2, Plesetsk Cosmodrome, Russia","Tue May 21, 1974 06:15 UTC",Cosmos-3M | Cosmos 655,Retired,,Success
5499,RVSN USSR,"Site 132/1, Plesetsk Cosmodrome, Russia","Fri May 17, 1974 11:00 UTC",Cosmos-3M | Intercosmos 11,Retired,,Success
5500,US Air Force,"SLC-17B, Cape Canaveral SFS, Florida, USA","Fri May 17, 1974 09:31 UTC",Delta 2914 | SMS-1,Retired,,Success
5501,RVSN USSR,"Site 90/19, Baikonur Cosmodrome, Kazakhstan","Fri May 17, 1974 06:53 UTC",Tsyklon-2 | Cosmos 654,Retired,,Success
5502,RVSN USSR,"Site 43/4, Plesetsk Cosmodrome, Russia","Wed May 15, 1974 12:30 UTC",Voskhod | Cosmos 653,Retired,,Success
5503,RVSN USSR,"Site 31/6, Baikonur Cosmodrome, Kazakhstan","Wed May 15, 1974 08:30 UTC",Soyuz U | Cosmos 652,Retired,20.0,Success
5504,RVSN USSR,"Site 90/19, Baikonur Cosmodrome, Kazakhstan","Wed May 15, 1974 07:30 UTC",Tsyklon-2 | Cosmos 651,Retired,,Success
5505,RVSN USSR,"Site 132/2, Plesetsk Cosmodrome, Russia","Mon Apr 29, 1974 17:10 UTC",Cosmos-3M | Cosmos 650,Retired,,Success
5506,RVSN USSR,"Site 43/4, Plesetsk Cosmodrome, Russia","Mon Apr 29, 1974 13:29 UTC",Voskhod | Cosmos 649,Retired,,Success
5507,RVSN USSR,"Site 41/1, Plesetsk Cosmodrome, Russia","Fri Apr 26, 1974 14:22 UTC",Molniya-M/Block L | Molniya-2 n°41,Retired,,Success
5508,RVSN USSR,"Site 43/4, Plesetsk Cosmodrome, Russia","Wed Apr 24, 1974 11:50 UTC",Vostok-2M | Meteor n°28,Retired,,Success
5509,RVSN USSR,"Site 132/2, Plesetsk Cosmodrome, Russia","Tue Apr 23, 1974 14:14 UTC",Cosmos-3M | Cosmos 641 to 648,Retired,,Success
5510,RVSN USSR,"Site 43/4, Plesetsk Cosmodrome, Russia","Sat Apr 20, 1974 20:53 UTC",Molniya-M/Block ML | Molniya-1 n°40,Retired,,Success
5511,US Air Force,"SLC-17B, Cape Canaveral SFS, Florida, USA","Sat Apr 13, 1974 23:33 UTC",Delta 2914 | Westar-1,Retired,,Success
5512,RVSN USSR,"Site 31/6, Baikonur Cosmodrome, Kazakhstan","Fri Apr 12, 1974 08:00 UTC",Voskhod | Zenit-4MK n°23,Retired,,Failure
5513,RVSN USSR,"Site 43/4, Plesetsk Cosmodrome, Russia","Thu Apr 11, 1974 12:22 UTC",Voskhod | Cosmos 640,Retired,,Success
5514,Martin Marietta,"SLC-4E, Vandenberg SFB, California, USA","Wed Apr 10, 1974 20:20 UTC","Titan IIID | KH-9 8 (Hexagon 8), Tophat 2 & IRCB",Retired,,Success
5515,RVSN USSR,"Site 41/1, Plesetsk Cosmodrome, Russia","Thu Apr 04, 1974 08:30 UTC",Voskhod | Cosmos 639,Retired,,Success
5516,RVSN USSR,"Site 31/6, Baikonur Cosmodrome, Kazakhstan","Wed Apr 03, 1974 07:30 UTC",Soyuz U | Cosmos 638,Retired,20.0,Success
5517,RVSN USSR,"Site 81/23, Baikonur Cosmodrome, Kazakhstan","Tue Mar 26, 1974 13:35 UTC",Proton-K/Block-DM | Cosmos 637,Retired,,Success
5518,RVSN USSR,"Site 31/6, Baikonur Cosmodrome, Kazakhstan","Wed Mar 20, 1974 08:30 UTC",Soyuz U | Cosmos 636,Retired,20.0,Success
5519,US Air Force,"SLC-10W (75-2-6), Vandenberg SFB, California, USA","Sat Mar 16, 1974 08:00 UTC",Thor LV2D Burner-2 | DMSP-5B F5,Retired,,Success
5520,RVSN USSR,"Site 43/4, Plesetsk Cosmodrome, Russia","Thu Mar 14, 1974 10:29 UTC",Voskhod | Cosmos 635,Retired,,Success
5521,US Air Force,"SLC-5, Vandenberg SFB, California, USA","Sat Mar 09, 1974 02:22 UTC",Scout D1 | Miranda (X-4),Retired,,Success
5522,RVSN USSR,"Site 133/3, Plesetsk Cosmodrome, Russia","Tue Mar 05, 1974 16:04 UTC",Cosmos-2 (63SM) | Cosmos 634,Retired,,Success
5523,RVSN USSR,"Site 43/4, Plesetsk Cosmodrome, Russia","Tue Mar 05, 1974 11:38 UTC",Vostok-2M | Meteor n°27,Retired,,Success
5524,RVSN USSR,"Site 133/3, Plesetsk Cosmodrome, Russia","Wed Feb 27, 1974 11:04 UTC",Cosmos-2 (63SM) | Cosmos 633,Retired,,Success
5525,ASI,"SM Launch Tab, San Marco Launch Platform, Kenya","Mon Feb 18, 1974 10:05 UTC",Scout D1 | San Marco 4,Retired,,Success
5526,ISAS,"Mu Pad, Uchinoura Space Center, Japan","Sat Feb 16, 1974 05:00 UTC",Mu-III C | Tansei 2,Retired,,Success
5527,US Air Force,"SLC-4W, Vandenberg SFB, California, USA","Wed Feb 13, 1974 18:00 UTC",Titan III(24)B | KH-8 41 (Gambit-3 41),Retired,,Success
5528,RVSN USSR,"Site 31/6, Baikonur Cosmodrome, Kazakhstan","Tue Feb 12, 1974 08:56 UTC",Voskhod | Cosmos 632,Retired,,Success
5529,Martin Marietta,"SLC-41, Cape Canaveral SFS, Florida, USA","Mon Feb 11, 1974 13:48 UTC",Titan IIIE | Sphinx & Viking-DS,Retired,,Failure
5530,RVSN USSR,"Site 132/2, Plesetsk Cosmodrome, Russia","Wed Feb 06, 1974 00:33 UTC",Cosmos-3M | Cosmos 631,Retired,,Success
5531,RVSN USSR,"Site 43/4, Plesetsk Cosmodrome, Russia","Wed Jan 30, 1974 11:00 UTC",Voskhod | Cosmos 630,Retired,,Success
5532,RVSN USSR,"Site 43/4, Plesetsk Cosmodrome, Russia","Thu Jan 24, 1974 15:00 UTC",Voskhod | Cosmos 629,Retired,,Success
5533,US Air Force,"SLC-17B, Cape Canaveral SFS, Florida, USA","Sat Jan 19, 1974 01:38 UTC",Delta 2313 | Skynet-2A,Retired,,Failure
5534,RVSN USSR,"Site 132/2, Plesetsk Cosmodrome, Russia","Thu Jan 17, 1974 10:07 UTC",Cosmos-3M | Cosmos 628,Retired,,Success
5535,RVSN USSR,"Site 132/2, Plesetsk Cosmodrome, Russia","Sat Dec 29, 1973 04:12 UTC",Cosmos-3M | Cosmos 627,Retired,,Success
5536,RVSN USSR,"Site 90/19, Baikonur Cosmodrome, Kazakhstan","Thu Dec 27, 1973 20:19 UTC",Tsyklon-2 | Cosmos 626,Retired,,Success
5537,RVSN USSR,"Site 132/1, Plesetsk Cosmodrome, Russia","Wed Dec 26, 1973 16:30 UTC",Cosmos-3M | Auréole 2,Retired,,Success
5538,RVSN USSR,"Site 41/1, Plesetsk Cosmodrome, Russia","Tue Dec 25, 1973 11:17 UTC",Molniya-M/Block L | Molniya-2 n°39,Retired,,Success
5539,RVSN USSR,"Site 43/4, Plesetsk Cosmodrome, Russia","Fri Dec 21, 1973 12:30 UTC",Voskhod | Cosmos 625,Retired,,Success
5540,RVSN USSR,"Site 132/2, Plesetsk Cosmodrome, Russia","Wed Dec 19, 1973 09:43 UTC",Cosmos-3M | Cosmos 617 to 624,Retired,,Success
5541,RVSN USSR,"Site 1/5, Baikonur Cosmodrome, Kazakhstan","Tue Dec 18, 1973 11:55 UTC",Soyuz | Soyuz 13,Retired,,Success
5542,RVSN USSR,"Site 41/1, Plesetsk Cosmodrome, Russia","Mon Dec 17, 1973 12:00 UTC",Soyuz M | Cosmos 616,Retired,,Success
5543,US Air Force,"SLC-2W, Vandenberg SFB, California, USA","Sun Dec 16, 1973 06:18 UTC",Delta 1900 | Explorer 51 (AE-C),Retired,,Success
5544,Martin Marietta,"SLC-40, Cape Canaveral SFS, Florida, USA","Thu Dec 13, 1973 23:57 UTC",Titan III(23)C | DSCS-II 3&4,Retired,,Success
5545,RVSN USSR,"Site 133/3, Plesetsk Cosmodrome, Russia","Thu Dec 13, 1973 11:10 UTC",Cosmos-2 (63SM) | Cosmos 615,Retired,,Success
5546,RVSN USSR,"Site 132/2, Plesetsk Cosmodrome, Russia","Tue Dec 04, 1973 15:00 UTC",Cosmos-3M | Cosmos 614,Retired,,Success
5547,RVSN USSR,"Site 41/1, Plesetsk Cosmodrome, Russia","Fri Nov 30, 1973 13:08 UTC",Molniya-M/Block L | Molniya-1 n°38,Retired,,Success
5548,RVSN USSR,"Site 1/5, Baikonur Cosmodrome, Kazakhstan","Fri Nov 30, 1973 05:20 UTC",Soyuz | Cosmos 613,Retired,,Success
5549,RVSN USSR,"Site 43/4, Plesetsk Cosmodrome, Russia","Wed Nov 28, 1973 11:43 UTC",Voskhod | Cosmos 612,Retired,,Success
5550,RVSN USSR,"Site 133/3, Plesetsk Cosmodrome, Russia","Wed Nov 28, 1973 09:29 UTC",Cosmos-2 (63SM) | Cosmos 611,Retired,,Success
5551,RVSN USSR,"Site 132/2, Plesetsk Cosmodrome, Russia","Tue Nov 27, 1973 00:08 UTC",Cosmos-3M | Cosmos 610,Retired,,Success
5552,RVSN USSR,"Site 1/5, Baikonur Cosmodrome, Kazakhstan","Wed Nov 21, 1973 10:00 UTC",Voskhod | Cosmos 609,Retired,,Success
5553,RVSN USSR,"Site 133/3, Plesetsk Cosmodrome, Russia","Tue Nov 20, 1973 12:29 UTC",Cosmos-2 (63SM) | Cosmos 608,Retired,,Success
5554,NASA,"LC-39B, Kennedy Space Center, Florida, USA","Fri Nov 16, 1973 14:01 UTC",Saturn IB | Skylab 4,Retired,,Success
5555,RVSN USSR,"Site 1/5, Baikonur Cosmodrome, Kazakhstan","Wed Nov 14, 1973 20:40 UTC",Molniya-M/Block L | Molniya-1 n°37,Retired,,Success
5556,Martin Marietta,"SLC-4E, Vandenberg SFB, California, USA","Sat Nov 10, 1973 20:09 UTC","Titan IIID | KH-9 7 (Hexagon 7), Ursala 2 & P-801 5",Retired,,Success
5557,RVSN USSR,"Site 43/4, Plesetsk Cosmodrome, Russia","Sat Nov 10, 1973 12:38 UTC",Voskhod | Cosmos 607,Retired,,Success
5558,US Air Force,"SLC-2W, Vandenberg SFB, California, USA","Tue Nov 06, 1973 17:02 UTC",Delta 300 | NOAA-3,Retired,,Success
5559,General Dynamics,"SLC-36B, Cape Canaveral SFS, Florida, USA","Sat Nov 03, 1973 05:45 UTC",Atlas-SLV3D Centaur-D1A | Mariner 10,Retired,,Success
5560,RVSN USSR,"Site 41/1, Plesetsk Cosmodrome, Russia","Fri Nov 02, 1973 13:01 UTC",Molniya-M/Block 2BL | Cosmos 606,Retired,,Success
5561,RVSN USSR,"Site 43/3, Plesetsk Cosmodrome, Russia","Wed Oct 31, 1973 18:24 UTC",Soyuz U | Cosmos 605,Retired,20.0,Success
5562,RVSN USSR,"Site 132/2, Plesetsk Cosmodrome, Russia","Tue Oct 30, 1973 19:00 UTC",Cosmos-3M | Intercosmos 10,Retired,,Success
5563,US Air Force,"SLC-5, Vandenberg SFB, California, USA","Tue Oct 30, 1973 00:37 UTC",Scout A1 | Transit-O 20,Retired,,Success
5564,RVSN USSR,"Site 43/4, Plesetsk Cosmodrome, Russia","Mon Oct 29, 1973 14:00 UTC",Vostok-2M | Cosmos 604,Retired,,Success
5565,RVSN USSR,"Site 41/1, Plesetsk Cosmodrome, Russia","Sat Oct 27, 1973 11:09 UTC",Voskhod | Cosmos 603,Retired,,Success
5566,US Air Force,"SLC-17B, Cape Canaveral SFS, Florida, USA","Fri Oct 26, 1973 02:26 UTC",Delta 1604 | Explorer 50 (IMP-J),Retired,,Success
5567,RVSN USSR,"Site 43/4, Plesetsk Cosmodrome, Russia","Sat Oct 20, 1973 10:14 UTC",Voskhod | Cosmos 602,Retired,,Success
5568,RVSN USSR,"Site 41/1, Plesetsk Cosmodrome, Russia","Fri Oct 19, 1973 10:26 UTC",Molniya-M/Block L | Molniya-2 n°36,Retired,,Success
5569,RVSN USSR,"Site 133/3, Plesetsk Cosmodrome, Russia","Tue Oct 16, 1973 14:00 UTC",Cosmos-2 (63SM) | Cosmos 601,Retired,,Success
5570,RVSN USSR,"Site 43/4, Plesetsk Cosmodrome, Russia","Tue Oct 16, 1973 12:00 UTC",Voskhod | Cosmos 600,Retired,,Success
5571,RVSN USSR,"Site 1/5, Baikonur Cosmodrome, Kazakhstan","Mon Oct 15, 1973 08:45 UTC",Voskhod | Cosmos 599,Retired,,Success
5572,RVSN USSR,"Site 41/1, Plesetsk Cosmodrome, Russia","Wed Oct 10, 1973 10:45 UTC",Voskhod | Cosmos 598,Retired,,Success
5573,RVSN USSR,"Site 41/1, Plesetsk Cosmodrome, Russia","Sat Oct 06, 1973 12:30 UTC",Voskhod | Cosmos 597,Retired,,Success
5574,RVSN USSR,"Site 41/1, Plesetsk Cosmodrome, Russia","Wed Oct 03, 1973 13:00 UTC",Voskhod | Cosmos 596,Retired,,Success
5575,RVSN USSR,"Site 132/2, Plesetsk Cosmodrome, Russia","Tue Oct 02, 1973 21:46 UTC",Cosmos-3M | Cosmos 588 to 595,Retired,,Success
5576,US Air Force,"SLC-4W, Vandenberg SFB, California, USA","Thu Sep 27, 1973 17:15 UTC",Titan III(24)B | KH-8 40 (Gambit-3 40),Retired,,Success
5577,RVSN USSR,"Site 1/5, Baikonur Cosmodrome, Kazakhstan","Thu Sep 27, 1973 12:18 UTC",Soyuz | Soyuz 12,Retired,,Success
5578,RVSN USSR,"Site 43/3, Plesetsk Cosmodrome, Russia","Fri Sep 21, 1973 13:05 UTC",Soyuz U | Cosmos 587,Retired,20.0,Success
5579,MASI,"Site 138 (LA-2B), Jiuquan Satellite Launch Center, China","Tue Sep 18, 1973 12:12 UTC",Feng Bao 1 | JSSW-1,Retired,,Failure
5580,RVSN USSR,"Site 132/2, Plesetsk Cosmodrome, Russia","Fri Sep 14, 1973 00:31 UTC",Cosmos-3M | Cosmos 586,Retired,,Success
5581,RVSN USSR,"Site 132/2, Plesetsk Cosmodrome, Russia","Sat Sep 08, 1973 01:50 UTC",Cosmos-3M | Cosmos 585,Retired,,Success
5582,RVSN USSR,"Site 41/1, Plesetsk Cosmodrome, Russia","Thu Sep 06, 1973 10:40 UTC",Voskhod | Cosmos 584,Retired,,Success
5583,RVSN USSR,"Site 1/5, Baikonur Cosmodrome, Kazakhstan","Thu Aug 30, 1973 10:30 UTC",Voskhod | Cosmos 583,Retired,,Success
5584,RVSN USSR,"Site 41/1, Plesetsk Cosmodrome, Russia","Thu Aug 30, 1973 00:07 UTC",Molniya-M/Block L | Molniya-1 n°35,Retired,,Success
5585,RVSN USSR,"Site 132/2, Plesetsk Cosmodrome, Russia","Tue Aug 28, 1973 10:08 UTC",Cosmos-3M | Cosmos 582,Retired,,Success
5586,RVSN USSR,"Site 1/5, Baikonur Cosmodrome, Kazakhstan","Fri Aug 24, 1973 10:59 UTC",Voskhod | Cosmos 581,Retired,,Success
5587,General Dynamics,"SLC-36A, Cape Canaveral SFS, Florida, USA","Thu Aug 23, 1973 22:57 UTC",Atlas-SLV3D Centaur-D1A | Intelsat 4 F7,Retired,,Success
5588,RVSN USSR,"Site 133/3, Plesetsk Cosmodrome, Russia","Wed Aug 22, 1973 11:24 UTC",Cosmos-2 (63SM) | Cosmos 580,Retired,,Success
5589,Martin Marietta,"SLC-4W, Vandenberg SFB, California, USA","Tue Aug 21, 1973 16:07 UTC",Titan III(33)B Agena-D | Jumpseat 3,Retired,,Success
5590,RVSN USSR,"Site 41/1, Plesetsk Cosmodrome, Russia","Tue Aug 21, 1973 12:30 UTC",Voskhod | Cosmos 579,Retired,,Success
5591,US Air Force,"SLC-10W (75-2-6), Vandenberg SFB, California, USA","Fri Aug 17, 1973 04:49 UTC",Thor LV2D Burner-2 | DMSP-5B F4,Retired,,Success
5592,RVSN USSR,"Site 81/24, Baikonur Cosmodrome, Kazakhstan","Thu Aug 09, 1973 17:00 UTC",Proton-K/Block D | Mars 7,Retired,,Success
5593,RVSN USSR,"Site 81/23, Baikonur Cosmodrome, Kazakhstan","Sun Aug 05, 1973 17:45 UTC",Proton-K/Block D | Mars 6,Retired,,Success
5594,RVSN USSR,"Site 43/4, Plesetsk Cosmodrome, Russia","Wed Aug 01, 1973 14:00 UTC",Voskhod | Cosmos 578,Retired,,Success
5595,NASA,"LC-39B, Kennedy Space Center, Florida, USA","Sat Jul 28, 1973 11:10 UTC",Saturn IB | Skylab 3,Retired,,Success
5596,RVSN USSR,"Site 81/24, Baikonur Cosmodrome, Kazakhstan","Wed Jul 25, 1973 18:55 UTC",Proton-K/Block D | Mars 5,Retired,,Success
5597,RVSN USSR,"Site 43/4, Plesetsk Cosmodrome, Russia","Wed Jul 25, 1973 11:30 UTC",Voskhod | Cosmos 577,Retired,,Success
5598,RVSN USSR,"Site 81/23, Baikonur Cosmodrome, Kazakhstan","Sat Jul 21, 1973 19:30 UTC",Proton-K/Block D | Mars 4,Retired,,Success
5599,US Air Force,"SLC-2W, Vandenberg SFB, California, USA","Mon Jul 16, 1973 17:10 UTC",Delta 300 | ITOS-E,Retired,,Failure
5600,Martin Marietta,"SLC-4E, Vandenberg SFB, California, USA","Fri Jul 13, 1973 20:22 UTC",Titan IIID | KH-9 6 (Hexagon 6),Retired,,Success
5601,RVSN USSR,"Site 41/1, Plesetsk Cosmodrome, Russia","Wed Jul 11, 1973 09:58 UTC",Molniya-M/Block L | Molniya-2 n°34,Retired,,Success
5602,RVSN USSR,"Site 43/3, Plesetsk Cosmodrome, Russia","Wed Jul 04, 1973 10:59 UTC",Voskhod | Zenit-4M n°50,Retired,,Failure
5603,RVSN USSR,"Site 41/1, Plesetsk Cosmodrome, Russia","Wed Jun 27, 1973 11:50 UTC",Soyuz M | Cosmos 576,Retired,,Success
5604,RVSN USSR,"Site 132/2, Plesetsk Cosmodrome, Russia","Tue Jun 26, 1973",Cosmos-3M | Tselina-OM #20,Retired,,Prelaunch Failure
5605,US Air Force,"SLC-4W, Vandenberg SFB, California, USA","Tue Jun 26, 1973 17:00 UTC",Titan III(24)B | KH-8 39 (Gambit-3 39),Retired,,Failure
5606,RVSN USSR,"Site 43/4, Plesetsk Cosmodrome, Russia","Thu Jun 21, 1973 13:29 UTC",Voskhod | Cosmos 575,Retired,,Success
5607,RVSN USSR,"Site 132/1, Plesetsk Cosmodrome, Russia","Wed Jun 20, 1973 06:16 UTC",Cosmos-3M | Cosmos 574,Retired,,Success
5608,RVSN USSR,"Site 1/5, Baikonur Cosmodrome, Kazakhstan","Fri Jun 15, 1973 06:00 UTC",Soyuz | Cosmos 573,Retired,,Success
5609,Martin Marietta,"SLC-40, Cape Canaveral SFS, Florida, USA","Tue Jun 12, 1973 07:14 UTC",Titan III(23)C | DSP-4,Retired,,Success
5610,US Air Force,"SLC-17B, Cape Canaveral SFS, Florida, USA","Sun Jun 10, 1973 14:13 UTC",Delta 1913 | Explorer 49 (RAE-B),Retired,,Success
5611,RVSN USSR,"Site 1/5, Baikonur Cosmodrome, Kazakhstan","Sun Jun 10, 1973 10:10 UTC",Voskhod | Cosmos 572,Retired,,Success
5612,RVSN USSR,"Site 132/1, Plesetsk Cosmodrome, Russia","Fri Jun 08, 1973 15:50 UTC",Cosmos-3M | Cosmos 564 to 571,Retired,,Success
5613,RVSN USSR,"Site 43/4, Plesetsk Cosmodrome, Russia","Wed Jun 06, 1973 11:30 UTC",Voskhod | Cosmos 563,Retired,,Success
5614,RVSN USSR,"Site 133/3, Plesetsk Cosmodrome, Russia","Tue Jun 05, 1973 11:29 UTC",Cosmos-2 (63SM) | Cosmos 562,Retired,,Success
5615,RVSN USSR,"Site 41/1, Plesetsk Cosmodrome, Russia","Tue May 29, 1973 10:16 UTC",Vostok-2M | Meteor n°26,Retired,,Success
5616,RVSN USSR,"Site 43/4, Plesetsk Cosmodrome, Russia","Fri May 25, 1973 13:30 UTC",Voskhod | Cosmos 561,Retired,,Success
5617,NASA,"LC-39B, Kennedy Space Center, Florida, USA","Fri May 25, 1973 13:00 UTC",Saturn IB | Skylab 2,Retired,,Success
5618,RVSN USSR,"Site 132/1, Plesetsk Cosmodrome, Russia","Fri May 25, 1973 09:15 UTC",Cosmos-3M | Zaliv #17,Retired,,Failure
5619,RVSN USSR,"Site 86/1, Kapustin Yar, Russia","Thu May 24, 1973 03:50 UTC",K65M-RB5 | BOR-3 n°301,Retired,,Success
5620,RVSN USSR,"Site 43/4, Plesetsk Cosmodrome, Russia","Wed May 23, 1973 10:30 UTC",Voskhod | Cosmos 560,Retired,,Success
5621,CNES,"ELD, Guiana Space Centre, French Guiana, France","Mon May 21, 1973 08:47 UTC",Diamant B | Castor & Pollux,Retired,,Failure
5622,RVSN USSR,"Site 43/3, Plesetsk Cosmodrome, Russia","Fri May 18, 1973 11:00 UTC",Soyuz U | Cosmos 559,Retired,20.0,Success
5623,RVSN USSR,"Site 133/3, Plesetsk Cosmodrome, Russia","Thu May 17, 1973 13:19 UTC",Cosmos-2 (63SM) | Cosmos 558,Retired,,Success
5624,US Air Force,"SLC-4W, Vandenberg SFB, California, USA","Wed May 16, 1973 16:40 UTC",Titan III(24)B | KH-8 38 (Gambit-3 38),Retired,,Success
5625,NASA,"LC-39A, Kennedy Space Center, Florida, USA","Mon May 14, 1973 17:30 UTC",Saturn V | Skylab 1,Retired,,Success
5626,RVSN USSR,"Site 81/23, Baikonur Cosmodrome, Kazakhstan","Fri May 11, 1973 00:20 UTC",Proton-K | Cosmos 557,Retired,,Success
5627,RVSN USSR,"Site 41/1, Plesetsk Cosmodrome, Russia","Sat May 05, 1973 07:00 UTC",Voskhod | Cosmos 556,Retired,,Success
5628,RVSN USSR,"Site 43/4, Plesetsk Cosmodrome, Russia","Wed Apr 25, 1973 10:45 UTC",Voskhod | Cosmos 555,Retired,,Success
5629,RVSN USSR,"Site 90/19, Baikonur Cosmodrome, Kazakhstan","Wed Apr 25, 1973 09:10 UTC",Tsyklon-2 | US-A n°10,Retired,,Failure
5630,US Air Force,"SLC-17B, Cape Canaveral SFS, Florida, USA","Fri Apr 20, 1973 23:47 UTC",Delta 1914 | Anik-A2,Retired,,Success
5631,RVSN USSR,"Site 86/1, Kapustin Yar, Russia","Thu Apr 19, 1973 10:19 UTC",Cosmos-2 (63SM) | Intercosmos 9,Retired,,Success
5632,RVSN USSR,"Site 43/4, Plesetsk Cosmodrome, Russia","Thu Apr 19, 1973 08:59 UTC",Voskhod | Cosmos 554,Retired,,Success
5633,RVSN USSR,"Site 133/3, Plesetsk Cosmodrome, Russia","Thu Apr 12, 1973 11:49 UTC",Cosmos-2 (63SM) | Cosmos 553,Retired,,Success
5634,General Dynamics,"SLC-36B, Cape Canaveral SFS, Florida, USA","Fri Apr 06, 1973 02:11 UTC",Atlas-SLV3D Centaur-D1A | Pioneer 11,Retired,,Success
5635,RVSN USSR,"Site 41/1, Plesetsk Cosmodrome, Russia","Thu Apr 05, 1973 11:11 UTC",Molniya-M/Block L | Molniya-2 n°33,Retired,,Success
5636,RVSN USSR,"Site 81/23, Baikonur Cosmodrome, Kazakhstan","Tue Apr 03, 1973 09:00 UTC",Proton-K | Salyut 2,Retired,,Success
5637,RVSN USSR,"Site 43/4, Plesetsk Cosmodrome, Russia","Thu Mar 22, 1973 10:00 UTC",Voskhod | Cosmos 552,Retired,,Success
5638,RVSN USSR,"Site 41/1, Plesetsk Cosmodrome, Russia","Tue Mar 20, 1973 11:20 UTC",Vostok-2M | Meteor n°25,Retired,,Success
5639,Martin Marietta,"SLC-4E, Vandenberg SFB, California, USA","Fri Mar 09, 1973 21:00 UTC",Titan IIID | KH-9 5 (Hexagon 5),Retired,,Success
5640,General Dynamics,"LC-13, Cape Canaveral SFS, Florida, USA","Tue Mar 06, 1973 09:30 UTC",Atlas-SLV3A Agena-D | AFP-720 (Rhyolite-2),Retired,,Success
5641,RVSN USSR,"Site 31/6, Baikonur Cosmodrome, Kazakhstan","Tue Mar 06, 1973 09:20 UTC",Voskhod | Cosmos 551,Retired,,Success
5642,RVSN USSR,"Site 41/1, Plesetsk Cosmodrome, Russia","Thu Mar 01, 1973 12:40 UTC",Voskhod | Cosmos 550,Retired,,Success
5643,RVSN USSR,"Site 132/1, Plesetsk Cosmodrome, Russia","Wed Feb 28, 1973 04:37 UTC",Cosmos-3M | Cosmos 549,Retired,,Success
5644,RVSN USSR,"Site 31/6, Baikonur Cosmodrome, Kazakhstan","Thu Feb 15, 1973 01:11 UTC",Molniya-M/Block SO-L | Prognoz n°3,Retired,,Success
5645,RVSN USSR,"Site 43/4, Plesetsk Cosmodrome, Russia","Thu Feb 08, 1973 13:15 UTC",Voskhod | Cosmos 548,Retired,,Success
5646,RVSN USSR,"Site 1/5, Baikonur Cosmodrome, Kazakhstan","Sat Feb 03, 1973 05:48 UTC",Molniya-M/Block L | Molniya-1 n°32,Retired,,Success
5647,RVSN USSR,"Site 31/6, Baikonur Cosmodrome, Kazakhstan","Thu Feb 01, 1973 08:30 UTC",Voskhod | Cosmos 547,Retired,,Success
5648,RVSN USSR,"Site 107/1, Kapustin Yar, Russia","Fri Jan 26, 1973 11:44 UTC",Cosmos-3M | Cosmos 546,Retired,,Success
5649,RVSN USSR,"Site 133/3, Plesetsk Cosmodrome, Russia","Wed Jan 24, 1973 11:44 UTC",Cosmos-2 (63SM) | Cosmos 545,Retired,,Success
5650,RVSN USSR,"Site 132/1, Plesetsk Cosmodrome, Russia","Sat Jan 20, 1973 03:36 UTC",Cosmos-3M | Cosmos 544,Retired,,Success
5651,RVSN USSR,"Site 31/6, Baikonur Cosmodrome, Kazakhstan","Thu Jan 11, 1973 10:00 UTC",Voskhod | Cosmos 543,Retired,,Success
5652,RVSN USSR,"Site 81/23, Baikonur Cosmodrome, Kazakhstan","Mon Jan 08, 1973 06:55 UTC",Proton-K/Block D | Luna 21,Retired,,Success
5653,RVSN USSR,"Site 43/4, Plesetsk Cosmodrome, Russia","Thu Dec 28, 1972 11:00 UTC",Vostok-2M | Cosmos 542,Retired,,Partial Failure
5654,RVSN USSR,"Site 41/1, Plesetsk Cosmodrome, Russia","Wed Dec 27, 1972 10:30 UTC",Soyuz M | Cosmos 541,Retired,,Success
5655,RVSN USSR,"Site 132/2, Plesetsk Cosmodrome, Russia","Mon Dec 25, 1972 23:05 UTC",Cosmos-3M | Cosmos 540,Retired,,Success
5656,US Air Force,"SLC-4W, Vandenberg SFB, California, USA","Thu Dec 21, 1972 17:45 UTC",Titan III(24)B | KH-8 37 (Gambit-3 37),Retired,,Success
5657,RVSN USSR,"Site 132/2, Plesetsk Cosmodrome, Russia","Thu Dec 21, 1972 02:05 UTC",Cosmos-3M | Cosmos 539,Retired,,Success
5658,General Dynamics,"LC-13, Cape Canaveral SFS, Florida, USA","Wed Dec 20, 1972 22:20 UTC",Atlas-SLV3A Agena-D | AFP-827 (Canyon-5),Retired,,Success
5659,US Air Force,"SLC-5, Vandenberg SFB, California, USA","Sat Dec 16, 1972 11:24 UTC",Scout D1 | Aeros 1,Retired,,Success
5660,RVSN USSR,"Site 43/4, Plesetsk Cosmodrome, Russia","Thu Dec 14, 1972 13:40 UTC",Voskhod | Cosmos 538,Retired,,Success
5661,RVSN USSR,"Site 41/1, Plesetsk Cosmodrome, Russia","Tue Dec 12, 1972 06:51 UTC",Molniya-M/Block L | Molniya-2 n°31,Retired,,Success
5662,US Air Force,"SLC-2W, Vandenberg SFB, California, USA","Mon Dec 11, 1972 07:56 UTC",Delta 900 | Nimbus 5,Retired,,Success
5663,NASA,"LC-39A, Kennedy Space Center, Florida, USA","Thu Dec 07, 1972 05:33 UTC",Saturn V | Apollo 17,Retired,,Success
5664,RVSN USSR,"Site 1/5, Baikonur Cosmodrome, Kazakhstan","Sat Dec 02, 1972 04:39 UTC",Molniya-M/Block L | Molniya-1 n°30,Retired,,Success
5665,RVSN USSR,"Site 86/1, Kapustin Yar, Russia","Thu Nov 30, 1972 21:49 UTC",Cosmos-2 (63SM) | Intercosmos 8,Retired,,Success
5666,RVSN USSR,"Site 31/6, Baikonur Cosmodrome, Kazakhstan","Sat Nov 25, 1972 09:10 UTC",Voskhod | Cosmos 537,Retired,,Success
5667,RVSN USSR,"Site 110/37, Baikonur Cosmodrome, Kazakhstan","Thu Nov 23, 1972 06:11 UTC",N-1 L3 | 7K-LOK n°2 & LK n°4,Retired,,Failure
5668,US Air Force,"SLC-5, Vandenberg SFB, California, USA","Wed Nov 22, 1972 00:17 UTC",Scout D1 | ESRO 4,Retired,,Success
5669,ASI,"SM Launch Tab, San Marco Launch Platform, Kenya","Wed Nov 15, 1972 22:13 UTC",Scout D1 | Explorer 48 (SAS-B),Retired,,Success
5670,US Air Force,"SLC-17B, Cape Canaveral SFS, Florida, USA","Fri Nov 10, 1972 01:14 UTC",Delta 1914 | Anik-A1,Retired,,Success
5671,US Air Force,"SLC-10W (75-2-6), Vandenberg SFB, California, USA","Thu Nov 09, 1972 03:23 UTC",Thor LV2D Burner-2 | DMSP-5B F3,Retired,,Success
5672,RVSN USSR,"Site 132/1, Plesetsk Cosmodrome, Russia","Fri Nov 03, 1972 01:34 UTC",Cosmos-3M | Cosmos 536,Retired,,Success
5673,RVSN USSR,"Site 132/2, Plesetsk Cosmodrome, Russia","Wed Nov 01, 1972 02:08 UTC",Cosmos-3M | Cosmos 528 to 535,Retired,,Success
5674,RVSN USSR,"Site 43/4, Plesetsk Cosmodrome, Russia","Tue Oct 31, 1972 13:29 UTC",Voskhod | Cosmos 527,Retired,,Success
5675,RVSN USSR,"Site 43/4, Plesetsk Cosmodrome, Russia","Thu Oct 26, 1972 22:05 UTC",Vostok-2M | Meteor n°24,Retired,,Success
5676,RVSN USSR,"Site 133/3, Plesetsk Cosmodrome, Russia","Wed Oct 25, 1972 10:39 UTC",Cosmos-2 (63SM) | Cosmos 526,Retired,,Success
5677,RVSN USSR,"Site 43/4, Plesetsk Cosmodrome, Russia","Wed Oct 18, 1972 11:59 UTC",Voskhod | Cosmos 525,Retired,,Success
5678,RVSN USSR,"Site 132/1, Plesetsk Cosmodrome, Russia","Tue Oct 17, 1972 19:59 UTC",Cosmos-3M | Strela-2M satellite,Retired,,Failure
5679,US Air Force,"SLC-2W, Vandenberg SFB, California, USA","Sun Oct 15, 1972 17:19 UTC",Delta 300 | NOAA-2 & AMSAT-OSCAR 6,Retired,,Success
5680,RVSN USSR,"Site 41/1, Plesetsk Cosmodrome, Russia","Sat Oct 14, 1972 06:16 UTC",Molniya-M/Block L | Molniya-1 n°29,Retired,,Success
5681,RVSN USSR,"Site 133/3, Plesetsk Cosmodrome, Russia","Wed Oct 11, 1972 13:19 UTC",Cosmos-2 (63SM) | Cosmos 524,Retired,,Success
5682,Martin Marietta,"SLC-4E, Vandenberg SFB, California, USA","Tue Oct 10, 1972 18:03 UTC",Titan IIID | KH-9 4 (Hexagon 4),Retired,,Success
5683,RVSN USSR,"Site 133/3, Plesetsk Cosmodrome, Russia","Thu Oct 05, 1972 11:30 UTC",Cosmos-2 (63SM) | Cosmos 523,Retired,,Success
5684,RVSN USSR,"Site 41/1, Plesetsk Cosmodrome, Russia","Wed Oct 04, 1972 12:00 UTC",Voskhod | Cosmos 522,Retired,,Success
5685,General Dynamics,"LC-576A1, Vandenberg SFB, California, USA","Mon Oct 02, 1972 20:10 UTC",Atlas-E/F Burner | P72-1,Retired,,Success
5686,RVSN USSR,"Site 41/1, Plesetsk Cosmodrome, Russia","Sat Sep 30, 1972 20:19 UTC",Molniya-M/Block L | Molniya-2 n°28,Retired,,Success
5687,RVSN USSR,"Site 132/2, Plesetsk Cosmodrome, Russia","Fri Sep 29, 1972 20:18 UTC",Cosmos-3M | Cosmos 521,Retired,,Success
5688,US Air Force,"SLC-17B, Cape Canaveral SFS, Florida, USA","Sat Sep 23, 1972 01:20 UTC",Delta 1604 | Explorer 47 (IMP-H),Retired,,Success
5689,RVSN USSR,"Site 41/1, Plesetsk Cosmodrome, Russia","Tue Sep 19, 1972 19:19 UTC",Molniya-M/Block 2BL | Cosmos 520,Retired,,Success
5690,RVSN USSR,"Site 31/6, Baikonur Cosmodrome, Kazakhstan","Sat Sep 16, 1972 08:20 UTC",Voskhod | Cosmos 519,Retired,,Success
5691,RVSN USSR,"Site 43/4, Plesetsk Cosmodrome, Russia","Fri Sep 15, 1972 09:40 UTC",Voskhod | Cosmos 518,Retired,,Success
5692,US Air Force,"SLC-5, Vandenberg SFB, California, USA","Sat Sep 02, 1972 17:50 UTC",Scout B1 | Triad 1,Retired,,Success
5693,RVSN USSR,"Site 43/4, Plesetsk Cosmodrome, Russia","Sat Sep 02, 1972 10:49 UTC",Voskhod | Zenit-4M n°40,Retired,,Failure
5694,US Air Force,"SLC-4W, Vandenberg SFB, California, USA","Fri Sep 01, 1972 17:36 UTC",Titan III(24)B | KH-8 36 (Gambit-3 36),Retired,,Success
5695,RVSN USSR,"Site 31/6, Baikonur Cosmodrome, Kazakhstan","Wed Aug 30, 1972 08:19 UTC",Voskhod | Cosmos 517,Retired,,Success
5696,RVSN USSR,"Site 90/19, Baikonur Cosmodrome, Kazakhstan","Mon Aug 21, 1972 10:36 UTC",Tsyklon-2 | Cosmos 516,Retired,,Success
5697,General Dynamics,"SLC-36B, Cape Canaveral SFS, Florida, USA","Mon Aug 21, 1972 10:28 UTC",Atlas-SLV3C Centaur-D | OAO-3,Retired,,Success
5698,ISAS,"Mu Pad, Uchinoura Space Center, Japan","Sat Aug 19, 1972 02:40 UTC",Mu-IV S | Denpa,Retired,,Success
5699,RVSN USSR,"Site 43/4, Plesetsk Cosmodrome, Russia","Fri Aug 18, 1972 10:00 UTC",Voskhod | Cosmos 515,Retired,,Success
5700,RVSN USSR,"Site 132/2, Plesetsk Cosmodrome, Russia","Wed Aug 16, 1972 13:40 UTC",Cosmos-3M | Cosmos 514,Retired,,Success
5701,NASA,"LA-3, Wallops Flight Facility, Virginia, USA","Sun Aug 13, 1972 15:10 UTC",Scout D1 | Explorer 46 (MTS),Retired,,Success
5702,MASI,"Site 138 (LA-2B), Jiuquan Satellite Launch Center, China","Thu Aug 10, 1972 00:32 UTC",Feng Bao 1 | Shiyan Peizhong,Retired,,Success
5703,RVSN USSR,"Site 31/6, Baikonur Cosmodrome, Kazakhstan","Wed Aug 02, 1972 08:15 UTC",Voskhod | Cosmos 513,Retired,,Success
5704,RVSN USSR,"Site 81/23, Baikonur Cosmodrome, Kazakhstan","Sat Jul 29, 1972 03:20 UTC",Proton-K/Block D | DOS-2,Retired,,Failure
5705,RVSN USSR,"Site 43/4, Plesetsk Cosmodrome, Russia","Fri Jul 28, 1972 10:19 UTC",Voskhod | Cosmos 512,Retired,,Success
5706,US Air Force,"SLC-2W, Vandenberg SFB, California, USA","Sun Jul 23, 1972 18:06 UTC",Delta 900 | Landsat 1,Retired,,Success
5707,RVSN USSR,"Site 132/2, Plesetsk Cosmodrome, Russia","Thu Jul 20, 1972 18:10 UTC",Cosmos-3M | Cosmos 504 to 511,Retired,,Success
5708,RVSN USSR,"Site 43/3, Plesetsk Cosmodrome, Russia","Wed Jul 19, 1972 13:45 UTC",Voskhod | Cosmos 503,Retired,,Success
5709,RVSN USSR,"Site 43/4, Plesetsk Cosmodrome, Russia","Thu Jul 13, 1972 14:30 UTC",Soyuz M | Cosmos 502,Retired,,Partial Failure
5710,RVSN USSR,"Site 86/1, Kapustin Yar, Russia","Wed Jul 12, 1972 05:59 UTC",Cosmos-2 (63SM) | Cosmos 501,Retired,,Success
5711,RVSN USSR,"Site 132/2, Plesetsk Cosmodrome, Russia","Mon Jul 10, 1972 16:15 UTC",Cosmos-3M | Cosmos 500,Retired,,Success
5712,Martin Marietta,"SLC-4E, Vandenberg SFB, California, USA","Fri Jul 07, 1972 17:46 UTC",Titan IIID | KH-9 3 (Hexagon 3) & Ursala 1,Retired,,Success
5713,RVSN USSR,"Site 31/6, Baikonur Cosmodrome, Kazakhstan","Thu Jul 06, 1972 10:40 UTC",Voskhod | Cosmos 499,Retired,,Success
5714,RVSN USSR,"Site 133/3, Plesetsk Cosmodrome, Russia","Wed Jul 05, 1972 09:29 UTC",Cosmos-2 (63SM) | Cosmos 498,Retired,,Success
5715,RVSN USSR,"Site 41/1, Plesetsk Cosmodrome, Russia","Fri Jun 30, 1972 18:52 UTC",Vostok-2M | Meteor n°23,Retired,,Success
5716,RVSN USSR,"Site 133/3, Plesetsk Cosmodrome, Russia","Fri Jun 30, 1972 09:19 UTC",Cosmos-2 (63SM) | Cosmos 497,Retired,,Success
5717,RVSN USSR,"Site 86/1, Kapustin Yar, Russia","Fri Jun 30, 1972 05:58 UTC",Cosmos-2 (63SM) | Intercosmos 7,Retired,,Success
5718,RVSN USSR,"Site 31/6, Baikonur Cosmodrome, Kazakhstan","Thu Jun 29, 1972 03:47 UTC",Molniya-M/Block SO-L | Prognoz n°2,Retired,,Success
5719,RVSN USSR,"Site 1/5, Baikonur Cosmodrome, Kazakhstan","Mon Jun 26, 1972 14:53 UTC",Soyuz | Cosmos 496,Retired,,Success
5720,RVSN USSR,"Site 43/3, Plesetsk Cosmodrome, Russia","Fri Jun 23, 1972 11:19 UTC",Voskhod | Cosmos 495,Retired,,Success
5721,RVSN USSR,"Site 132/2, Plesetsk Cosmodrome, Russia","Fri Jun 23, 1972 09:24 UTC",Cosmos-3M | Cosmos 494,Retired,,Success
5722,RVSN USSR,"Site 31/6, Baikonur Cosmodrome, Kazakhstan","Wed Jun 21, 1972 06:25 UTC",Voskhod | Cosmos 493,Retired,,Success
5723,General Dynamics,"SLC-36B, Cape Canaveral SFS, Florida, USA","Tue Jun 13, 1972 21:53 UTC",Atlas-SLV3C Centaur-D | Intelsat 4 F5,Retired,,Success
5724,RVSN USSR,"Site 31/6, Baikonur Cosmodrome, Kazakhstan","Fri Jun 09, 1972 06:59 UTC",Voskhod | Cosmos 492,Retired,,Success
5725,US Air Force,"SLC-3W, Vandenberg SFB, California, USA","Thu May 25, 1972 18:41 UTC",Thorad SLV-2G Agena-D | KH-4B 17 (Corona 145),Retired,,Success
5726,RVSN USSR,"Site 31/6, Baikonur Cosmodrome, Kazakhstan","Thu May 25, 1972 06:35 UTC",Voskhod | Cosmos 491,Retired,,Success
5727,US Air Force,"SLC-4W, Vandenberg SFB, California, USA","Sat May 20, 1972 15:30 UTC",Titan III(24)B | KH-8 35 (Gambit-3 35),Retired,,Failure
5728,RVSN USSR,"Site 43/4, Plesetsk Cosmodrome, Russia","Fri May 19, 1972 14:30 UTC",Molniya-M/Block L | Molniya-2 n°27,Retired,,Success
5729,RVSN USSR,"Site 43/3, Plesetsk Cosmodrome, Russia","Wed May 17, 1972 10:19 UTC",Voskhod | Cosmos 490,Retired,,Success
5730,RVSN USSR,"Site 132/1, Plesetsk Cosmodrome, Russia","Sat May 06, 1972 11:24 UTC",Cosmos-3M | Cosmos 489,Retired,,Success
5731,RVSN USSR,"Site 43/4, Plesetsk Cosmodrome, Russia","Fri May 05, 1972 11:20 UTC",Voskhod | Cosmos 488,Retired,,Success
5732,RVSN USSR,"Site 133/3, Plesetsk Cosmodrome, Russia","Tue Apr 25, 1972 11:29 UTC",Cosmos-2 (63SM) | DS-P1-You #51,Retired,,Failure
5733,RVSN USSR,"Site 133/3, Plesetsk Cosmodrome, Russia","Fri Apr 21, 1972 11:59 UTC",Cosmos-2 (63SM) | Cosmos 487,Retired,,Success
5734,US Air Force,"SLC-3W, Vandenberg SFB, California, USA","Wed Apr 19, 1972 21:43 UTC",Thorad SLV-2G Agena-D | KH-4B 16 (Corona 144),Retired,,Success
5735,NASA,"LC-39A, Kennedy Space Center, Florida, USA","Sun Apr 16, 1972 17:54 UTC",Saturn V | Apollo 16,Retired,,Success
5736,RVSN USSR,"Site 43/3, Plesetsk Cosmodrome, Russia","Fri Apr 14, 1972 08:00 UTC",Voskhod | Cosmos 486,Retired,,Success
5737,RVSN USSR,"Site 31/6, Baikonur Cosmodrome, Kazakhstan","Fri Apr 14, 1972 00:54 UTC",Molniya-M/Block SO-L | Prognoz n°1,Retired,,Success
5738,RVSN USSR,"Site 133/3, Plesetsk Cosmodrome, Russia","Tue Apr 11, 1972 11:04 UTC",Cosmos-2 (63SM) | Cosmos 485,Retired,,Success
5739,RVSN USSR,"Site 31/6, Baikonur Cosmodrome, Kazakhstan","Fri Apr 07, 1972 10:00 UTC",Voskhod | Intercosmos 6,Retired,,Success
5740,RVSN USSR,"Site 43/3, Plesetsk Cosmodrome, Russia","Thu Apr 06, 1972 08:00 UTC",Voskhod | Cosmos 484,Retired,,Success
5741,RVSN USSR,"Site 43/4, Plesetsk Cosmodrome, Russia","Tue Apr 04, 1972 20:38 UTC",Molniya-M/Block L | Molniya-1 n°26 & SRET-1,Retired,,Success
5742,RVSN USSR,"Site 41/1, Plesetsk Cosmodrome, Russia","Mon Apr 03, 1972 10:15 UTC",Voskhod | Cosmos 483,Retired,,Success
5743,RVSN USSR,"Site 31/6, Baikonur Cosmodrome, Kazakhstan","Fri Mar 31, 1972 04:02 UTC",Molniya-M/Block NVL | Cosmos 482,Retired,,Partial Failure
5744,RVSN USSR,"Site 41/1, Plesetsk Cosmodrome, Russia","Thu Mar 30, 1972 14:05 UTC",Vostok-2M | Meteor n°22,Retired,,Success
5745,RVSN USSR,"Site 31/6, Baikonur Cosmodrome, Kazakhstan","Mon Mar 27, 1972 04:15 UTC",Molniya-M/Block NVL | Venera 8,Retired,,Success
5746,RVSN USSR,"Site 133/3, Plesetsk Cosmodrome, Russia","Sat Mar 25, 1972 10:39 UTC",Cosmos-2 (63SM) | Cosmos 481,Retired,,Success
5747,RVSN USSR,"Site 132/2, Plesetsk Cosmodrome, Russia","Sat Mar 25, 1972 02:20 UTC",Cosmos-3M | Cosmos 480,Retired,,Success
5748,US Air Force,"SLC-10W (75-2-6), Vandenberg SFB, California, USA","Fri Mar 24, 1972 08:46 UTC",Thor LV2D Burner-2 | DMSP-5B F2,Retired,,Success
5749,RVSN USSR,"Site 132/2, Plesetsk Cosmodrome, Russia","Wed Mar 22, 1972 20:30 UTC",Cosmos-3M | Cosmos 479,Retired,,Success
5750,US Air Force,"SLC-4W, Vandenberg SFB, California, USA","Fri Mar 17, 1972 17:00 UTC",Titan III(24)B | KH-8 34 (Gambit-3 34),Retired,,Success
5751,RVSN USSR,"Site 43/3, Plesetsk Cosmodrome, Russia","Wed Mar 15, 1972 13:00 UTC",Voskhod | Cosmos 478,Retired,,Success
5752,US Air Force,"SLC-2E (75-1-1), Vandenberg SFB, California, USA","Sun Mar 12, 1972 01:55 UTC",Delta N | TD-1A,Retired,,Success
5753,RVSN USSR,"Site 41/1, Plesetsk Cosmodrome, Russia","Sat Mar 04, 1972 10:00 UTC",Voskhod | Cosmos 477,Retired,,Success
5754,General Dynamics,"SLC-36A, Cape Canaveral SFS, Florida, USA","Fri Mar 03, 1972 01:49 UTC",Atlas-SLV3C Centaur-D | Pioneer 10,Retired,,Success
5755,RVSN USSR,"Site 43/4, Plesetsk Cosmodrome, Russia","Wed Mar 01, 1972 11:15 UTC",Vostok-2M | Cosmos 476,Retired,,Success
5756,Martin Marietta,"SLC-40, Cape Canaveral SFS, Florida, USA","Wed Mar 01, 1972 09:39 UTC",Titan III(23)C | DSP-3,Retired,,Success
5757,RVSN USSR,"Site 132/2, Plesetsk Cosmodrome, Russia","Fri Feb 25, 1972 07:52 UTC",Cosmos-3M | Cosmos 475,Retired,,Success
5758,Martin Marietta,"SLC-4W, Vandenberg SFB, California, USA","Wed Feb 16, 1972 09:59 UTC",Titan III(33)B Agena-D | Jumpseat 2,Retired,,Failure
5759,RVSN USSR,"Site 31/6, Baikonur Cosmodrome, Kazakhstan","Wed Feb 16, 1972 09:30 UTC",Voskhod | Cosmos 474,Retired,,Success
5760,RVSN USSR,"Site 81/24, Baikonur Cosmodrome, Kazakhstan","Mon Feb 14, 1972 03:27 UTC",Proton-K/Block D | Luna 20,Retired,,Success
5761,RVSN USSR,"Site 86/1, Kapustin Yar, Russia","Tue Feb 08, 1972 05:59 UTC",K65M-RB5 | BOR-2 n°204,Retired,,Success
5762,RVSN USSR,"Site 31/6, Baikonur Cosmodrome, Kazakhstan","Thu Feb 03, 1972 08:40 UTC",Voskhod | Cosmos 473,Retired,,Success
5763,US Air Force,"SLC-2E (75-1-1), Vandenberg SFB, California, USA","Mon Jan 31, 1972 17:20 UTC",Delta L | HEOS-2,Retired,,Success
5764,RVSN USSR,"Site 133/3, Plesetsk Cosmodrome, Russia","Tue Jan 25, 1972 11:15 UTC",Cosmos-2 (63SM) | Cosmos 472,Retired,,Success
5765,General Dynamics,"SLC-36B, Cape Canaveral SFS, Florida, USA","Sun Jan 23, 1972 00:12 UTC",Atlas-SLV3C Centaur-D | Intelsat 4 F4,Retired,,Success
5766,Martin Marietta,"SLC-4E, Vandenberg SFB, California, USA","Thu Jan 20, 1972 18:36 UTC",Titan IIID | KH-9 2 (Hexagon 2) & Mabeli,Retired,,Success
5767,RVSN USSR,"Site 31/6, Baikonur Cosmodrome, Kazakhstan","Wed Jan 12, 1972 09:59 UTC",Voskhod | Cosmos 471,Retired,,Success
5768,RVSN USSR,"Site 43/4, Plesetsk Cosmodrome, Russia","Wed Dec 29, 1971 10:50 UTC",Vostok-2M | Meteor n°21,Retired,,Success
5769,RVSN USSR,"Site 132/1, Plesetsk Cosmodrome, Russia","Mon Dec 27, 1971 19:00 UTC",Cosmos-3M | Auréole 1,Retired,,Success
5770,RVSN USSR,"Site 41/1, Plesetsk Cosmodrome, Russia","Mon Dec 27, 1971 14:04 UTC",Soyuz M | Cosmos 470,Retired,,Partial Failure
5771,RVSN USSR,"Site 90/19, Baikonur Cosmodrome, Kazakhstan","Sat Dec 25, 1971 11:29 UTC",Tsyklon-2 | Cosmos 469,Retired,,Success
5772,General Dynamics,"SLC-36A, Cape Canaveral SFS, Florida, USA","Mon Dec 20, 1971 01:10 UTC",Atlas-SLV3C Centaur-D | Intelsat 4 F3,Retired,,Success
5773,RVSN USSR,"Site 43/4, Plesetsk Cosmodrome, Russia","Sun Dec 19, 1971 22:50 UTC",Molniya-M/Block L | Molniya-1 n°25,Retired,,Success
5774,RVSN USSR,"Site 132/2, Plesetsk Cosmodrome, Russia","Fri Dec 17, 1971 13:00 UTC",Cosmos-3M | Cosmos 468,Retired,,Success
5775,RVSN USSR,"Site 133/3, Plesetsk Cosmodrome, Russia","Fri Dec 17, 1971 10:39 UTC",Cosmos-2 (63SM) | Cosmos 467,Retired,,Success
5776,RVSN USSR,"Site 31/6, Baikonur Cosmodrome, Kazakhstan","Thu Dec 16, 1971 09:39 UTC",Voskhod | Cosmos 466,Retired,,Success
5777,RVSN USSR,"Site 132/2, Plesetsk Cosmodrome, Russia","Wed Dec 15, 1971 04:31 UTC",Cosmos-3M | Cosmos 465,Retired,,Success
5778,US Air Force,"SLC-1W (75-3-4), Vandenberg SFB, California, USA","Tue Dec 14, 1971 12:13 UTC",Thorad SLV-2G Agena-D | OPS 7898,Retired,,Success
5779,US Air Force,"SLC-5, Vandenberg SFB, California, USA","Sat Dec 11, 1971 20:47 UTC",Scout B1 | Ariel 4,Retired,,Success
5780,RVSN USSR,"Site 43/3, Plesetsk Cosmodrome, Russia","Fri Dec 10, 1971 11:00 UTC",Voskhod | Cosmos 464,Retired,,Success
5781,RVSN USSR,"Site 31/6, Baikonur Cosmodrome, Kazakhstan","Mon Dec 06, 1971 09:50 UTC",Voskhod | Cosmos 463,Retired,,Success
5782,CNES,"ELD, Guiana Space Centre, French Guiana, France","Sun Dec 05, 1971 16:20 UTC",Diamant B | Polaire,Retired,,Failure
5783,General Dynamics,"LC-13, Cape Canaveral SFS, Florida, USA","Sat Dec 04, 1971 22:33 UTC",Atlas-SLV3A Agena-D | AFP-827 (Canyon-4),Retired,,Failure
5784,RVSN USSR,"Site 90/20, Baikonur Cosmodrome, Kazakhstan","Fri Dec 03, 1971 13:19 UTC",Tsyklon-2 | Cosmos 462,Retired,,Success
5785,RVSN USSR,"Site 43/4, Plesetsk Cosmodrome, Russia","Fri Dec 03, 1971 13:00 UTC",Voskhod | Zenit-2M n°25,Retired,,Failure
5786,RVSN USSR,"Site 132/1, Plesetsk Cosmodrome, Russia","Thu Dec 02, 1971 17:30 UTC",Cosmos-3M | Cosmos 461,Retired,,Success
5787,RVSN USSR,"Site 86/1, Kapustin Yar, Russia","Thu Dec 02, 1971 08:25 UTC",Cosmos-2 (63SM) | Intercosmos 5,Retired,,Success
5788,RVSN USSR,"Site 132/2, Plesetsk Cosmodrome, Russia","Tue Nov 30, 1971 16:39 UTC",Cosmos-3M | Cosmos 460,Retired,,Success
5789,RVSN USSR,"Site 132/1, Plesetsk Cosmodrome, Russia","Mon Nov 29, 1971 17:30 UTC",Cosmos-3M | Cosmos 459,Retired,,Success
5790,RVSN USSR,"Site 133/3, Plesetsk Cosmodrome, Russia","Mon Nov 29, 1971 10:09 UTC",Cosmos-2 (63SM) | Cosmos 458,Retired,,Success
5791,RVSN USSR,"Site 43/4, Plesetsk Cosmodrome, Russia","Wed Nov 24, 1971 09:30 UTC",Molniya-M/Block L | Molniya-2 n°24,Retired,,Success
5792,RVSN USSR,"Site 132/2, Plesetsk Cosmodrome, Russia","Sat Nov 20, 1971 18:00 UTC",Cosmos-3M | Cosmos 457,Retired,,Success
5793,RVSN USSR,"Site 43/3, Plesetsk Cosmodrome, Russia","Fri Nov 19, 1971 12:00 UTC",Voskhod | Cosmos 456,Retired,,Partial Failure
5794,RVSN USSR,"Site 133/3, Plesetsk Cosmodrome, Russia","Wed Nov 17, 1971 11:09 UTC",Cosmos-2 (63SM) | Cosmos 455,Retired,,Success
5795,ASI,"SM Launch Tab, San Marco Launch Platform, Kenya","Mon Nov 15, 1971 05:52 UTC",Scout B | Explorer 45 (S-CubedA),Retired,,Success
5796,CECLES,"ELA-1, Guiana Space Centre, French Guiana, France","Fri Nov 05, 1971 13:00 UTC",Europa 2 | STV-4,Retired,,Failure
5797,Martin Marietta,"SLC-40, Cape Canaveral SFS, Florida, USA","Wed Nov 03, 1971 03:09 UTC",Titan III(23)C | DSCS-II 1&2,Retired,,Success
5798,RVSN USSR,"Site 41/1, Plesetsk Cosmodrome, Russia","Tue Nov 02, 1971 14:25 UTC",Voskhod | Cosmos 454,Retired,,Success
5799,RAE,"LA-5B, RAAF Woomera Range Complex, Australia","Thu Oct 28, 1971 04:09 UTC",Black Arrow | Prospero,Retired,,Success
5800,US Air Force,"SLC-4W, Vandenberg SFB, California, USA","Sat Oct 23, 1971 17:10 UTC",Titan III(24)B | KH-8 33 (Gambit-3 33),Retired,,Success
5801,US Air Force,"SLC-2E (75-1-1), Vandenberg SFB, California, USA","Thu Oct 21, 1971 11:32 UTC",Delta N6 | ITOS-B,Retired,,Failure
5802,RVSN USSR,"Site 133/3, Plesetsk Cosmodrome, Russia","Tue Oct 19, 1971 12:40 UTC",Cosmos-2 (63SM) | Cosmos 453,Retired,,Success
5803,US Air Force,"SLC-1W (75-3-4), Vandenberg SFB, California, USA","Sun Oct 17, 1971 13:36 UTC",Thorad SLV-2G Agena-D | ASTEX,Retired,,Success
5804,RVSN USSR,"Site 31/6, Baikonur Cosmodrome, Kazakhstan","Thu Oct 14, 1971 09:00 UTC",Voskhod | Cosmos 452,Retired,,Success
5805,US Air Force,"SLC-10W (75-2-6), Vandenberg SFB, California, USA","Thu Oct 14, 1971 07:51 UTC",Thor LV2D Burner-2 | DMSP-5B F1,Retired,,Success
5806,RVSN USSR,"Site 132/2, Plesetsk Cosmodrome, Russia","Wed Oct 13, 1971 13:41 UTC",Cosmos-3M | Cosmos 444 to 451,Retired,,Success
5807,RVSN USSR,"Site 43/3, Plesetsk Cosmodrome, Russia","Thu Oct 07, 1971 12:30 UTC",Voskhod | Cosmos 443,Retired,,Success
5808,RVSN USSR,"Site 43/3, Plesetsk Cosmodrome, Russia","Wed Sep 29, 1971 11:30 UTC",Voskhod | Cosmos 442,Retired,,Success
5809,US Air Force,"SLC-17A, Cape Canaveral SFS, Florida, USA","Wed Sep 29, 1971 09:45 UTC",Delta N | OSO 7 & TTS-4,Retired,,Success
5810,RVSN USSR,"Site 81/24, Baikonur Cosmodrome, Kazakhstan","Tue Sep 28, 1971 10:00 UTC",Proton-K/Block D | Luna 19,Retired,,Success
5811,RVSN USSR,"Site 31/6, Baikonur Cosmodrome, Kazakhstan","Tue Sep 28, 1971 07:40 UTC",Voskhod | Cosmos 441,Retired,,Success
5812,ISAS,"Mu Pad, Uchinoura Space Center, Japan","Tue Sep 28, 1971 04:00 UTC",Mu-IV S | Shinsei,Retired,,Success
5813,RVSN USSR,"Site 133/3, Plesetsk Cosmodrome, Russia","Fri Sep 24, 1971 10:30 UTC",Cosmos-2 (63SM) | Cosmos 440,Retired,,Success
5814,RVSN USSR,"Site 43/3, Plesetsk Cosmodrome, Russia","Tue Sep 21, 1971 12:00 UTC",Voskhod | Cosmos 439,Retired,,Success
5815,RVSN USSR,"Site 41/1, Plesetsk Cosmodrome, Russia","Tue Sep 14, 1971 13:00 UTC",Voskhod | Cosmos 438,Retired,,Success
5816,US Air Force,"SLC-3W, Vandenberg SFB, California, USA","Fri Sep 10, 1971 21:32 UTC",Thorad SLV-2G Agena-D | KH-4B 15 (Corona 143) & Arroyo,Retired,,Success
5817,RVSN USSR,"Site 132/2, Plesetsk Cosmodrome, Russia","Fri Sep 10, 1971 03:37 UTC",Cosmos-3M | Cosmos 437,Retired,,Success
5818,RVSN USSR,"Site 132/2, Plesetsk Cosmodrome, Russia","Tue Sep 07, 1971 01:15 UTC",Cosmos-3M | Cosmos 436,Retired,,Success
5819,RVSN USSR,"Site 81/24, Baikonur Cosmodrome, Kazakhstan","Thu Sep 02, 1971 13:40 UTC",Proton-K/Block D | Luna 18,Retired,,Success
5820,RVSN USSR,"Site 133/3, Plesetsk Cosmodrome, Russia","Fri Aug 27, 1971 10:54 UTC",Cosmos-2 (63SM) | Cosmos 435,Retired,,Success
5821,RVSN USSR,"Site 31/6, Baikonur Cosmodrome, Kazakhstan","Thu Aug 19, 1971 06:30 UTC",Voskhod | Zenit-2M n°22,Retired,,Failure
5822,NASA,"LA-3, Wallops Flight Facility, Virginia, USA","Mon Aug 16, 1971 18:39 UTC",Scout B1 | Eole,Retired,,Success
5823,US Air Force,"SLC-4W, Vandenberg SFB, California, USA","Thu Aug 12, 1971 15:30 UTC",Titan III(24)B | KH-8 32 (Gambit-3 32),Retired,,Success
5824,RVSN USSR,"Site 31/6, Baikonur Cosmodrome, Kazakhstan","Thu Aug 12, 1971 05:30 UTC",Soyuz L | Cosmos 434 (T2K lander),Retired,,Success
5825,RVSN USSR,"Site 161/35, Baikonur Cosmodrome, Kazakhstan","Sun Aug 08, 1971 23:45 UTC",R-36 Orb | Cosmos 433,Retired,,Success
5826,General Dynamics,"LC-576A2, Vandenberg SFB, California, USA","Sat Aug 07, 1971 00:11 UTC",Atlas-E/F OV1 | OV1-20 OV1-21,Retired,,Success
5827,RVSN USSR,"Site 31/6, Baikonur Cosmodrome, Kazakhstan","Thu Aug 05, 1971 10:00 UTC",Voskhod | Cosmos 432,Retired,,Success
5828,RVSN USSR,"Site 133/3, Plesetsk Cosmodrome, Russia","Tue Aug 03, 1971 11:00 UTC",Cosmos-2 (63SM) | DS-P1-You #33,Retired,,Failure
5829,RVSN USSR,"Site 31/6, Baikonur Cosmodrome, Kazakhstan","Fri Jul 30, 1971 08:29 UTC",Voskhod | Cosmos 431,Retired,,Success
5830,RVSN USSR,"Site 43/4, Plesetsk Cosmodrome, Russia","Wed Jul 28, 1971 03:29 UTC",Molniya-M/Block L | Molniya-1 n°20,Retired,,Success
5831,NASA,"LC-39A, Kennedy Space Center, Florida, USA","Mon Jul 26, 1971 13:34 UTC",Saturn V | Apollo 15,Retired,,Success
5832,RVSN USSR,"Site 43/3, Plesetsk Cosmodrome, Russia","Fri Jul 23, 1971 11:00 UTC",Voskhod | Cosmos 430,Retired,,Success
5833,RVSN USSR,"Site 132/2, Plesetsk Cosmodrome, Russia","Thu Jul 22, 1971 13:45 UTC",Cosmos-3M | Tselina-OM #10,Retired,,Failure
5834,RVSN USSR,"Site 31/6, Baikonur Cosmodrome, Kazakhstan","Tue Jul 20, 1971 10:00 UTC",Voskhod | Cosmos 429,Retired,,Success
5835,US Air Force,"SLC-1W (75-3-4), Vandenberg SFB, California, USA","Fri Jul 16, 1971 10:49 UTC",Thorad SLV-2G Agena-D | Ferret 16,Retired,,Success
5836,RVSN USSR,"Site 43/4, Plesetsk Cosmodrome, Russia","Fri Jul 16, 1971 01:41 UTC",Vostok-2M | Meteor n°20,Retired,,Success
5837,NASA,"LA-3, Wallops Flight Facility, Virginia, USA","Thu Jul 08, 1971 22:58 UTC",Scout B | Solrad 10,Retired,,Success
5838,RVSN USSR,"Site 110/37, Baikonur Cosmodrome, Kazakhstan","Sat Jun 26, 1971 23:15 UTC",N-1 L3 | 7K-LOK n°1 & LK n°3,Retired,,Failure
5839,RVSN USSR,"Site 43/4, Plesetsk Cosmodrome, Russia","Fri Jun 25, 1971 10:30 UTC",Voskhod | Zenit-4M n°17,Retired,,Failure
5840,RVSN USSR,"Site 31/6, Baikonur Cosmodrome, Kazakhstan","Thu Jun 24, 1971 07:59 UTC",Voskhod | Cosmos 428,Retired,,Success
5841,Martin Marietta,"SLC-4E, Vandenberg SFB, California, USA","Tue Jun 15, 1971 18:41 UTC",Titan IIID | KH-9 1 (Hexagon 1),Retired,,Success
5842,RVSN USSR,"Site 43/4, Plesetsk Cosmodrome, Russia","Fri Jun 11, 1971 10:00 UTC",Voskhod | Cosmos 427,Retired,,Success
5843,US Air Force,"SLC-10W (75-2-6), Vandenberg SFB, California, USA","Tue Jun 08, 1971 14:00 UTC",Thor LV2D Burner-2 | SESP-1,Retired,,Success
5844,RVSN USSR,"Site 1/5, Baikonur Cosmodrome, Kazakhstan","Sun Jun 06, 1971 04:55 UTC",Soyuz | Soyuz 11,Retired,,Success
5845,RVSN USSR,"Site 132/2, Plesetsk Cosmodrome, Russia","Fri Jun 04, 1971 18:10 UTC",Cosmos-3M | Cosmos 426,Retired,,Success
5846,General Dynamics,"SLC-36B, Cape Canaveral SFS, Florida, USA","Sun May 30, 1971 22:23 UTC",Atlas-SLV3C Centaur-D | Mariner 9,Retired,,Success
5847,RVSN USSR,"Site 132/1, Plesetsk Cosmodrome, Russia","Sat May 29, 1971 03:49 UTC",Cosmos-3M | Cosmos 425,Retired,,Success
5848,RVSN USSR,"Site 81/23, Baikonur Cosmodrome, Kazakhstan","Fri May 28, 1971 15:26 UTC",Proton-K/Block D | Mars 3,Retired,,Success
5849,RVSN USSR,"Site 43/4, Plesetsk Cosmodrome, Russia","Fri May 28, 1971 10:30 UTC",Voskhod | Cosmos 424,Retired,,Success
5850,RVSN USSR,"Site 133/3, Plesetsk Cosmodrome, Russia","Thu May 27, 1971 11:59 UTC",Cosmos-2 (63SM) | Cosmos 423,Retired,,Success
5851,RVSN USSR,"Site 132/1, Plesetsk Cosmodrome, Russia","Sat May 22, 1971 00:51 UTC",Cosmos-3M | Cosmos 422,Retired,,Success
5852,RVSN USSR,"Site 81/24, Baikonur Cosmodrome, Kazakhstan","Wed May 19, 1971 16:22 UTC",Proton-K/Block D | Mars 2,Retired,,Success
5853,RVSN USSR,"Site 133/3, Plesetsk Cosmodrome, Russia","Wed May 19, 1971 10:20 UTC",Cosmos-2 (63SM) | Cosmos 421,Retired,,Success
5854,RVSN USSR,"Site 31/6, Baikonur Cosmodrome, Kazakhstan","Tue May 18, 1971 08:00 UTC",Voskhod | Cosmos 420,Retired,,Success
5855,RVSN USSR,"Site 81/23, Baikonur Cosmodrome, Kazakhstan","Mon May 10, 1971 16:58 UTC",Proton-K/Block D | Cosmos 419,Retired,,Failure
5856,General Dynamics,"SLC-36A, Cape Canaveral SFS, Florida, USA","Sun May 09, 1971 01:11 UTC",Atlas-SLV3C Centaur-D | Mariner 8,Retired,,Failure
5857,RVSN USSR,"Site 132/1, Plesetsk Cosmodrome, Russia","Fri May 07, 1971 14:20 UTC",Cosmos-3M | Cosmos 411 to 418,Retired,,Success
5858,RVSN USSR,"Site 31/6, Baikonur Cosmodrome, Kazakhstan","Thu May 06, 1971 06:20 UTC",Voskhod | Cosmos 410,Retired,,Success
5859,Martin Marietta,"SLC-40, Cape Canaveral SFS, Florida, USA","Wed May 05, 1971 07:43 UTC",Titan III(23)C | DSP-2,Retired,,Success
5860,RVSN USSR,"Site 132/1, Plesetsk Cosmodrome, Russia","Wed Apr 28, 1971 14:35 UTC",Cosmos-3M | Cosmos 409,Retired,,Success
5861,RVSN USSR,"Site 133/3, Plesetsk Cosmodrome, Russia","Sat Apr 24, 1971 11:15 UTC",Cosmos-2 (63SM) | Cosmos 408,Retired,,Success
5862,ASI,"SM Launch Tab, San Marco Launch Platform, Kenya","Sat Apr 24, 1971 07:32 UTC",Scout B | San Marco 3,Retired,,Success
5863,RVSN USSR,"Site 132/1, Plesetsk Cosmodrome, Russia","Fri Apr 23, 1971 11:30 UTC",Cosmos-3M | Cosmos 407,Retired,,Success
5864,RVSN USSR,"Site 1/5, Baikonur Cosmodrome, Kazakhstan","Thu Apr 22, 1971 23:54 UTC",Soyuz | Soyuz 10,Retired,,Success
5865,US Air Force,"SLC-4W, Vandenberg SFB, California, USA","Thu Apr 22, 1971 15:30 UTC",Titan III(23)B | KH-8 31 (Gambit-3 31),Retired,,Success
5866,RVSN USSR,"Site 86/1, Kapustin Yar, Russia","Thu Apr 22, 1971 04:22 UTC",K65M-RB5 | BOR-2 n°203,Retired,,Success
5867,RVSN USSR,"Site 81/24, Baikonur Cosmodrome, Kazakhstan","Mon Apr 19, 1971 01:40 UTC",Proton-K | Salyut 1,Retired,,Success
5868,RVSN USSR,"Site 43/4, Plesetsk Cosmodrome, Russia","Sat Apr 17, 1971 11:44 UTC",Vostok-2M | Meteor n°19,Retired,,Success
5869,CNES,"ELD, Guiana Space Centre, French Guiana, France","Thu Apr 15, 1971 09:19 UTC",Diamant B | Tournesol,Retired,,Success
5870,RVSN USSR,"Site 43/3, Plesetsk Cosmodrome, Russia","Wed Apr 14, 1971 08:00 UTC",Voskhod | Cosmos 406,Retired,,Success
5871,RVSN USSR,"Site 43/4, Plesetsk Cosmodrome, Russia","Wed Apr 07, 1971 07:10 UTC",Vostok-2M | Cosmos 405,Retired,,Success
5872,RVSN USSR,"Site 90/20, Baikonur Cosmodrome, Kazakhstan","Sun Apr 04, 1971 14:27 UTC",Tsyklon-2 | Cosmos 404,Retired,,Success
5873,RVSN USSR,"Site 43/3, Plesetsk Cosmodrome, Russia","Fri Apr 02, 1971 08:20 UTC",Voskhod | Cosmos 403,Retired,,Success
5874,RVSN USSR,"Site 90/19, Baikonur Cosmodrome, Kazakhstan","Thu Apr 01, 1971 11:29 UTC",Tsyklon-2 | Cosmos 402,Retired,,Success
5875,US Air Force,"SLC-2E (75-1-1), Vandenberg SFB, California, USA","Thu Apr 01, 1971 02:57 UTC",Delta E1 | ISIS-II,Retired,,Success
5876,RVSN USSR,"Site 43/4, Plesetsk Cosmodrome, Russia","Sat Mar 27, 1971 10:59 UTC",Voskhod | Cosmos 401,Retired,,Success
5877,US Air Force,"SLC-3W, Vandenberg SFB, California, USA","Wed Mar 24, 1971 21:06 UTC",Thorad SLV-2G Agena-D | KH-4B 14 (Corona 142),Retired,,Success
5878,Martin Marietta,"SLC-4W, Vandenberg SFB, California, USA","Sun Mar 21, 1971 03:45 UTC",Titan III(33)B Agena-D | Jumpseat 1,Retired,,Success
5879,RVSN USSR,"Site 132/1, Plesetsk Cosmodrome, Russia","Thu Mar 18, 1971 21:45 UTC",Cosmos-3M | Cosmos 400,Retired,,Success
5880,US Air Force,"SLC-17A, Cape Canaveral SFS, Florida, USA","Sat Mar 13, 1971 16:15 UTC",Delta M6 | Explorer 43 (IMP-I),Retired,,Success
5881,RVSN USSR,"Site 86/1, Kapustin Yar, Russia","Fri Mar 05, 1971 08:15 UTC",Cosmos-2 (63SM) | DS-P1-You #39,Retired,,Failure
5882,RVSN USSR,"Site 43/4, Plesetsk Cosmodrome, Russia","Fri Mar 05, 1971 01:02 UTC",Voskhod | Zenit-2M n°17,Retired,,Failure
5883,MASI,"Site 5020 (LA-2A), Jiuquan Satellite Launch Center, China","Wed Mar 03, 1971 12:15 UTC",Long March 1 | Shijian 1,Retired,,Success
5884,RVSN USSR,"Site 31/6, Baikonur Cosmodrome, Kazakhstan","Wed Mar 03, 1971 09:30 UTC",Voskhod | Cosmos 399,Retired,,Success
5885,RVSN USSR,"Site 31/6, Baikonur Cosmodrome, Kazakhstan","Fri Feb 26, 1971 05:06 UTC",Soyuz L | Cosmos 398 (T2K lander),Retired,,Success
5886,RVSN USSR,"Site 90/20, Baikonur Cosmodrome, Kazakhstan","Thu Feb 25, 1971 11:11 UTC",Tsyklon-2 | Cosmos 397,Retired,,Success
5887,RVSN USSR,"Site 43/3, Plesetsk Cosmodrome, Russia","Thu Feb 18, 1971 13:59 UTC",Voskhod | Cosmos 396,Retired,,Success
5888,RVSN USSR,"Site 132/1, Plesetsk Cosmodrome, Russia","Wed Feb 17, 1971 21:09 UTC",Cosmos-3M | Cosmos 395,Retired,,Success
5889,US Air Force,"SLC-3W, Vandenberg SFB, California, USA","Wed Feb 17, 1971 20:04 UTC",Thorad SLV-2G Agena-D | KH-4B 13 (Corona 141) & P-801 3,Retired,,Failure
5890,US Air Force,"SLC-10W (75-2-6), Vandenberg SFB, California, USA","Wed Feb 17, 1971 03:52 UTC",Thor LV2D Burner-2 | DSAP-5A F3 & Others,Retired,,Success
5891,ISAS,"Mu Pad, Uchinoura Space Center, Japan","Tue Feb 16, 1971 04:00 UTC",Mu-IV S | Tansei 1,Retired,,Success
5892,RVSN USSR,"Site 132/1, Plesetsk Cosmodrome, Russia","Tue Feb 09, 1971 18:48 UTC",Cosmos-3M | Cosmos 394,Retired,,Success
5893,US Air Force,"SLC-17A, Cape Canaveral SFS, Florida, USA","Wed Feb 03, 1971 01:41 UTC",Delta M | NATO 2,Retired,,Success
5894,NASA,"LC-39A, Kennedy Space Center, Florida, USA","Sun Jan 31, 1971 21:03 UTC",Saturn V | Apollo 14,Retired,,Success
5895,RVSN USSR,"Site 133/3, Plesetsk Cosmodrome, Russia","Tue Jan 26, 1971 12:44 UTC",Cosmos-2 (63SM) | Cosmos 393,Retired,,Success
5896,General Dynamics,"SLC-36A, Cape Canaveral SFS, Florida, USA","Tue Jan 26, 1971 00:36 UTC",Atlas-SLV3C Centaur-D | Intelsat 4 F2,Retired,,Success
5897,US Air Force,"SLC-4W, Vandenberg SFB, California, USA","Thu Jan 21, 1971 18:20 UTC",Titan III(23)B | KH-8 30 (Gambit-3 30),Retired,,Success
5898,RVSN USSR,"Site 31/6, Baikonur Cosmodrome, Kazakhstan","Thu Jan 21, 1971 08:40 UTC",Voskhod | Cosmos 392,Retired,,Success
5899,RVSN USSR,"Site 41/1, Plesetsk Cosmodrome, Russia","Wed Jan 20, 1971 11:24 UTC",Vostok-2M | Meteor n°18,Retired,,Success
5900,RVSN USSR,"Site 133/3, Plesetsk Cosmodrome, Russia","Thu Jan 14, 1971 12:00 UTC",Cosmos-2 (63SM) | Cosmos 391,Retired,,Success
5901,RVSN USSR,"Site 31/6, Baikonur Cosmodrome, Kazakhstan","Tue Jan 12, 1971 09:30 UTC",Voskhod | Cosmos 390,Retired,,Success
5902,RVSN USSR,"Site 1/5, Baikonur Cosmodrome, Kazakhstan","Fri Dec 25, 1970 03:50 UTC",Molniya-M/Block L | Molniya-1 n°22,Retired,,Success
5903,RVSN USSR,"Site 132/2, Plesetsk Cosmodrome, Russia","Tue Dec 22, 1970 21:30 UTC",Cosmos-3M | DS-P1-M #1,Retired,,Failure
5904,RVSN USSR,"Site 41/1, Plesetsk Cosmodrome, Russia","Fri Dec 18, 1970 16:15 UTC",Vostok-2M | Cosmos 389,Retired,,Success
5905,RVSN USSR,"Site 133/3, Plesetsk Cosmodrome, Russia","Fri Dec 18, 1970 09:39 UTC",Cosmos-2 (63SM) | Cosmos 388,Retired,,Success
5906,RVSN USSR,"Site 132/2, Plesetsk Cosmodrome, Russia","Wed Dec 16, 1970 04:29 UTC",Cosmos-3M | Cosmos 387,Retired,,Success
5907,RVSN USSR,"Site 31/6, Baikonur Cosmodrome, Kazakhstan","Tue Dec 15, 1970 10:00 UTC",Voskhod | Cosmos 386,Retired,,Success
5908,CNES,"ELD, Guiana Space Centre, French Guiana, France","Sat Dec 12, 1970 13:04 UTC",Diamant B | Péole,Retired,,Success
5909,RVSN USSR,"Site 132/2, Plesetsk Cosmodrome, Russia","Sat Dec 12, 1970 13:00 UTC",Cosmos-3M | Cosmos 385,Retired,,Success
5910,ASI,"SM Launch Tab, San Marco Launch Platform, Kenya","Sat Dec 12, 1970 10:53 UTC",Scout B | Explorer 42 (SAS-A),Retired,,Success
5911,US Air Force,"SLC-2W, Vandenberg SFB, California, USA","Fri Dec 11, 1970 11:35 UTC",Delta N6 | NOAA-1,Retired,,Success
5912,RVSN USSR,"Site 41/1, Plesetsk Cosmodrome, Russia","Thu Dec 10, 1970 11:10 UTC",Voskhod | Cosmos 384,Retired,,Success
5913,RVSN USSR,"Site 43/4, Plesetsk Cosmodrome, Russia","Thu Dec 03, 1970 13:55 UTC",Voskhod | Cosmos 383,Retired,,Success
5914,RVSN USSR,"Site 81/23, Baikonur Cosmodrome, Kazakhstan","Wed Dec 02, 1970 17:00 UTC",Proton-K/Block D | Cosmos 382,Retired,,Success
5915,RVSN USSR,"Site 132/2, Plesetsk Cosmodrome, Russia","Wed Dec 02, 1970 04:00 UTC",Cosmos-3M | Cosmos 381,Retired,,Success
5916,General Dynamics,"SLC-36B, Cape Canaveral SFS, Florida, USA","Mon Nov 30, 1970 22:40 UTC",Atlas-SLV3C Centaur-D | OAO-B,Retired,,Failure
5917,RVSN USSR,"Site 43/4, Plesetsk Cosmodrome, Russia","Fri Nov 27, 1970 15:47 UTC",Molniya-M/Block L | Molniya-1 n°23,Retired,,Success
5918,RVSN USSR,"Site 133/3, Plesetsk Cosmodrome, Russia","Tue Nov 24, 1970 10:59 UTC",Cosmos-2 (63SM) | Cosmos 380,Retired,,Success
5919,RVSN USSR,"Site 31/6, Baikonur Cosmodrome, Kazakhstan","Tue Nov 24, 1970 05:15 UTC",Soyuz L | Cosmos 379 (T2K lander),Retired,,Success
5920,US Air Force,"SLC-3W, Vandenberg SFB, California, USA","Wed Nov 18, 1970 21:28 UTC",Thorad SLV-2G Agena-D | KH-4B 12 (Corona 140) & Tophat 1,Retired,,Success
5921,RVSN USSR,"Site 132/2, Plesetsk Cosmodrome, Russia","Tue Nov 17, 1970 18:20 UTC",Cosmos-3M | Cosmos 378,Retired,,Success
5922,RVSN USSR,"Site 31/6, Baikonur Cosmodrome, Kazakhstan","Wed Nov 11, 1970 09:20 UTC",Voskhod | Cosmos 377,Retired,,Success
5923,RVSN USSR,"Site 81/23, Baikonur Cosmodrome, Kazakhstan","Tue Nov 10, 1970 14:44 UTC",Proton-K/Block D | Luna 17,Retired,,Success
5924,NASA,"LA-3, Wallops Flight Facility, Virginia, USA","Mon Nov 09, 1970 06:00 UTC",Scout B | OFO 1 & RM 1,Retired,,Success
5925,Martin Marietta,"SLC-40, Cape Canaveral SFS, Florida, USA","Fri Nov 06, 1970 10:35 UTC",Titan III(23)C | DSP-1,Retired,,Partial Failure
5926,RVSN USSR,"Site 43/4, Plesetsk Cosmodrome, Russia","Fri Oct 30, 1970 13:20 UTC",Voskhod | Cosmos 376,Retired,,Success
5927,RVSN USSR,"Site 90/20, Baikonur Cosmodrome, Kazakhstan","Fri Oct 30, 1970 02:36 UTC",Tsyklon-2 | Cosmos 375,Retired,,Success
5928,US Air Force,"SLC-4W, Vandenberg SFB, California, USA","Fri Oct 23, 1970 17:40 UTC",Titan III(23)B | KH-8 29 (Gambit-3 29),Retired,,Success
5929,RVSN USSR,"Site 90/20, Baikonur Cosmodrome, Kazakhstan","Fri Oct 23, 1970 04:42 UTC",Tsyklon-2 | Cosmos 374,Retired,,Success
5930,RVSN USSR,"Site 81/23, Baikonur Cosmodrome, Kazakhstan","Tue Oct 20, 1970 19:55 UTC",Proton-K/Block D | Zond 8,Retired,,Success
5931,RVSN USSR,"Site 90/19, Baikonur Cosmodrome, Kazakhstan","Tue Oct 20, 1970 05:38 UTC",Tsyklon-2 | Cosmos 373,Retired,,Success
5932,RVSN USSR,"Site 132/1, Plesetsk Cosmodrome, Russia","Fri Oct 16, 1970 14:59 UTC",Cosmos-3M | Cosmos 372,Retired,,Success
5933,RVSN USSR,"Site 41/1, Plesetsk Cosmodrome, Russia","Thu Oct 15, 1970 11:22 UTC",Vostok-2M | Meteor n°17,Retired,,Success
5934,RVSN USSR,"Site 133/3, Plesetsk Cosmodrome, Russia","Wed Oct 14, 1970 11:29 UTC",Cosmos-2 (63SM) | Intercosmos 4,Retired,,Success
5935,RVSN USSR,"Site 132/1, Plesetsk Cosmodrome, Russia","Mon Oct 12, 1970 13:57 UTC",Cosmos-3M | Cosmos 371,Retired,,Success
5936,RVSN USSR,"Site 1/5, Baikonur Cosmodrome, Kazakhstan","Fri Oct 09, 1970 11:04 UTC",Voskhod | Cosmos 370,Retired,,Success
5937,RVSN USSR,"Site 133/3, Plesetsk Cosmodrome, Russia","Thu Oct 08, 1970 15:10 UTC",Cosmos-2 (63SM) | Cosmos 369,Retired,,Success
5938,RVSN USSR,"Site 31/6, Baikonur Cosmodrome, Kazakhstan","Thu Oct 08, 1970 12:39 UTC",Voskhod | Cosmos 368,Retired,,Success
5939,RVSN USSR,"Site 90/19, Baikonur Cosmodrome, Kazakhstan","Sat Oct 03, 1970 10:26 UTC",Tsyklon-2 | Cosmos 367,Retired,,Success
5940,RVSN USSR,"Site 1/5, Baikonur Cosmodrome, Kazakhstan","Thu Oct 01, 1970 08:20 UTC",Voskhod | Cosmos 366,Retired,,Success
5941,RVSN USSR,"Site 43/4, Plesetsk Cosmodrome, Russia","Tue Sep 29, 1970 08:14 UTC",Molniya-M/Block L | Molniya-1 n°19,Retired,,Success
5942,RVSN USSR,"Site 161/35, Baikonur Cosmodrome, Kazakhstan","Fri Sep 25, 1970 14:05 UTC",R-36 Orb | Cosmos 365,Retired,,Success
5943,ISAS,"Mu Pad, Uchinoura Space Center, Japan","Fri Sep 25, 1970 05:00 UTC",Mu-IV S | SS 1,Retired,,Failure
5944,RVSN USSR,"Site 41/1, Plesetsk Cosmodrome, Russia","Tue Sep 22, 1970 13:00 UTC",Voskhod | Cosmos 364,Retired,,Success
5945,RVSN USSR,"Site 31/6, Baikonur Cosmodrome, Kazakhstan","Thu Sep 17, 1970 08:10 UTC",Voskhod | Cosmos 363,Retired,,Success
5946,RVSN USSR,"Site 133/3, Plesetsk Cosmodrome, Russia","Wed Sep 16, 1970 11:59 UTC",Cosmos-2 (63SM) | Cosmos 362,Retired,,Success
5947,RVSN USSR,"Site 81/23, Baikonur Cosmodrome, Kazakhstan","Sat Sep 12, 1970 13:25 UTC",Proton-K/Block D | Luna 16,Retired,,Success
5948,RVSN USSR,"Site 41/1, Plesetsk Cosmodrome, Russia","Tue Sep 08, 1970 10:30 UTC",Voskhod | Cosmos 361,Retired,,Success
5949,US Air Force,"SLC-10W (75-2-6), Vandenberg SFB, California, USA","Thu Sep 03, 1970 08:39 UTC",Thor LV2D Burner-2 | DSAP-5A F2,Retired,,Success
5950,RAE,"LA-5B, RAAF Woomera Range Complex, Australia","Wed Sep 02, 1970 00:34 UTC",Black Arrow | Orba,Retired,,Failure
5951,General Dynamics,"LC-13, Cape Canaveral SFS, Florida, USA","Tue Sep 01, 1970 01:00 UTC",Atlas-SLV3A Agena-D | AFP-827 (Canyon-3),Retired,,Success
5952,RVSN USSR,"Site 31/6, Baikonur Cosmodrome, Kazakhstan","Sat Aug 29, 1970 08:30 UTC",Voskhod | Cosmos 360,Retired,,Success
5953,US Air Force,"SLC-5, Vandenberg SFB, California, USA","Thu Aug 27, 1970 13:23 UTC",Scout A | Transit-O 19,Retired,,Success
5954,US Air Force,"SLC-1W (75-3-4), Vandenberg SFB, California, USA","Wed Aug 26, 1970 10:01 UTC",Thorad SLV-2G Agena-D | Ferret 15,Retired,,Success
5955,RVSN USSR,"Site 31/6, Baikonur Cosmodrome, Kazakhstan","Sat Aug 22, 1970 05:06 UTC",Molniya-M/Block NVL | Cosmos 359,Retired,,Partial Failure
5956,RVSN USSR,"Site 132/1, Plesetsk Cosmodrome, Russia","Thu Aug 20, 1970 14:30 UTC",Cosmos-3M | Cosmos 358,Retired,,Partial Failure
5957,RVSN USSR,"Site 133/3, Plesetsk Cosmodrome, Russia","Wed Aug 19, 1970 14:59 UTC",Cosmos-2 (63SM) | Cosmos 357,Retired,,Success
5958,US Air Force,"SLC-17A, Cape Canaveral SFS, Florida, USA","Wed Aug 19, 1970 12:11 UTC",Delta M | Skynet-1B,Retired,,Success
5959,US Air Force,"SLC-4W, Vandenberg SFB, California, USA","Tue Aug 18, 1970 14:45 UTC",Titan III(23)B | KH-8 28 (Gambit-3 28),Retired,,Success
5960,RVSN USSR,"Site 81/23, Baikonur Cosmodrome, Kazakhstan","Tue Aug 18, 1970 03:45 UTC",Proton-K | 82EV n°1,Retired,,Success
5961,RVSN USSR,"Site 31/6, Baikonur Cosmodrome, Kazakhstan","Mon Aug 17, 1970 05:38 UTC",Molniya-M/Block NVL | Venera 7,Retired,,Success
5962,RVSN USSR,"Site 133/3, Plesetsk Cosmodrome, Russia","Mon Aug 10, 1970 19:59 UTC",Cosmos-2 (63SM) | Cosmos 356,Retired,,Success
5963,RVSN USSR,"Site 43/4, Plesetsk Cosmodrome, Russia","Fri Aug 07, 1970 09:30 UTC",Voskhod | Cosmos 355,Retired,,Success
5964,RVSN USSR,"Site 86/1, Kapustin Yar, Russia","Fri Aug 07, 1970 02:59 UTC",Cosmos-2 (63SM) | Intercosmos 3,Retired,,Success
5965,RVSN USSR,"Site 86/1, Kapustin Yar, Russia","Fri Jul 31, 1970 02:00 UTC",K65M-RB5 | BOR-2 n°202,Retired,,Success
5966,RVSN USSR,"Site 191/66, Baikonur Cosmodrome, Kazakhstan","Tue Jul 28, 1970 22:00 UTC",R-36 Orb | Cosmos 354,Retired,,Success
5967,US Air Force,"SLC-17A, Cape Canaveral SFS, Florida, USA","Thu Jul 23, 1970 23:23 UTC",Delta M | Intelsat 3-8,Retired,,Success
5968,US Air Force,"SLC-3W, Vandenberg SFB, California, USA","Thu Jul 23, 1970 01:25 UTC",Thorad SLV-2G Agena-D | KH-4B 11 (Corona 139),Retired,,Success
5969,RVSN USSR,"Site 43/4, Plesetsk Cosmodrome, Russia","Tue Jul 21, 1970 12:30 UTC",Voskhod | Zenit-4 n°75,Retired,,Failure
5970,RVSN USSR,"Site 41/1, Plesetsk Cosmodrome, Russia","Thu Jul 09, 1970 13:35 UTC",Voskhod | Cosmos 353,Retired,,Success
5971,RVSN USSR,"Site 31/6, Baikonur Cosmodrome, Kazakhstan","Tue Jul 07, 1970 10:30 UTC",Voskhod | Cosmos 352,Retired,,Success
5972,RVSN USSR,"Site 132/2, Plesetsk Cosmodrome, Russia","Sat Jun 27, 1970 16:39 UTC",Cosmos-3M | Strela-2M satellite,Retired,,Failure
5973,RVSN USSR,"Site 133/3, Plesetsk Cosmodrome, Russia","Sat Jun 27, 1970 07:39 UTC",Cosmos-2 (63SM) | Cosmos 351,Retired,,Success
5974,RVSN USSR,"Site 31/6, Baikonur Cosmodrome, Kazakhstan","Fri Jun 26, 1970 12:00 UTC",Voskhod | Cosmos 350,Retired,,Success
5975,RVSN USSR,"Site 43/4, Plesetsk Cosmodrome, Russia","Fri Jun 26, 1970 03:23 UTC",Molniya-M/Block L | Molniya-1 n°21,Retired,,Success
5976,US Air Force,"SLC-4W, Vandenberg SFB, California, USA","Thu Jun 25, 1970 14:50 UTC",Titan III(23)B | KH-8 27 (Gambit-3 27),Retired,,Success
5977,RVSN USSR,"Site 41/1, Plesetsk Cosmodrome, Russia","Tue Jun 23, 1970 14:15 UTC",Vostok-2M | Meteor n°16,Retired,,Success
5978,General Dynamics,"LC-13, Cape Canaveral SFS, Florida, USA","Fri Jun 19, 1970 11:37 UTC",Atlas-SLV3A Agena-D | AFP-720 (Rhyolite-1),Retired,,Success
5979,RVSN USSR,"Site 43/4, Plesetsk Cosmodrome, Russia","Wed Jun 17, 1970 12:59 UTC",Voskhod | Cosmos 349,Retired,,Success
5980,RVSN USSR,"Site 133/3, Plesetsk Cosmodrome, Russia","Sat Jun 13, 1970 04:59 UTC",Cosmos-2 (63SM) | Cosmos 348,Retired,,Success
5981,RVSN USSR,"Site 86/1, Kapustin Yar, Russia","Fri Jun 12, 1970 09:30 UTC",Cosmos-2 (63SM) | Cosmos 347,Retired,,Success
5982,CECLES,"LA-6A, RAAF Woomera Range Complex, Australia","Fri Jun 12, 1970 01:10 UTC",Europa 1 | STV-3,Retired,,Failure
5983,RVSN USSR,"Site 31/6, Baikonur Cosmodrome, Kazakhstan","Wed Jun 10, 1970 09:30 UTC",Voskhod | Cosmos 346,Retired,,Success
5984,RVSN USSR,"Site 31/6, Baikonur Cosmodrome, Kazakhstan","Mon Jun 01, 1970 19:00 UTC",Soyuz | Soyuz 9,Retired,,Success
5985,RVSN USSR,"Site 133/3, Plesetsk Cosmodrome, Russia","Fri May 22, 1970 12:39 UTC",Cosmos-2 (63SM) | DS-P1-You #36,Retired,,Failure
5986,US Air Force,"SLC-3W, Vandenberg SFB, California, USA","Wed May 20, 1970 21:35 UTC",Thorad SLV-2G Agena-D | KH-4B 10 (Corona 138) & Tripos 4,Retired,,Success
5987,RVSN USSR,"Site 31/6, Baikonur Cosmodrome, Kazakhstan","Wed May 20, 1970 09:20 UTC",Voskhod | Cosmos 345,Retired,,Success
5988,RVSN USSR,"Site 41/1, Plesetsk Cosmodrome, Russia","Tue May 12, 1970 10:10 UTC",Voskhod | Cosmos 344,Retired,,Success
5989,RVSN USSR,"Site 41/1, Plesetsk Cosmodrome, Russia","Tue Apr 28, 1970 10:50 UTC",Vostok-2M | Meteor n°15,Retired,,Success
5990,RVSN USSR,"Site 132/2, Plesetsk Cosmodrome, Russia","Sat Apr 25, 1970 17:09 UTC",Cosmos-3M | Cosmos 336 to 343,Retired,,Success
5991,RVSN USSR,"Site 86/1, Kapustin Yar, Russia","Fri Apr 24, 1970 22:24 UTC",Cosmos-2 (63SM) | Cosmos 335,Retired,,Success
5992,MASI,"Site 5020 (LA-2A), Jiuquan Satellite Launch Center, China","Fri Apr 24, 1970 13:35 UTC",Long March 1 | Dong Fang Hong 1,Retired,,Success
5993,RVSN USSR,"Site 133/3, Plesetsk Cosmodrome, Russia","Thu Apr 23, 1970 13:20 UTC",Cosmos-2 (63SM) | Cosmos 334,Retired,,Success
5994,US Air Force,"SLC-17A, Cape Canaveral SFS, Florida, USA","Thu Apr 23, 1970 00:46 UTC",Delta M | Intelsat 3-7,Retired,,Success
5995,US Air Force,"SLC-4W, Vandenberg SFB, California, USA","Wed Apr 15, 1970 15:52 UTC",Titan III(23)B | KH-8 26 (Gambit-3 26),Retired,,Success
5996,RVSN USSR,"Site 41/1, Plesetsk Cosmodrome, Russia","Wed Apr 15, 1970 09:00 UTC",Voskhod | Cosmos 333,Retired,,Success
5997,NASA,"LC-39A, Kennedy Space Center, Florida, USA","Sat Apr 11, 1970 19:13 UTC",Saturn V | Apollo 13,Retired,,Success
5998,RVSN USSR,"Site 132/2, Plesetsk Cosmodrome, Russia","Sat Apr 11, 1970 17:00 UTC",Cosmos-3M | Cosmos 332,Retired,,Success
5999,Martin Marietta,"SLC-40, Cape Canaveral SFS, Florida, USA","Wed Apr 08, 1970 10:50 UTC",Titan IIIC | Vela 6A/6B,Retired,,Success
6000,RVSN USSR,"Site 31/6, Baikonur Cosmodrome, Kazakhstan","Wed Apr 08, 1970 10:15 UTC",Voskhod | Cosmos 331,Retired,,Success
6001,US Air Force,"SLC-2E (75-1-1), Vandenberg SFB, California, USA","Wed Apr 08, 1970 08:17 UTC",Thorad SLV-2G Agena-D | Nimbus 4 & TOPO 1,Retired,,Success
6002,RVSN USSR,"Site 132/2, Plesetsk Cosmodrome, Russia","Tue Apr 07, 1970 11:10 UTC",Cosmos-3M | Cosmos 330,Retired,,Success
6003,RVSN USSR,"Site 43/4, Plesetsk Cosmodrome, Russia","Fri Apr 03, 1970 08:30 UTC",Voskhod | Cosmos 329,Retired,,Success
6004,RVSN USSR,"Site 41/1, Plesetsk Cosmodrome, Russia","Fri Mar 27, 1970 11:45 UTC",Voskhod | Cosmos 328,Retired,,Success
6005,US Air Force,"SLC-17A, Cape Canaveral SFS, Florida, USA","Fri Mar 20, 1970 23:52 UTC",Delta M | NATO 1,Retired,,Success
6006,RVSN USSR,"Site 133/3, Plesetsk Cosmodrome, Russia","Wed Mar 18, 1970 14:39 UTC",Cosmos-2 (63SM) | Cosmos 327,Retired,,Success
6007,RVSN USSR,"Site 41/1, Plesetsk Cosmodrome, Russia","Tue Mar 17, 1970 11:10 UTC",Vostok-2M | Meteor n°14,Retired,,Partial Failure
6008,RVSN USSR,"Site 43/4, Plesetsk Cosmodrome, Russia","Fri Mar 13, 1970 08:00 UTC",Voskhod | Cosmos 326,Retired,,Success
6009,CNES,"ELD, Guiana Space Centre, French Guiana, France","Tue Mar 10, 1970 12:20 UTC",Diamant B | WIKA & MIKA,Retired,,Success
6010,US Air Force,"SLC-3W, Vandenberg SFB, California, USA","Wed Mar 04, 1970 22:15 UTC",Thorad SLV-2G Agena-D | KH-4B 9 (Corona 137) & Tivoli 3,Retired,,Success
6011,RVSN USSR,"Site 43/4, Plesetsk Cosmodrome, Russia","Wed Mar 04, 1970 12:14 UTC",Voskhod | Cosmos 325,Retired,,Success
6012,RVSN USSR,"Site 133/3, Plesetsk Cosmodrome, Russia","Fri Feb 27, 1970 17:24 UTC",Cosmos-2 (63SM) | Cosmos 324,Retired,,Success
6013,RVSN USSR,"Site 43/4, Plesetsk Cosmodrome, Russia","Thu Feb 19, 1970 18:57 UTC",Molniya-M/Block L | Molniya-1 n°17,Retired,,Success
6014,US Air Force,"SLC-10W (75-2-6), Vandenberg SFB, California, USA","Wed Feb 11, 1970 08:40 UTC",Thor LV2D Burner-2 | DSAP-5A F1,Retired,,Success
6015,UT,"Lambda Pad, Uchinoura Space Center, Japan","Wed Feb 11, 1970 04:25 UTC",Lambda-IV S | Ōsumi,Retired,,Success
6016,RVSN USSR,"Site 41/1, Plesetsk Cosmodrome, Russia","Tue Feb 10, 1970 12:00 UTC",Voskhod | Cosmos 323,Retired,,Success
6017,RVSN USSR,"Site 81/23, Baikonur Cosmodrome, Kazakhstan","Fri Feb 06, 1970 04:16 UTC",Proton-K/Block D | Ye-8-5 n°405,Retired,,Failure
6018,US Air Force,"SLC-2E (75-1-1), Vandenberg SFB, California, USA","Wed Feb 04, 1970 02:59 UTC",Thorad SLV-2G Agena-D | SERT 2,Retired,,Success
6019,RVSN USSR,"Site 133/3, Plesetsk Cosmodrome, Russia","Fri Jan 30, 1970 15:40 UTC",Cosmos-2 (63SM) | DS-P1-I #6,Retired,,Failure
6020,US Air Force,"SLC-2W, Vandenberg SFB, California, USA","Fri Jan 23, 1970 11:31 UTC",Delta N6 | ITOS 1 & Oscar 5,Retired,,Success
6021,RVSN USSR,"Site 41/1, Plesetsk Cosmodrome, Russia","Wed Jan 21, 1970 12:00 UTC",Voskhod | Cosmos 322,Retired,,Success
6022,RVSN USSR,"Site 133/3, Plesetsk Cosmodrome, Russia","Tue Jan 20, 1970 20:20 UTC",Cosmos-2 (63SM) | Cosmos 321,Retired,,Success
6023,RVSN USSR,"Site 86/1, Kapustin Yar, Russia","Fri Jan 16, 1970 10:59 UTC",Cosmos-2 (63SM) | Cosmos 320,Retired,,Success
6024,RVSN USSR,"Site 133/3, Plesetsk Cosmodrome, Russia","Thu Jan 15, 1970 13:39 UTC",Cosmos-2 (63SM) | Cosmos 319,Retired,,Success
6025,US Air Force,"SLC-17A, Cape Canaveral SFS, Florida, USA","Thu Jan 15, 1970 00:16 UTC",Delta M | Intelsat 3-6,Retired,,Success
6026,US Air Force,"SLC-4W, Vandenberg SFB, California, USA","Wed Jan 14, 1970 18:43 UTC",Titan III(23)B | KH-8 25 (Gambit-3 25),Retired,,Success
6027,RVSN USSR,"Site 31/6, Baikonur Cosmodrome, Kazakhstan","Fri Jan 09, 1970 09:20 UTC",Voskhod | Cosmos 318,Retired,,Success
6028,RVSN USSR,"Site 132/1, Plesetsk Cosmodrome, Russia","Sat Dec 27, 1969 14:20 UTC",Cosmos-3M | Ionosfernaya #1,Retired,,Failure
6029,RVSN USSR,"Site 86/1, Kapustin Yar, Russia","Thu Dec 25, 1969 09:59 UTC",Cosmos-2 (63SM) | Intercosmos 2,Retired,,Success
6030,RVSN USSR,"Site 41/1, Plesetsk Cosmodrome, Russia","Tue Dec 23, 1969 13:50 UTC",Voskhod | Cosmos 317,Retired,,Success
6031,RVSN USSR,"Site 90/20, Baikonur Cosmodrome, Kazakhstan","Tue Dec 23, 1969 09:25 UTC",Tsyklon-2 | Cosmos 316,Retired,,Success
6032,RVSN USSR,"Site 132/1, Plesetsk Cosmodrome, Russia","Sat Dec 20, 1969 03:26 UTC",Cosmos-3M | Cosmos 315,Retired,,Success
6033,RVSN USSR,"Site 133/3, Plesetsk Cosmodrome, Russia","Thu Dec 11, 1969 12:58 UTC",Cosmos-2 (63SM) | Cosmos 314,Retired,,Success
6034,US Air Force,"SLC-3W, Vandenberg SFB, California, USA","Thu Dec 04, 1969 21:38 UTC",Thorad SLV-2G Agena-D | KH-4B 8 (Corona 136),Retired,,Success
6035,RVSN USSR,"Site 43/4, Plesetsk Cosmodrome, Russia","Wed Dec 03, 1969 13:20 UTC",Voskhod | Cosmos 313,Retired,,Success
6036,RVSN USSR,"Site 81/23, Baikonur Cosmodrome, Kazakhstan","Fri Nov 28, 1969 09:00 UTC",Proton-K/Block D | L1E n°1,Retired,,Failure
6037,RVSN USSR,"Site 132/1, Plesetsk Cosmodrome, Russia","Mon Nov 24, 1969 16:49 UTC",Cosmos-3M | Cosmos 312,Retired,,Success
6038,RVSN USSR,"Site 133/3, Plesetsk Cosmodrome, Russia","Mon Nov 24, 1969 11:00 UTC",Cosmos-2 (63SM) | Cosmos 311,Retired,,Success
6039,US Air Force,"SLC-17A, Cape Canaveral SFS, Florida, USA","Sat Nov 22, 1969 00:37 UTC",Delta M | Skynet 1A,Retired,,Success
6040,RVSN USSR,"Site 31/6, Baikonur Cosmodrome, Kazakhstan","Sat Nov 15, 1969 08:30 UTC",Voskhod | Cosmos 310,Retired,,Success
6041,NASA,"LC-39A, Kennedy Space Center, Florida, USA","Fri Nov 14, 1969 16:22 UTC",Saturn V | Apollo 12,Retired,,Success
6042,RVSN USSR,"Site 41/1, Plesetsk Cosmodrome, Russia","Wed Nov 12, 1969 11:30 UTC",Voskhod | Cosmos 309,Retired,,Success
6043,US Air Force,"SLC-5, Vandenberg SFB, California, USA","Sat Nov 08, 1969 01:52 UTC",Scout B | Azur,Retired,,Success
6044,RVSN USSR,"Site 133/3, Plesetsk Cosmodrome, Russia","Tue Nov 04, 1969 11:59 UTC",Cosmos-2 (63SM) | Cosmos 308,Retired,,Success
6045,RVSN USSR,"Site 90/20, Baikonur Cosmodrome, Kazakhstan","Sat Nov 01, 1969 10:59 UTC",Tsyklon-2 | IS Mockup,Retired,,Success
6046,US Air Force,"SLC-4W, Vandenberg SFB, California, USA","Fri Oct 24, 1969 18:10 UTC",Titan III(23)B | KH-8 24 (Gambit-3 24),Retired,,Success
6047,RVSN USSR,"Site 86/1, Kapustin Yar, Russia","Fri Oct 24, 1969 13:01 UTC",Cosmos-2 (63SM) | Cosmos 307,Retired,,Success
6048,RVSN USSR,"Site 1/5, Baikonur Cosmodrome, Kazakhstan","Fri Oct 24, 1969 09:40 UTC",Voskhod | Cosmos 306,Retired,,Success
6049,RVSN USSR,"Site 81/24, Baikonur Cosmodrome, Kazakhstan","Wed Oct 22, 1969 14:09 UTC",Proton-K/Block D | Cosmos 305,Retired,,Success
6050,RVSN USSR,"Site 132/1, Plesetsk Cosmodrome, Russia","Tue Oct 21, 1969 12:49 UTC",Cosmos-3M | Cosmos 304,Retired,,Success
6051,RVSN USSR,"Site 133/3, Plesetsk Cosmodrome, Russia","Sat Oct 18, 1969 10:00 UTC",Cosmos-2 (63SM) | Cosmos 303,Retired,,Success
6052,RVSN USSR,"Site 41/1, Plesetsk Cosmodrome, Russia","Fri Oct 17, 1969 11:45 UTC",Voskhod | Cosmos 302,Retired,,Success
6053,RVSN USSR,"Site 86/1, Kapustin Yar, Russia","Tue Oct 14, 1969 13:19 UTC",Cosmos-2 (63SM) | Intercosmos 1,Retired,,Success
6054,RVSN USSR,"Site 31/6, Baikonur Cosmodrome, Kazakhstan","Mon Oct 13, 1969 10:19 UTC",Soyuz | Soyuz 8,Retired,,Success
6055,RVSN USSR,"Site 1/5, Baikonur Cosmodrome, Kazakhstan","Sun Oct 12, 1969 10:44 UTC",Soyuz | Soyuz 7,Retired,,Success
6056,RVSN USSR,"Site 31/6, Baikonur Cosmodrome, Kazakhstan","Sat Oct 11, 1969 11:10 UTC",Soyuz | Soyuz 6,Retired,,Success
6057,RVSN USSR,"Site 41/1, Plesetsk Cosmodrome, Russia","Mon Oct 06, 1969 01:45 UTC",Vostok-2M | Meteor n°13,Retired,,Success
6058,US Air Force,"SLC-5, Vandenberg SFB, California, USA","Wed Oct 01, 1969 22:29 UTC",Scout B | ESRO 1B,Retired,,Partial Failure
6059,US Air Force,"SLC-1W (75-3-4), Vandenberg SFB, California, USA","Tue Sep 30, 1969 13:40 UTC",Thorad SLV-2G Agena-D | EHH B-17 & Others,Retired,,Success
6060,RVSN USSR,"Site 41/1, Plesetsk Cosmodrome, Russia","Wed Sep 24, 1969 12:15 UTC",Voskhod | Cosmos 301,Retired,,Success
6061,RVSN USSR,"Site 81/24, Baikonur Cosmodrome, Kazakhstan","Tue Sep 23, 1969 14:07 UTC",Proton-K/Block D | Cosmos 300,Retired,,Failure
6062,US Air Force,"SLC-3W, Vandenberg SFB, California, USA","Mon Sep 22, 1969 21:11 UTC",Thorad SLV-2G Agena-D | KH-4A 52 (Corona 135) & Savant 2,Retired,,Success
6063,UT,"Lambda Pad, Uchinoura Space Center, Japan","Mon Sep 22, 1969 02:10 UTC",Lambda-IV S | Ōsumi,Retired,,Failure
6064,RVSN USSR,"Site 31/6, Baikonur Cosmodrome, Kazakhstan","Thu Sep 18, 1969 08:40 UTC",Voskhod | Cosmos 299,Retired,,Success
6065,RVSN USSR,"Site 191/66, Baikonur Cosmodrome, Kazakhstan","Mon Sep 15, 1969 16:00 UTC",R-36 Orb | Cosmos 298,Retired,,Success
6066,RVSN USSR,"Site 41/1, Plesetsk Cosmodrome, Russia","Tue Sep 02, 1969 11:00 UTC",Voskhod | Cosmos 297,Retired,,Success
6067,RVSN USSR,"Site 31/6, Baikonur Cosmodrome, Kazakhstan","Fri Aug 29, 1969 09:05 UTC",Voskhod | Cosmos 296,Retired,,Success
6068,US Air Force,"SLC-17A, Cape Canaveral SFS, Florida, USA","Wed Aug 27, 1969 21:59 UTC",Delta L | Pioneer E & TTS-3,Retired,,Failure
6069,US Air Force,"SLC-4W, Vandenberg SFB, California, USA","Sat Aug 23, 1969 16:00 UTC",Titan III(23)B | KH-8 23 (Gambit-3 23),Retired,,Success
6070,RVSN USSR,"Site 133/3, Plesetsk Cosmodrome, Russia","Fri Aug 22, 1969 14:14 UTC",Cosmos-2 (63SM) | Cosmos 295,Retired,,Success
6071,RVSN USSR,"Site 41/1, Plesetsk Cosmodrome, Russia","Tue Aug 19, 1969 13:00 UTC",Voskhod | Cosmos 294,Retired,,Success
6072,RVSN USSR,"Site 31/6, Baikonur Cosmodrome, Kazakhstan","Sat Aug 16, 1969 11:59 UTC",Voskhod | Cosmos 293,Retired,,Success
6073,RVSN USSR,"Site 132/2, Plesetsk Cosmodrome, Russia","Wed Aug 13, 1969 22:00 UTC",Cosmos-3M | Cosmos 292,Retired,,Success
6074,General Dynamics,"SLC-36A, Cape Canaveral SFS, Florida, USA","Tue Aug 12, 1969 11:01 UTC",Atlas-SLV3C Centaur-D | ATS-5,Retired,,Success
6075,US Air Force,"SLC-17A, Cape Canaveral SFS, Florida, USA","Sat Aug 09, 1969 07:52 UTC",Delta N | OSO-6 & PAC-1,Retired,,Success
6076,RVSN USSR,"Site 81/23, Baikonur Cosmodrome, Kazakhstan","Thu Aug 07, 1969 23:48 UTC",Proton-K/Block D | Zond 7,Retired,,Success
6077,RVSN USSR,"Site 90/19, Baikonur Cosmodrome, Kazakhstan","Wed Aug 06, 1969 05:40 UTC",Tsyklon-2 | Cosmos 291,Retired,,Success
6078,US Air Force,"SLC-1W (75-3-4), Vandenberg SFB, California, USA","Thu Jul 31, 1969 10:19 UTC",Thorad SLV-2G Agena-D | Ferret 14,Retired,,Success
6079,US Air Force,"SLC-17A, Cape Canaveral SFS, Florida, USA","Sat Jul 26, 1969 02:06 UTC",Delta M | Intelsat 3-5,Retired,,Failure
6080,US Air Force,"SLC-3W, Vandenberg SFB, California, USA","Thu Jul 24, 1969 01:30 UTC",Thorad SLV-2G Agena-D | KH-4B 7 (Corona 134),Retired,,Success
6081,RVSN USSR,"Site 133/3, Plesetsk Cosmodrome, Russia","Wed Jul 23, 1969 09:00 UTC",Cosmos-2 (63SM) | DS-P1-You #23,Retired,,Failure
6082,US Air Force,"SLC-10W (75-2-6), Vandenberg SFB, California, USA","Wed Jul 23, 1969 04:39 UTC",Thor LV2D Burner-2 | DSAP-4B F3,Retired,,Success
6083,RVSN USSR,"Site 1/5, Baikonur Cosmodrome, Kazakhstan","Tue Jul 22, 1969 12:55 UTC",Molniya-M/Block L | Molniya-1 n°18,Retired,,Success
6084,RVSN USSR,"Site 41/1, Plesetsk Cosmodrome, Russia","Tue Jul 22, 1969 12:30 UTC",Voskhod | Cosmos 290,Retired,,Success
6085,NASA,"LC-39A, Kennedy Space Center, Florida, USA","Wed Jul 16, 1969 13:32 UTC",Saturn V | Apollo 11,Retired,,Success
6086,RVSN USSR,"Site 81/24, Baikonur Cosmodrome, Kazakhstan","Sun Jul 13, 1969 02:54 UTC",Proton-K/Block D | Luna 15,Retired,,Success
6087,RVSN USSR,"Site 41/1, Plesetsk Cosmodrome, Russia","Thu Jul 10, 1969 09:00 UTC",Voskhod | Cosmos 289,Retired,,Success
6088,RVSN USSR,"Site 110/38, Baikonur Cosmodrome, Kazakhstan","Thu Jul 03, 1969 20:18 UTC",N-1 L3 | L1S n°2 & LK n°2,Retired,,Failure
6089,CECLES,"LA-6A, RAAF Woomera Range Complex, Australia","Wed Jul 02, 1969 22:55 UTC",Europa 1 | STV-2,Retired,,Failure
6090,US Air Force,"SLC-17A, Cape Canaveral SFS, Florida, USA","Sun Jun 29, 1969 03:15 UTC",Delta N | Biosatellite 3,Retired,,Success
6091,RVSN USSR,"Site 1/5, Baikonur Cosmodrome, Kazakhstan","Fri Jun 27, 1969 06:59 UTC",Voskhod | Cosmos 288,Retired,,Success
6092,RVSN USSR,"Site 31/6, Baikonur Cosmodrome, Kazakhstan","Tue Jun 24, 1969 06:50 UTC",Voskhod | Cosmos 287,Retired,,Success
6093,US Air Force,"SLC-2W, Vandenberg SFB, California, USA","Sat Jun 21, 1969 08:47 UTC",Delta E1 | Explorer 41 (IMP-G),Retired,,Success
6094,RVSN USSR,"Site 41/1, Plesetsk Cosmodrome, Russia","Sun Jun 15, 1969 08:59 UTC",Voskhod | Cosmos 286,Retired,,Success
6095,RVSN USSR,"Site 81/24, Baikonur Cosmodrome, Kazakhstan","Sat Jun 14, 1969 04:00 UTC",Proton-K/Block D | Ye-8-5 n°402,Retired,,Failure
6096,RVSN USSR,"Site 86/1, Kapustin Yar, Russia","Thu Jun 12, 1969 06:00 UTC",K65M-RB5 | BOR-2 n°201,Retired,,Success
6097,US Air Force,"SLC-2E (75-1-1), Vandenberg SFB, California, USA","Thu Jun 05, 1969 14:42 UTC",Thorad SLV-2G Agena-D | OGO-6,Retired,,Success
6098,US Air Force,"SLC-4W, Vandenberg SFB, California, USA","Tue Jun 03, 1969 16:49 UTC",Titan IIIB | KH-8 22 (Gambit-3 22),Retired,59.0,Success
6099,RVSN USSR,"Site 133/3, Plesetsk Cosmodrome, Russia","Tue Jun 03, 1969 12:57 UTC",Cosmos-2 (63SM) | Cosmos 285,Retired,,Success
6100,RVSN USSR,"Site 31/6, Baikonur Cosmodrome, Kazakhstan","Thu May 29, 1969 06:59 UTC",Voskhod | Cosmos 284,Retired,,Success
6101,RVSN USSR,"Site 133/3, Plesetsk Cosmodrome, Russia","Tue May 27, 1969 12:59 UTC",Cosmos-2 (63SM) | Cosmos 283,Retired,,Success
6102,Martin Marietta,"SLC-41, Cape Canaveral SFS, Florida, USA","Fri May 23, 1969 07:57 UTC","Titan IIIC | Vela 5A/5B, OV5-5, OV5-6, OV5-9",Retired,,Success
6103,US Air Force,"SLC-17A, Cape Canaveral SFS, Florida, USA","Thu May 22, 1969 02:00 UTC",Delta M | Intelsat 3-4,Retired,,Success
6104,RVSN USSR,"Site 41/1, Plesetsk Cosmodrome, Russia","Tue May 20, 1969 08:40 UTC",Voskhod | Cosmos 282,Retired,,Success
6105,NASA,"LC-39B, Kennedy Space Center, Florida, USA","Sun May 18, 1969 16:49 UTC",Saturn V | Apollo 10,Retired,,Success
6106,RVSN USSR,"Site 41/1, Plesetsk Cosmodrome, Russia","Tue May 13, 1969 09:15 UTC",Voskhod | Cosmos 281,Retired,,Partial Failure
6107,US Air Force,"SLC-3W, Vandenberg SFB, California, USA","Fri May 02, 1969 01:46 UTC",Thorad SLV-2G Agena-D | KH-4A 51 (Corona 133) & Lampan 2,Retired,,Success
6108,RVSN USSR,"Site 1/5, Baikonur Cosmodrome, Kazakhstan","Wed Apr 23, 1969 09:55 UTC",Voskhod | Cosmos 280,Retired,,Success
6109,US Air Force,"SLC-4W, Vandenberg SFB, California, USA","Tue Apr 15, 1969 17:30 UTC",Titan IIIB | KH-8 21 (Gambit-3 21),Retired,59.0,Success
6110,RVSN USSR,"Site 31/6, Baikonur Cosmodrome, Kazakhstan","Tue Apr 15, 1969 08:14 UTC",Voskhod | Cosmos 279,Retired,,Success
6111,US Air Force,"SLC-2E (75-1-1), Vandenberg SFB, California, USA","Mon Apr 14, 1969 07:54 UTC",Thorad SLV-2G Agena-D | Nimbus 3 & Secor 13,Retired,,Success
6112,General Dynamics,"LC-13, Cape Canaveral SFS, Florida, USA","Sun Apr 13, 1969 02:30 UTC",Atlas-SLV3A Agena-D | Canyon 2 (AFP-827),Retired,,Success
6113,RVSN USSR,"Site 1/5, Baikonur Cosmodrome, Kazakhstan","Fri Apr 11, 1969 02:30 UTC",Molniya-M/Block L | Molniya-1 n°16,Retired,,Success
6114,RVSN USSR,"Site 41/1, Plesetsk Cosmodrome, Russia","Wed Apr 09, 1969 13:00 UTC",Voskhod | Cosmos 278,Retired,,Success
6115,RVSN USSR,"Site 133/3, Plesetsk Cosmodrome, Russia","Fri Apr 04, 1969 13:00 UTC",Cosmos-2 (63SM) | Cosmos 277,Retired,,Success
6116,RVSN USSR,"Site 41/1, Plesetsk Cosmodrome, Russia","Fri Apr 04, 1969 10:20 UTC",Voskhod | Cosmos 276,Retired,,Success
6117,RVSN USSR,"Site 81/24, Baikonur Cosmodrome, Kazakhstan","Wed Apr 02, 1969 10:33 UTC",Proton-K/Block D | M-69 n°522,Retired,,Failure
6118,RVSN USSR,"Site 133/3, Plesetsk Cosmodrome, Russia","Fri Mar 28, 1969 16:00 UTC",Cosmos-2 (63SM) | Cosmos 275,Retired,,Success
6119,General Dynamics,"SLC-36A, Cape Canaveral SFS, Florida, USA","Thu Mar 27, 1969 22:22 UTC",Atlas-SLV3C Centaur-D | Mariner 7,Retired,,Success
6120,RVSN USSR,"Site 81/23, Baikonur Cosmodrome, Kazakhstan","Thu Mar 27, 1969 10:40 UTC",Proton-K/Block D | M-69 n°521,Retired,,Failure
6121,RVSN USSR,"Site 41/1, Plesetsk Cosmodrome, Russia","Wed Mar 26, 1969 12:30 UTC",Vostok-2M | Meteor n°12,Retired,,Failure
6122,RVSN USSR,"Site 31/6, Baikonur Cosmodrome, Kazakhstan","Mon Mar 24, 1969 10:10 UTC",Voskhod | Cosmos 274,Retired,,Success
6123,RVSN USSR,"Site 41/1, Plesetsk Cosmodrome, Russia","Sat Mar 22, 1969 12:15 UTC",Voskhod | Cosmos 273,Retired,,Success
6124,US Air Force,"SLC-3W, Vandenberg SFB, California, USA","Wed Mar 19, 1969 21:38 UTC",Thorad SLV-2G Agena-D | KH-4A 50 (Corona 132) & Tivoli 2,Retired,,Success
6125,General Dynamics,"LC-576A2, Vandenberg SFB, California, USA","Tue Mar 18, 1969 07:47 UTC",Atlas-E/F OV1 | OV1-17/OV1-18/OV1-19,Retired,,Success
6126,RVSN USSR,"Site 132/2, Plesetsk Cosmodrome, Russia","Mon Mar 17, 1969 16:40 UTC",Cosmos-3M | Cosmos 272,Retired,,Success
6127,RVSN USSR,"Site 41/1, Plesetsk Cosmodrome, Russia","Sat Mar 15, 1969 12:15 UTC",Voskhod | Cosmos 271,Retired,,Success
6128,RVSN USSR,"Site 41/1, Plesetsk Cosmodrome, Russia","Thu Mar 06, 1969 12:15 UTC",Voskhod | Cosmos 270,Retired,,Success
6129,RVSN USSR,"Site 132/2, Plesetsk Cosmodrome, Russia","Wed Mar 05, 1969 17:25 UTC",Cosmos-3M | Cosmos 269,Retired,,Success
6130,RVSN USSR,"Site 86/1, Kapustin Yar, Russia","Wed Mar 05, 1969 13:04 UTC",Cosmos-2 (63SM) | Cosmos 268,Retired,,Success
6131,US Air Force,"SLC-4W, Vandenberg SFB, California, USA","Tue Mar 04, 1969 19:30 UTC",Titan IIIB | KH-8 20 (Gambit-3 20),Retired,59.0,Success
6132,NASA,"LC-39A, Kennedy Space Center, Florida, USA","Mon Mar 03, 1969 16:00 UTC",Saturn V | Apollo 9,Retired,,Success
6133,RVSN USSR,"Site 31/6, Baikonur Cosmodrome, Kazakhstan","Wed Feb 26, 1969 08:30 UTC",Voskhod | Cosmos 267,Retired,,Success
6134,US Air Force,"SLC-17B, Cape Canaveral SFS, Florida, USA","Wed Feb 26, 1969 07:47 UTC",Delta E1 | ESSA-9,Retired,,Success
6135,RVSN USSR,"Site 41/1, Plesetsk Cosmodrome, Russia","Tue Feb 25, 1969 10:20 UTC",Voskhod | Cosmos 266,Retired,,Success
6136,General Dynamics,"SLC-36B, Cape Canaveral SFS, Florida, USA","Tue Feb 25, 1969 01:29 UTC",Atlas-SLV3C Centaur-D | Mariner 6,Retired,,Success
6137,RVSN USSR,"Site 110/38, Baikonur Cosmodrome, Kazakhstan","Fri Feb 21, 1969 09:18 UTC",N-1 L3 | L1S n°1 & LK n°1,Retired,,Failure
6138,RVSN USSR,"Site 81/24, Baikonur Cosmodrome, Kazakhstan","Wed Feb 19, 1969 06:48 UTC",Proton-K/Block D | Ye-8 n°201,Retired,,Failure
6139,Martin Marietta,"SLC-41, Cape Canaveral SFS, Florida, USA","Sun Feb 09, 1969 21:09 UTC",Titan IIIC | OPS-0757 (Tacsat),Retired,,Success
6140,RVSN USSR,"Site 133/3, Plesetsk Cosmodrome, Russia","Fri Feb 07, 1969 13:59 UTC",Cosmos-2 (63SM) | Cosmos 265,Retired,,Success
6141,US Air Force,"SLC-17A, Cape Canaveral SFS, Florida, USA","Thu Feb 06, 1969 00:39 UTC",Delta M | Intelsat 3-3,Retired,,Success
6142,US Air Force,"SLC-3W, Vandenberg SFB, California, USA","Wed Feb 05, 1969 21:59 UTC",Thorad SLV-2G Agena-D | KH-4B 6 (Corona 131) & P-801 2,Retired,,Success
6143,RVSN USSR,"Site 41/1, Plesetsk Cosmodrome, Russia","Sat Feb 01, 1969 12:11 UTC",Vostok-2M | Meteor n°11,Retired,,Failure
6144,US Air Force,"SLC-2E (75-1-1), Vandenberg SFB, California, USA","Thu Jan 30, 1969 06:46 UTC",Delta E1 | ISIS-I,Retired,,Success
6145,RVSN USSR,"Site 90/19, Baikonur Cosmodrome, Kazakhstan","Sat Jan 25, 1969 11:14 UTC",Tsyklon-2A | US-A n°05,Retired,,Failure
6146,RVSN USSR,"Site 1/5, Baikonur Cosmodrome, Kazakhstan","Thu Jan 23, 1969 09:15 UTC",Voskhod | Cosmos 264,Retired,,Success
6147,US Air Force,"SLC-4W, Vandenberg SFB, California, USA","Wed Jan 22, 1969 19:10 UTC",Titan IIIB | KH-8 19 (Gambit-3 19),Retired,59.0,Success
6148,US Air Force,"SLC-17B, Cape Canaveral SFS, Florida, USA","Wed Jan 22, 1969 16:48 UTC",Delta C1 | OSO-5,Retired,,Success
6149,RVSN USSR,"Site 81/23, Baikonur Cosmodrome, Kazakhstan","Mon Jan 20, 1969 04:14 UTC",Proton-K/Block D | L1 n°13,Retired,,Failure
6150,RVSN USSR,"Site 1/5, Baikonur Cosmodrome, Kazakhstan","Wed Jan 15, 1969 07:04 UTC",Soyuz | Soyuz 5,Retired,,Success
6151,RVSN USSR,"Site 31/6, Baikonur Cosmodrome, Kazakhstan","Tue Jan 14, 1969 07:30 UTC",Soyuz | Soyuz 4,Retired,,Success
6152,RVSN USSR,"Site 41/1, Plesetsk Cosmodrome, Russia","Sun Jan 12, 1969 12:10 UTC",Voskhod | Cosmos 263,Retired,,Success
6153,RVSN USSR,"Site 1/5, Baikonur Cosmodrome, Kazakhstan","Fri Jan 10, 1969 05:51 UTC",Molniya-M/Block VL | Venera 6,Retired,,Success
6154,RVSN USSR,"Site 1/5, Baikonur Cosmodrome, Kazakhstan","Sun Jan 05, 1969 06:28 UTC",Molniya-M/Block VL | Venera 5,Retired,,Success
6155,RVSN USSR,"Site 86/1, Kapustin Yar, Russia","Thu Dec 26, 1968 09:45 UTC",Cosmos-2 (63SM) | Cosmos 262,Retired,,Success
6156,NASA,"LC-39A, Kennedy Space Center, Florida, USA","Sat Dec 21, 1968 12:51 UTC",Saturn V | Apollo 8,Retired,,Success
6157,RVSN USSR,"Site 133/3, Plesetsk Cosmodrome, Russia","Thu Dec 19, 1968 23:55 UTC",Cosmos-2 (63SM) | Cosmos 261,Retired,,Success
6158,US Air Force,"SLC-17A, Cape Canaveral SFS, Florida, USA","Thu Dec 19, 1968 00:32 UTC",Delta M | Intelsat 3-2,Retired,,Success
6159,RVSN USSR,"Site 1/5, Baikonur Cosmodrome, Kazakhstan","Mon Dec 16, 1968 09:15 UTC",Molniya-M/Block L | Cosmos 260,Retired,,Success
6160,US Air Force,"SLC-2E (75-1-1), Vandenberg SFB, California, USA","Sun Dec 15, 1968 17:21 UTC",Delta N | ESSA-8,Retired,,Success
6161,RVSN USSR,"Site 86/1, Kapustin Yar, Russia","Sat Dec 14, 1968 05:09 UTC",Cosmos-2 (63SM) | Cosmos 259,Retired,,Success
6162,US Air Force,"SLC-3W, Vandenberg SFB, California, USA","Thu Dec 12, 1968 22:22 UTC",Thorad SLV-2G Agena-D | KH-4A 49 (Corona 130) & P-801 1,Retired,,Success
6163,RVSN USSR,"Site 31/6, Baikonur Cosmodrome, Kazakhstan","Tue Dec 10, 1968 08:25 UTC",Voskhod | Cosmos 258,Retired,,Success
6164,General Dynamics,"SLC-36B, Cape Canaveral SFS, Florida, USA","Sat Dec 07, 1968 08:40 UTC",Atlas-SLV3C Centaur-D | OAO-2,Retired,,Success
6165,US Air Force,"SLC-17B, Cape Canaveral SFS, Florida, USA","Thu Dec 05, 1968 18:55 UTC",Delta E1 | HEOS-A,Retired,,Success
6166,US Air Force,"SLC-4W, Vandenberg SFB, California, USA","Wed Dec 04, 1968 19:23 UTC",Titan IIIB | KH-8 18 (Gambit-3 18),Retired,59.0,Success
6167,RVSN USSR,"Site 133/3, Plesetsk Cosmodrome, Russia","Tue Dec 03, 1968 14:52 UTC",Cosmos-2 (63SM) | Cosmos 257,Retired,,Success
6168,RVSN USSR,"Site 132/2, Plesetsk Cosmodrome, Russia","Sat Nov 30, 1968 12:00 UTC",Cosmos-3M | Cosmos 256,Retired,,Success
6169,CECLES,"LA-6A, RAAF Woomera Range Complex, Australia","Fri Nov 29, 1968 23:12 UTC",Europa 1 | STV-1,Retired,,Failure
6170,RVSN USSR,"Site 41/1, Plesetsk Cosmodrome, Russia","Fri Nov 29, 1968 12:40 UTC",Voskhod | Cosmos 255,Retired,,Success
6171,RVSN USSR,"Site 41/1, Plesetsk Cosmodrome, Russia","Thu Nov 21, 1968 12:10 UTC",Voskhod | Cosmos 254,Retired,,Success
6172,RVSN USSR,"Site 81/24, Baikonur Cosmodrome, Kazakhstan","Sat Nov 16, 1968 11:40 UTC",Proton-K | Proton 4,Retired,,Success
6173,RVSN USSR,"Site 41/1, Plesetsk Cosmodrome, Russia","Wed Nov 13, 1968 12:00 UTC",Voskhod | Cosmos 253,Retired,,Success
6174,RVSN USSR,"Site 81/23, Baikonur Cosmodrome, Kazakhstan","Sun Nov 10, 1968 19:11 UTC",Proton-K/Block D | Zond 6,Retired,,Success
6175,US Air Force,"SLC-17B, Cape Canaveral SFS, Florida, USA","Fri Nov 08, 1968 09:46 UTC",Delta E1 | Pioneer 9 & TTS-2,Retired,,Success
6176,US Air Force,"SLC-4W, Vandenberg SFB, California, USA","Wed Nov 06, 1968 19:10 UTC",Titan IIIB | KH-8 17 (Gambit-3 17),Retired,59.0,Success
6177,US Air Force,"SLC-3W, Vandenberg SFB, California, USA","Sun Nov 03, 1968 21:30 UTC",Thorad SLV-2G Agena-D | KH-4B 5 (Corona 129),Retired,,Success
6178,RVSN USSR,"Site 90/20, Baikonur Cosmodrome, Kazakhstan","Fri Nov 01, 1968 00:27 UTC",Tsyklon-2A | Cosmos 252,Retired,,Success
6179,RVSN USSR,"Site 1/5, Baikonur Cosmodrome, Kazakhstan","Thu Oct 31, 1968 09:14 UTC",Voskhod | Cosmos 251,Retired,,Success
6180,RVSN USSR,"Site 132/2, Plesetsk Cosmodrome, Russia","Wed Oct 30, 1968 22:00 UTC",Cosmos-3M | Cosmos 250,Retired,,Success
6181,RVSN USSR,"Site 31/6, Baikonur Cosmodrome, Kazakhstan","Sat Oct 26, 1968 08:34 UTC",Soyuz | Soyuz 3,Retired,,Success
6182,RVSN USSR,"Site 1/5, Baikonur Cosmodrome, Kazakhstan","Fri Oct 25, 1968 09:00 UTC",Soyuz | Soyuz 2,Retired,,Success
6183,US Air Force,"SLC-10W (75-2-6), Vandenberg SFB, California, USA","Wed Oct 23, 1968 04:34 UTC",Thor LV2D Burner-2 | DSAP-4B F2,Retired,,Success
6184,RVSN USSR,"Site 90/20, Baikonur Cosmodrome, Kazakhstan","Sun Oct 20, 1968 04:02 UTC",Tsyklon-2A | Cosmos 249,Retired,,Success
6185,RVSN USSR,"Site 90/19, Baikonur Cosmodrome, Kazakhstan","Sat Oct 19, 1968 04:20 UTC",Tsyklon-2A | Cosmos 248,Retired,,Success
6186,NASA,"LC-34, Cape Canaveral SFS, Florida, USA","Fri Oct 11, 1968 15:02 UTC",Saturn IB | Apollo 7,Retired,,Success
6187,RVSN USSR,"Site 41/1, Plesetsk Cosmodrome, Russia","Fri Oct 11, 1968 12:05 UTC",Voskhod | Cosmos 247,Retired,,Success
6188,RVSN USSR,"Site 41/1, Plesetsk Cosmodrome, Russia","Mon Oct 07, 1968 12:05 UTC",Voskhod | Cosmos 246,Retired,,Partial Failure
6189,US Air Force,"SLC-1W (75-3-4), Vandenberg SFB, California, USA","Sat Oct 05, 1968 11:16 UTC",Thorad SLV-2G Agena-D | Ferret 13,Retired,,Success
6190,RVSN USSR,"Site 1/5, Baikonur Cosmodrome, Kazakhstan","Sat Oct 05, 1968 00:32 UTC",Molniya-M/Block L | Molniya-1 n°14,Retired,,Success
6191,US Air Force,"SLC-5, Vandenberg SFB, California, USA","Thu Oct 03, 1968 20:49 UTC",Scout B | ESRO 1A,Retired,,Success
6192,RVSN USSR,"Site 133/3, Plesetsk Cosmodrome, Russia","Thu Oct 03, 1968 12:58 UTC",Cosmos-2 (63SM) | Cosmos 245,Retired,,Success
6193,RVSN USSR,"Site 161/35, Baikonur Cosmodrome, Kazakhstan","Wed Oct 02, 1968 13:35 UTC",R-36 Orb | Cosmos 244,Retired,,Success
6194,Martin Marietta,"SLC-41, Cape Canaveral SFS, Florida, USA","Thu Sep 26, 1968 07:37 UTC","Titan IIIC | LES-6, OV2-5, OV5-2, OV5-4",Retired,,Success
6195,RVSN USSR,"Site 1/5, Baikonur Cosmodrome, Kazakhstan","Mon Sep 23, 1968 07:39 UTC",Voskhod | Cosmos 243,Retired,,Success
6196,RVSN USSR,"Site 133/3, Plesetsk Cosmodrome, Russia","Fri Sep 20, 1968 14:39 UTC",Cosmos-2 (63SM) | Cosmos 242,Retired,,Success
6197,US Air Force,"SLC-17A, Cape Canaveral SFS, Florida, USA","Thu Sep 19, 1968 00:09 UTC",Delta M | Intelsat 3-1,Retired,,Failure
6198,US Air Force,"SLC-1E (75-3-5), Vandenberg SFB, California, USA","Wed Sep 18, 1968 21:32 UTC",Thorad SLV-2G Agena-D | KH-4A 48 (Corona 128) & Vampan 1,Retired,,Success
6199,RVSN USSR,"Site 41/1, Plesetsk Cosmodrome, Russia","Mon Sep 16, 1968 12:30 UTC",Voskhod | Cosmos 241,Retired,,Success
6200,RVSN USSR,"Site 81/23, Baikonur Cosmodrome, Kazakhstan","Sat Sep 14, 1968 21:42 UTC",Proton-K/Block D | Zond 5,Retired,,Success
6201,RVSN USSR,"Site 31/6, Baikonur Cosmodrome, Kazakhstan","Sat Sep 14, 1968 06:50 UTC",Voskhod | Cosmos 240,Retired,,Success
6202,US Air Force,"SLC-4W, Vandenberg SFB, California, USA","Tue Sep 10, 1968 18:30 UTC",Titan IIIB | KH-8 16 (Gambit-3 16),Retired,59.0,Success
6203,RVSN USSR,"Site 31/6, Baikonur Cosmodrome, Kazakhstan","Thu Sep 05, 1968 07:00 UTC",Voskhod | Cosmos 239,Retired,,Success
6204,RVSN USSR,"Site 31/6, Baikonur Cosmodrome, Kazakhstan","Wed Aug 28, 1968 10:04 UTC",Soyuz | Cosmos 238,Retired,,Success
6205,RVSN USSR,"Site 41/1, Plesetsk Cosmodrome, Russia","Tue Aug 27, 1968 12:29 UTC",Voskhod | Cosmos 237,Retired,,Success
6206,RVSN USSR,"Site 41/15, Baikonur Cosmodrome, Kazakhstan","Tue Aug 27, 1968 11:29 UTC",Cosmos-3 | Cosmos 236,Retired,,Success
6207,General Dynamics,"SLC-3E, Vandenberg SFB, California, USA","Fri Aug 16, 1968 20:57 UTC",Atlas-SLV3 Burner-2 | STP P68-1,Retired,,Failure
6208,US Air Force,"SLC-2E (75-1-1), Vandenberg SFB, California, USA","Fri Aug 16, 1968 11:24 UTC",Delta N | ESSA-7,Retired,,Success
6209,General Dynamics,"SLC-36A, Cape Canaveral SFS, Florida, USA","Sat Aug 10, 1968 22:33 UTC",Atlas-SLV3C Centaur-D | ATS-4,Retired,,Partial Failure
6210,RVSN USSR,"Site 31/6, Baikonur Cosmodrome, Kazakhstan","Fri Aug 09, 1968 07:00 UTC",Voskhod | Cosmos 235,Retired,,Success
6211,US Air Force,"SLC-5, Vandenberg SFB, California, USA","Thu Aug 08, 1968 20:12 UTC",Scout B | Explorer 39 & 40 (AD-C & Injun 5),Retired,,Success
6212,US Air Force,"SLC-3W, Vandenberg SFB, California, USA","Wed Aug 07, 1968 21:36 UTC",Thorad SLV-2G Agena-D | KH-4B 4 (Corona 127),Retired,,Success
6213,US Air Force,"SLC-4W, Vandenberg SFB, California, USA","Tue Aug 06, 1968 16:30 UTC",Titan IIIB | KH-8 15 (Gambit-3 15),Retired,59.0,Success
6214,General Dynamics,"LC-13, Cape Canaveral SFS, Florida, USA","Tue Aug 06, 1968 11:08 UTC",Atlas-SLV3A Agena-D | Canyon 1 (AFP-827),Retired,,Success
6215,RVSN USSR,"Site 31/6, Baikonur Cosmodrome, Kazakhstan","Tue Jul 30, 1968 07:00 UTC",Voskhod | Cosmos 234,Retired,,Success
6216,RVSN USSR,"Site 133/3, Plesetsk Cosmodrome, Russia","Thu Jul 18, 1968 19:59 UTC",Cosmos-2 (63SM) | Cosmos 233,Retired,,Success
6217,RVSN USSR,"Site 41/1, Plesetsk Cosmodrome, Russia","Tue Jul 16, 1968 13:10 UTC",Voskhod | Cosmos 232,Retired,,Success
6218,General Dynamics,"LC-576A2, Vandenberg SFB, California, USA","Thu Jul 11, 1968 19:30 UTC",Atlas-E/F OV1 | OV1-15/OV1-16,Retired,,Success
6219,RVSN USSR,"Site 31/6, Baikonur Cosmodrome, Kazakhstan","Wed Jul 10, 1968 19:49 UTC",Voskhod | Cosmos 231,Retired,,Success
6220,RVSN USSR,"Site 1/5, Baikonur Cosmodrome, Kazakhstan","Fri Jul 05, 1968 15:25 UTC",Molniya-M/Block L | Molniya-1 n°13,Retired,,Success
6221,RVSN USSR,"Site 86/1, Kapustin Yar, Russia","Fri Jul 05, 1968 06:59 UTC",Cosmos-2 (63SM) | Cosmos 230,Retired,,Success
6222,US Air Force,"SLC-2E (75-1-1), Vandenberg SFB, California, USA","Thu Jul 04, 1968 17:26 UTC",Delta J | Explorer 38 (RAE-A),Retired,,Success
6223,RVSN USSR,"Site 41/1, Plesetsk Cosmodrome, Russia","Wed Jun 26, 1968 11:00 UTC",Voskhod | Cosmos 229,Retired,,Success
6224,RVSN USSR,"Site 1/5, Baikonur Cosmodrome, Kazakhstan","Fri Jun 21, 1968 12:00 UTC",Voskhod | Cosmos 228,Retired,,Success
6225,US Air Force,"SLC-1E (75-3-5), Vandenberg SFB, California, USA","Thu Jun 20, 1968 21:46 UTC",Thorad SLV-2G Agena-D | KH-4A 47 (Corona 126) & Tripos 3,Retired,,Success
6226,RVSN USSR,"Site 31/6, Baikonur Cosmodrome, Kazakhstan","Tue Jun 18, 1968 06:15 UTC",Voskhod | Cosmos 227,Retired,,Success
6227,RVSN USSR,"Site 41/15, Baikonur Cosmodrome, Kazakhstan","Sat Jun 15, 1968 12:25 UTC",Cosmos-3 | Strela-2 n°4,Retired,,Failure
6228,Martin Marietta,"SLC-41, Cape Canaveral SFS, Florida, USA","Thu Jun 13, 1968 14:03 UTC",Titan IIIC | OPS 9341-9348,Retired,,Success
6229,RVSN USSR,"Site 41/1, Plesetsk Cosmodrome, Russia","Wed Jun 12, 1968 13:14 UTC",Vostok-2M | Cosmos 226,Retired,,Success
6230,RVSN USSR,"Site 86/1, Kapustin Yar, Russia","Tue Jun 11, 1968 21:29 UTC",Cosmos-2 (63SM) | Cosmos 225,Retired,,Success
6231,US Air Force,"SLC-4W, Vandenberg SFB, California, USA","Wed Jun 05, 1968 17:33 UTC",Titan IIIB | KH-8 14 (Gambit-3 14),Retired,59.0,Success
6232,RVSN USSR,"Site 132/2, Plesetsk Cosmodrome, Russia","Tue Jun 04, 1968 18:45 UTC",Cosmos-3M | Sfera #2,Retired,,Failure
6233,RVSN USSR,"Site 31/6, Baikonur Cosmodrome, Kazakhstan","Tue Jun 04, 1968 06:45 UTC",Voskhod | Cosmos 224,Retired,,Success
6234,RVSN USSR,"Site 41/1, Plesetsk Cosmodrome, Russia","Sat Jun 01, 1968 10:50 UTC",Voskhod | Cosmos 223,Retired,,Success
6235,RVSN USSR,"Site 133/3, Plesetsk Cosmodrome, Russia","Thu May 30, 1968 20:29 UTC",Cosmos-2 (63SM) | Cosmos 222,Retired,,Success
6236,RVSN USSR,"Site 161/35, Baikonur Cosmodrome, Kazakhstan","Mon May 27, 1968 23:15 UTC",R-36 Orb | OGTch n°19,Retired,,Success
6237,RVSN USSR,"Site 86/1, Kapustin Yar, Russia","Fri May 24, 1968 07:04 UTC",Cosmos-2 (63SM) | Cosmos 221,Retired,,Success
6238,US Air Force,"SLC-10W (75-2-6), Vandenberg SFB, California, USA","Thu May 23, 1968 04:38 UTC",Thor LV2D Burner-2 | DSAP-4B F1,Retired,,Success
6239,RVSN USSR,"Site 162/36, Baikonur Cosmodrome, Kazakhstan","Mon May 20, 1968 22:05 UTC",R-36 Orb | OGTch n°18,Retired,,Success
6240,US Air Force,"SLC-2E (75-1-1), Vandenberg SFB, California, USA","Sat May 18, 1968 08:23 UTC",Thorad SLV-2G Agena-D | Nimbus B & EGRS-10,Retired,,Failure
6241,US Air Force,"SLC-5, Vandenberg SFB, California, USA","Fri May 17, 1968 02:06 UTC",Scout B | ESRO 2B,Retired,,Success
6242,RVSN USSR,"Site 132/2, Plesetsk Cosmodrome, Russia","Tue May 07, 1968 13:57 UTC",Cosmos-3M | Cosmos 220,Retired,,Success
6243,US Air Force,"SLC-3W, Vandenberg SFB, California, USA","Wed May 01, 1968 21:31 UTC",Thorad SLV-2G Agena-D | KH-4B 3 (Corona 125),Retired,,Success
6244,RVSN USSR,"Site 86/1, Kapustin Yar, Russia","Fri Apr 26, 1968 04:42 UTC",Cosmos-2 (63SM) | Cosmos 219,Retired,,Success
6245,RVSN USSR,"Site 162/36, Baikonur Cosmodrome, Kazakhstan","Thu Apr 25, 1968 00:45 UTC",R-36 Orb | Cosmos 218,Retired,,Success
6246,RVSN USSR,"Site 90/19, Baikonur Cosmodrome, Kazakhstan","Wed Apr 24, 1968 16:00 UTC",Tsyklon-2A | Cosmos 217,Retired,,Failure
6247,RVSN USSR,"Site 81/24, Baikonur Cosmodrome, Kazakhstan","Mon Apr 22, 1968 23:01 UTC",Proton-K/Block D | L1 n°7L,Retired,,Success
6248,RVSN USSR,"Site 1/5, Baikonur Cosmodrome, Kazakhstan","Sun Apr 21, 1968 04:20 UTC",Molniya-M/Block L | Molniya-1 n°10,Retired,,Success
6249,RVSN USSR,"Site 31/6, Baikonur Cosmodrome, Kazakhstan","Sat Apr 20, 1968 10:30 UTC",Voskhod | Cosmos 216,Retired,,Success
6250,RVSN USSR,"Site 86/1, Kapustin Yar, Russia","Thu Apr 18, 1968 22:29 UTC",Cosmos-2 (63SM) | Cosmos 215,Retired,,Success
6251,RVSN USSR,"Site 41/1, Plesetsk Cosmodrome, Russia","Thu Apr 18, 1968 10:30 UTC",Voskhod | Cosmos 214,Retired,,Success
6252,US Air Force,"SLC-4W, Vandenberg SFB, California, USA","Wed Apr 17, 1968 17:00 UTC",Titan IIIB | KH-8 13 (Gambit-3 13),Retired,59.0,Success
6253,RVSN USSR,"Site 1/5, Baikonur Cosmodrome, Kazakhstan","Mon Apr 15, 1968 09:34 UTC",Soyuz | Cosmos 213,Retired,,Success
6254,RVSN USSR,"Site 31/6, Baikonur Cosmodrome, Kazakhstan","Sun Apr 14, 1968 10:00 UTC",Soyuz | Cosmos 212,Retired,,Success
6255,RVSN USSR,"Site 133/3, Plesetsk Cosmodrome, Russia","Tue Apr 09, 1968 11:26 UTC",Cosmos-2 (63SM) | Cosmos 211,Retired,,Success
6256,RVSN USSR,"Site 1/5, Baikonur Cosmodrome, Kazakhstan","Sun Apr 07, 1968 10:09 UTC",Molniya-M/Block L | Luna 14,Retired,,Success
6257,General Dynamics,"LC-576A2, Vandenberg SFB, California, USA","Sat Apr 06, 1968 09:59 UTC",Atlas-E/F OV1 | OV1-13/OV1-14,Retired,,Success
6258,NASA,"LC-39A, Kennedy Space Center, Florida, USA","Thu Apr 04, 1968 12:00 UTC",Saturn V | Apollo 6,Retired,,Partial Failure
6259,RVSN USSR,"Site 41/1, Plesetsk Cosmodrome, Russia","Wed Apr 03, 1968 11:00 UTC",Voskhod | Cosmos 210,Retired,,Success
6260,OKB-586,"Site 41/15, Baikonur Cosmodrome, Kazakhstan","Thu Mar 28, 1968",Cosmos-3 | VKZ n°2,Retired,,Success
6261,RVSN USSR,"Site 90/19, Baikonur Cosmodrome, Kazakhstan","Fri Mar 22, 1968 09:30 UTC",Tsyklon-2A | Cosmos 209,Retired,,Success
6262,RVSN USSR,"Site 1/5, Baikonur Cosmodrome, Kazakhstan","Thu Mar 21, 1968 09:50 UTC",Voskhod | Cosmos 208,Retired,,Success
6263,RVSN USSR,"Site 41/1, Plesetsk Cosmodrome, Russia","Sat Mar 16, 1968 12:30 UTC",Voskhod | Cosmos 207,Retired,,Success
6264,US Air Force,"SLC-1E (75-3-5), Vandenberg SFB, California, USA","Thu Mar 14, 1968 22:00 UTC",Thorad SLV-2G Agena-D | KH-4A 46 (Corona 124) & Lampan 1,Retired,,Success
6265,RVSN USSR,"Site 41/1, Plesetsk Cosmodrome, Russia","Thu Mar 14, 1968 09:34 UTC",Vostok-2M | Cosmos 206,Retired,,Success
6266,US Air Force,"SLC-4W, Vandenberg SFB, California, USA","Wed Mar 13, 1968 19:51 UTC",Titan IIIB | KH-8 12 (Gambit-3 12),Retired,59.0,Success
6267,RVSN USSR,"Site 86/1, Kapustin Yar, Russia","Wed Mar 06, 1968 11:02 UTC",Cosmos-2 (63SM) | DS-U1-Ya #1,Retired,,Failure
6268,NASA,"LA-3, Wallops Flight Facility, Virginia, USA","Tue Mar 05, 1968 18:28 UTC",Scout B | Explorer 37 (Solrad 9),Retired,,Partial Failure
6269,RVSN USSR,"Site 41/1, Plesetsk Cosmodrome, Russia","Tue Mar 05, 1968 12:30 UTC",Voskhod | Cosmos 205,Retired,,Success
6270,RVSN USSR,"Site 133/3, Plesetsk Cosmodrome, Russia","Tue Mar 05, 1968 11:20 UTC",Cosmos-2 (63SM) | Cosmos 204,Retired,,Success
6271,General Dynamics,"LC-13, Cape Canaveral SFS, Florida, USA","Mon Mar 04, 1968 13:06 UTC",Atlas-SLV3A Agena-D | OGO-5,Retired,,Success
6272,RVSN USSR,"Site 81/23, Baikonur Cosmodrome, Kazakhstan","Sat Mar 02, 1968 18:29 UTC",Proton-K/Block D | Zond 4,Retired,,Success
6273,US Air Force,"SLC-5, Vandenberg SFB, California, USA","Sat Mar 02, 1968 03:55 UTC",Scout A | Transit-O 18,Retired,,Success
6274,RVSN USSR,"Site 132/2, Plesetsk Cosmodrome, Russia","Tue Feb 20, 1968 16:00 UTC",Cosmos-3M | Cosmos 203,Retired,,Success
6275,RVSN USSR,"Site 86/1, Kapustin Yar, Russia","Tue Feb 20, 1968 10:03 UTC",Cosmos-2 (63SM) | Cosmos 202,Retired,,Success
6276,RVSN USSR,"Site 1/5, Baikonur Cosmodrome, Kazakhstan","Wed Feb 07, 1968 10:43 UTC",Molniya-M/Block L | E-6LS n°112,Retired,,Failure
6277,RVSN USSR,"Site 31/6, Baikonur Cosmodrome, Kazakhstan","Tue Feb 06, 1968 08:00 UTC",Voskhod | Cosmos 201,Retired,,Success
6278,US Air Force,"SLC-1E (75-3-5), Vandenberg SFB, California, USA","Wed Jan 24, 1968 22:26 UTC",Thorad SLV-2G Agena-D | KH-4A 45 (Corona 123) & Tivoli 1,Retired,,Success
6279,NASA,"SLC-37B, Cape Canaveral SFS, Florida, USA","Mon Jan 22, 1968 22:48 UTC",Saturn IB | Apollo 5,Retired,,Success
6280,RVSN USSR,"Site 132/2, Plesetsk Cosmodrome, Russia","Fri Jan 19, 1968 22:00 UTC",Cosmos-3M | Cosmos 200,Retired,,Success
6281,US Air Force,"SLC-4W, Vandenberg SFB, California, USA","Thu Jan 18, 1968 19:04 UTC",Titan IIIB | KH-8 11 (Gambit-3 11),Retired,59.0,Success
6282,US Air Force,"SLC-2W, Vandenberg SFB, California, USA","Wed Jan 17, 1968 10:12 UTC",Thor SLV2A Agena-D | OPS 1965,Retired,,Success
6283,RVSN USSR,"Site 41/1, Plesetsk Cosmodrome, Russia","Tue Jan 16, 1968 12:00 UTC",Voskhod | Cosmos 199,Retired,,Success
6284,US Air Force,"SLC-2E (75-1-1), Vandenberg SFB, California, USA","Thu Jan 11, 1968 16:16 UTC",Delta E1 | Explorer 36 (GEOS 2),Retired,,Success
6285,General Dynamics,"SLC-36A, Cape Canaveral SFS, Florida, USA","Sun Jan 07, 1968 06:30 UTC",Atlas-SLV3C Centaur-D | Surveyor 7,Retired,,Success
6286,RVSN USSR,"Site 90/19, Baikonur Cosmodrome, Kazakhstan","Wed Dec 27, 1967 11:28 UTC",Tsyklon-2A | Cosmos 198,Retired,,Success
6287,RVSN USSR,"Site 86/1, Kapustin Yar, Russia","Tue Dec 26, 1967 09:01 UTC",Cosmos-2 (63SM) | Cosmos 197,Retired,,Success
6288,RVSN USSR,"Site 86/1, Kapustin Yar, Russia","Tue Dec 19, 1967 06:30 UTC",Cosmos-1 (65S3) | Cosmos 196,Retired,,Success
6289,RVSN USSR,"Site 41/1, Plesetsk Cosmodrome, Russia","Sat Dec 16, 1967 12:00 UTC",Voskhod | Cosmos 195,Retired,,Success
6290,US Air Force,"SLC-17B, Cape Canaveral SFS, Florida, USA","Wed Dec 13, 1967 14:08 UTC",Delta E1 | Pioneer 8 & TTS-1,Retired,,Success
6291,US Air Force,"SLC-1W (75-3-4), Vandenberg SFB, California, USA","Sat Dec 09, 1967 22:25 UTC",Thorad SLV-2G Agena-D | KH-4B 2 (Corona 122),Retired,,Success
6292,US Air Force,"SLC-4W, Vandenberg SFB, California, USA","Tue Dec 05, 1967 18:45 UTC",Titan IIIB | KH-8 10 (Gambit-3 10),Retired,59.0,Success
6293,US Air Force,"SLC-5, Vandenberg SFB, California, USA","Tue Dec 05, 1967 01:03 UTC",Scout B | OV3 6,Retired,,Success
6294,RVSN USSR,"Site 41/1, Plesetsk Cosmodrome, Russia","Sun Dec 03, 1967 12:00 UTC",Voskhod | Cosmos 194,Retired,,Success
6295,ABMA,"LA-8, RAAF Woomera Range Complex, Australia","Wed Nov 29, 1967 04:49 UTC",Redstone Sparta | WRESAT,Retired,,Success
6296,RVSN USSR,"Site 41/1, Plesetsk Cosmodrome, Russia","Sat Nov 25, 1967 11:30 UTC",Voskhod | Cosmos 193,Retired,,Success
6297,RVSN USSR,"Site 132/2, Plesetsk Cosmodrome, Russia","Thu Nov 23, 1967 15:00 UTC",Cosmos-3M | Cosmos 192,Retired,,Success
6298,RVSN USSR,"Site 81/24, Baikonur Cosmodrome, Kazakhstan","Wed Nov 22, 1967 19:07 UTC",Proton-K/Block D | L1 n°5L,Retired,,Failure
6299,RVSN USSR,"Site 133/3, Plesetsk Cosmodrome, Russia","Tue Nov 21, 1967 14:29 UTC",Cosmos-2 (63SM) | Cosmos 191,Retired,,Success
6300,US Air Force,"SLC-2E (75-1-1), Vandenberg SFB, California, USA","Fri Nov 10, 1967 17:53 UTC",Delta E1 | ESSA-6,Retired,,Success
6301,NASA,"LC-39A, Kennedy Space Center, Florida, USA","Thu Nov 09, 1967 12:00 UTC",Saturn V | Apollo 4,Retired,,Success
6302,General Dynamics,"SLC-36B, Cape Canaveral SFS, Florida, USA","Tue Nov 07, 1967 07:39 UTC",Atlas-SLV3C Centaur-D | Surveyor 6,Retired,,Success
6303,General Dynamics,"LC-12, Cape Canaveral SFS, Florida, USA","Sun Nov 05, 1967 23:37 UTC",Atlas-SLV3 Agena-D | ATS-3,Retired,,Success
6304,RVSN USSR,"Site 41/1, Plesetsk Cosmodrome, Russia","Fri Nov 03, 1967 11:20 UTC",Voskhod | Cosmos 190,Retired,,Success
6305,US Air Force,"SLC-1E (75-3-5), Vandenberg SFB, California, USA","Thu Nov 02, 1967 21:31 UTC",Thorad SLV-2G Agena-D | KH-4A 44 (Corona 121) & Facade,Retired,,Success
6306,RVSN USSR,"Site 132/2, Plesetsk Cosmodrome, Russia","Mon Oct 30, 1967 17:59 UTC",Cosmos-3M | Cosmos 189,Retired,,Success
6307,RVSN USSR,"Site 1/5, Baikonur Cosmodrome, Kazakhstan","Mon Oct 30, 1967 08:12 UTC",Soyuz | Cosmos 188,Retired,,Success
6308,RVSN USSR,"Site 162/36, Baikonur Cosmodrome, Kazakhstan","Sat Oct 28, 1967 13:15 UTC",R-36 Orb | Cosmos 187,Retired,,Success
6309,RVSN USSR,"Site 31/6, Baikonur Cosmodrome, Kazakhstan","Fri Oct 27, 1967 09:29 UTC",Soyuz | Cosmos 186,Retired,,Success
6310,RVSN USSR,"Site 90/19, Baikonur Cosmodrome, Kazakhstan","Fri Oct 27, 1967 02:21 UTC",Tsyklon-2A | Cosmos 185,Retired,,Success
6311,US Air Force,"SLC-4W, Vandenberg SFB, California, USA","Wed Oct 25, 1967 19:15 UTC",Titan IIIB | KH-8 9 (Gambit-3 9),Retired,59.0,Success
6312,RVSN USSR,"Site 41/1, Plesetsk Cosmodrome, Russia","Tue Oct 24, 1967 22:49 UTC",Vostok-2M | Cosmos 184,Retired,,Success
6313,RVSN USSR,"Site 1/5, Baikonur Cosmodrome, Kazakhstan","Sun Oct 22, 1967 08:40 UTC",Molniya | Molniya-1 n°12,Retired,,Success
6314,US Air Force,"SLC-17B, Cape Canaveral SFS, Florida, USA","Wed Oct 18, 1967 15:58 UTC",Delta C | OSO-4,Retired,,Success
6315,RVSN USSR,"Site 161/35, Baikonur Cosmodrome, Kazakhstan","Wed Oct 18, 1967 13:30 UTC",R-36 Orb | Cosmos 183,Retired,,Success
6316,RVSN USSR,"Site 31/6, Baikonur Cosmodrome, Kazakhstan","Mon Oct 16, 1967 08:00 UTC",Voskhod | Cosmos 182,Retired,,Success
6317,OKB-586,"Site 41/15, Baikonur Cosmodrome, Kazakhstan","Thu Oct 12, 1967 14:15 UTC",Cosmos-3 | VKZ n°1,Retired,,Success
6318,RVSN USSR,"Site 41/1, Plesetsk Cosmodrome, Russia","Wed Oct 11, 1967 11:30 UTC",Voskhod | Cosmos 181,Retired,,Success
6319,US Air Force,"SLC-10W (75-2-6), Vandenberg SFB, California, USA","Wed Oct 11, 1967 07:57 UTC",Thor LV2D Burner-2 | DSAP-4A F4,Retired,,Success
6320,RVSN USSR,"Site 1/5, Baikonur Cosmodrome, Kazakhstan","Tue Oct 03, 1967 05:00 UTC",Molniya | Molniya-1 n°9,Retired,,Success
6321,US Air Force,"SLC-17B, Cape Canaveral SFS, Florida, USA","Thu Sep 28, 1967 00:45 UTC",Delta E1 | Intelsat 2-4,Retired,,Success
6322,RVSN USSR,"Site 81/23, Baikonur Cosmodrome, Kazakhstan","Wed Sep 27, 1967 22:11 UTC",Proton-K/Block D | L1 n°4L,Retired,,Failure
6323,RVSN USSR,"Site 132/2, Plesetsk Cosmodrome, Russia","Wed Sep 27, 1967 11:00 UTC",Cosmos-3M | Zaliv #2,Retired,,Failure
6324,RVSN USSR,"Site 41/1, Plesetsk Cosmodrome, Russia","Tue Sep 26, 1967 10:20 UTC",Voskhod | Cosmos 180,Retired,,Success
6325,US Air Force,"SLC-5, Vandenberg SFB, California, USA","Mon Sep 25, 1967 08:25 UTC",Scout A | Transit-O 14,Retired,,Success
6326,RVSN USSR,"Site 162/36, Baikonur Cosmodrome, Kazakhstan","Fri Sep 22, 1967 14:05 UTC",R-36 Orb | Cosmos 179,Retired,,Success
6327,US Air Force,"SLC-4W, Vandenberg SFB, California, USA","Tue Sep 19, 1967 18:37 UTC",Titan IIIB | KH-8 8 (Gambit-3 8),Retired,59.0,Success
6328,RVSN USSR,"Site 161/35, Baikonur Cosmodrome, Kazakhstan","Tue Sep 19, 1967 14:45 UTC",R-36 Orb | Cosmos 178,Retired,,Success
6329,RVSN USSR,"Site 1/5, Baikonur Cosmodrome, Kazakhstan","Sat Sep 16, 1967 06:06 UTC",Voskhod | Cosmos 177,Retired,,Success
6330,US Air Force,"SLC-1W (75-3-4), Vandenberg SFB, California, USA","Fri Sep 15, 1967 19:41 UTC",Thorad SLV-2G Agena-D | KH-4B 1 (Corona 120),Retired,,Success
6331,RVSN USSR,"Site 133/3, Plesetsk Cosmodrome, Russia","Tue Sep 12, 1967 17:00 UTC",Cosmos-2 (63SM) | Cosmos 176,Retired,,Success
6332,RVSN USSR,"Site 41/1, Plesetsk Cosmodrome, Russia","Mon Sep 11, 1967 10:30 UTC",Voskhod | Cosmos 175,Retired,,Success
6333,General Dynamics,"SLC-36B, Cape Canaveral SFS, Florida, USA","Fri Sep 08, 1967 07:57 UTC",Atlas-SLV3C Centaur-D | Surveyor 5,Retired,,Success
6334,US Air Force,"SLC-17B, Cape Canaveral SFS, Florida, USA","Thu Sep 07, 1967 22:04 UTC",Delta G | Biosatellite 2,Retired,,Success
6335,RVSN USSR,"Site 41/1, Plesetsk Cosmodrome, Russia","Fri Sep 01, 1967 10:30 UTC",Voskhod | Zenit-2 n°51,Retired,,Failure
6336,RVSN USSR,"Site 1/5, Baikonur Cosmodrome, Kazakhstan","Thu Aug 31, 1967 08:00 UTC",Molniya | Cosmos 174,Retired,,Success
6337,RVSN USSR,"Site 133/3, Plesetsk Cosmodrome, Russia","Thu Aug 24, 1967 04:59 UTC",Cosmos-2 (63SM) | Cosmos 173,Retired,,Success
6338,US Air Force,"SLC-10W (75-2-6), Vandenberg SFB, California, USA","Wed Aug 23, 1967 04:41 UTC",Thor LV2D Burner-2 | DSAP-4A F3,Retired,,Success
6339,US Air Force,"SLC-4W, Vandenberg SFB, California, USA","Wed Aug 16, 1967 17:07 UTC",Titan IIIB | KH-8 7 (Gambit-3 7),Retired,59.0,Success
6340,RVSN USSR,"Site 1/5, Baikonur Cosmodrome, Kazakhstan","Wed Aug 09, 1967 05:45 UTC",Voskhod | Cosmos 172,Retired,,Success
6341,RVSN USSR,"Site 162/36, Baikonur Cosmodrome, Kazakhstan","Tue Aug 08, 1967 16:05 UTC",R-36 Orb | Cosmos 171,Retired,,Success
6342,US Air Force,"SLC-1E (75-3-5), Vandenberg SFB, California, USA","Mon Aug 07, 1967 21:44 UTC",Thorad SLV-2G Agena-D | KH-4A 43 (Corona 119),Retired,,Success
6343,General Dynamics,"LC-13, Cape Canaveral SFS, Florida, USA","Tue Aug 01, 1967 22:33 UTC",Atlas-SLV3 Agena-D | Lunar Orbiter 5,Retired,,Success
6344,RVSN USSR,"Site 161/35, Baikonur Cosmodrome, Kazakhstan","Mon Jul 31, 1967 16:45 UTC",R-36 Orb | Cosmos 170,Retired,,Success
6345,US Air Force,"SLC-2E (75-1-1), Vandenberg SFB, California, USA","Fri Jul 28, 1967 14:21 UTC",Thor SLV2A Agena-D | OGO-4,Retired,,Success
6346,General Dynamics,"LC-576B3, Vandenberg SFB, California, USA","Thu Jul 27, 1967 19:00 UTC",Atlas-D OV1 | OV1-11/OV1-12/OV1-86,Retired,,Partial Failure
6347,US Air Force,"SLC-2W, Vandenberg SFB, California, USA","Tue Jul 25, 1967 03:48 UTC",Thor SLV2A Agena-D | OPS 1879,Retired,,Success
6348,RVSN USSR,"Site 31/6, Baikonur Cosmodrome, Kazakhstan","Fri Jul 21, 1967 06:00 UTC",Voskhod | Zenit-4 n°32,Retired,,Failure
6349,US Air Force,"SLC-17B, Cape Canaveral SFS, Florida, USA","Wed Jul 19, 1967 14:19 UTC",Delta E1 | Explorer 35 (IMP-E),Retired,,Success
6350,RVSN USSR,"Site 162/36, Baikonur Cosmodrome, Kazakhstan","Mon Jul 17, 1967 16:45 UTC",R-36 Orb | Cosmos 169,Retired,,Success
6351,General Dynamics,"SLC-36A, Cape Canaveral SFS, Florida, USA","Fri Jul 14, 1967 11:53 UTC",Atlas-LV3C Centaur-D | Surveyor 4,Retired,,Success
6352,RVSN USSR,"Site 31/6, Baikonur Cosmodrome, Kazakhstan","Tue Jul 04, 1967 05:59 UTC",Voskhod | Cosmos 168,Retired,,Success
6353,Martin Marietta,"SLC-41, Cape Canaveral SFS, Florida, USA","Sat Jul 01, 1967 13:15 UTC","Titan IIIC | OPS 9331-9334, LES-5 & DODGE",Retired,,Success
6354,US Air Force,"SLC-10W (75-2-6), Vandenberg SFB, California, USA","Thu Jun 29, 1967 21:01 UTC",Thor LV2D Burner-2 | Aurora & SECOR-9,Retired,,Success
6355,RVSN USSR,"Site 132/2, Plesetsk Cosmodrome, Russia","Mon Jun 26, 1967 04:30 UTC",Cosmos-3M | Tselina-O n°01,Retired,,Success
6356,US Air Force,"SLC-4W, Vandenberg SFB, California, USA","Tue Jun 20, 1967 16:15 UTC",Titan IIIB | KH-8 6 (Gambit-3 6),Retired,59.0,Partial Failure
6357,RVSN USSR,"Site 41/1, Plesetsk Cosmodrome, Russia","Tue Jun 20, 1967 11:00 UTC",Voskhod | Zenit-4 n°31,Retired,,Failure
6358,RVSN USSR,"Site 1/5, Baikonur Cosmodrome, Kazakhstan","Sat Jun 17, 1967 02:36 UTC",Molniya-M/Block VL | Cosmos 167,Retired,,Failure
6359,US Air Force,"SLC-1W (75-3-4), Vandenberg SFB, California, USA","Fri Jun 16, 1967 21:35 UTC",Thorad SLV-2G Agena-D | KH-4A 42 (Corona 118),Retired,,Success
6360,RVSN USSR,"Site 86/1, Kapustin Yar, Russia","Fri Jun 16, 1967 04:43 UTC",Cosmos-2 (63SM) | Cosmos 166,Retired,,Success
6361,General Dynamics,"LC-12, Cape Canaveral SFS, Florida, USA","Wed Jun 14, 1967 06:01 UTC",Atlas-SLV3 Agena-D | Mariner 5,Retired,,Success
6362,RVSN USSR,"Site 133/3, Plesetsk Cosmodrome, Russia","Mon Jun 12, 1967 18:06 UTC",Cosmos-2 (63SM) | Cosmos 165,Retired,,Success
6363,RVSN USSR,"Site 1/5, Baikonur Cosmodrome, Kazakhstan","Mon Jun 12, 1967 02:39 UTC",Molniya-M/Block VL | Venera 4,Retired,,Success
6364,RVSN USSR,"Site 41/1, Plesetsk Cosmodrome, Russia","Thu Jun 08, 1967 13:00 UTC",Voskhod | Cosmos 164,Retired,,Success
6365,RVSN USSR,"Site 86/1, Kapustin Yar, Russia","Mon Jun 05, 1967 05:03 UTC",Cosmos-2 (63SM) | Cosmos 163,Retired,,Success
6366,General Dynamics,"SLC-4E, Vandenberg SFB, California, USA","Sun Jun 04, 1967 18:07 UTC",Atlas-SLV3 Agena-D | KH-7 38 (Gambit-1 38),Retired,,Success
6367,RVSN USSR,"Site 1/5, Baikonur Cosmodrome, Kazakhstan","Thu Jun 01, 1967 10:40 UTC",Voskhod | Cosmos 162,Retired,,Success
6368,US Air Force,"SLC-2W, Vandenberg SFB, California, USA","Wed May 31, 1967 09:30 UTC",Thor DM-21 Agena-D | Timation 1 & Others,Retired,,Success
6369,US Air Force,"SLC-5, Vandenberg SFB, California, USA","Tue May 30, 1967 02:06 UTC",Scout B | ESRO 2A,Retired,,Failure
6370,RVSN USSR,"Site 1/5, Baikonur Cosmodrome, Kazakhstan","Wed May 24, 1967 22:50 UTC",Molniya | Molniya-1 n°8,Retired,,Success
6371,US Air Force,"SLC-2E (75-1-1), Vandenberg SFB, California, USA","Wed May 24, 1967 14:05 UTC",Delta E1 | Explorer 34 (IMP-F),Retired,,Success
6372,General Dynamics,"SLC-4E, Vandenberg SFB, California, USA","Mon May 22, 1967 18:30 UTC",Atlas-SLV3 Agena-D | KH-7 37 (Gambit-1 37) & LOGACS,Retired,,Success
6373,RVSN USSR,"Site 41/1, Plesetsk Cosmodrome, Russia","Mon May 22, 1967 14:00 UTC",Voskhod | Cosmos 161,Retired,,Success
6374,US Air Force,"SLC-5, Vandenberg SFB, California, USA","Thu May 18, 1967 09:05 UTC",Scout A | Transit-O 13,Retired,,Success
6375,RVSN USSR,"Site 161/35, Baikonur Cosmodrome, Kazakhstan","Wed May 17, 1967 16:05 UTC",R-36 Orb | Cosmos 160,Retired,,Success
6376,RVSN USSR,"Site 1/5, Baikonur Cosmodrome, Kazakhstan","Tue May 16, 1967 21:44 UTC",Molniya-M/Block L | Cosmos 159,Retired,,Partial Failure
6377,RVSN USSR,"Site 132/2, Plesetsk Cosmodrome, Russia","Mon May 15, 1967 11:00 UTC",Cosmos-3M | Cosmos 158,Retired,,Success
6378,RVSN USSR,"Site 1/5, Baikonur Cosmodrome, Kazakhstan","Fri May 12, 1967 10:30 UTC",Vostok-2 | Cosmos 157,Retired,,Success
6379,US Air Force,"SLC-1E (75-3-5), Vandenberg SFB, California, USA","Tue May 09, 1967 21:50 UTC",Thorad SLV-2G Agena-D | KH-4A 41 (Corona 117) & Fanion 3,Retired,,Success
6380,US Air Force,"SLC-5, Vandenberg SFB, California, USA","Fri May 05, 1967 16:00 UTC",Scout A | Ariel 3,Retired,,Success
6381,General Dynamics,"LC-13, Cape Canaveral SFS, Florida, USA","Thu May 04, 1967 22:25 UTC",Atlas-SLV3 Agena-D | Lunar Orbiter 4,Retired,,Success
6382,Martin Marietta,"SLC-41, Cape Canaveral SFS, Florida, USA","Fri Apr 28, 1967 10:01 UTC","Titan IIIC | Vela 4A/4B, ERS-18, OV5-1, OV5-3",Retired,,Success
6383,RVSN USSR,"Site 41/1, Plesetsk Cosmodrome, Russia","Thu Apr 27, 1967 12:50 UTC",Vostok-2M | Cosmos 156,Retired,,Success
6384,US Air Force,"SLC-4W, Vandenberg SFB, California, USA","Wed Apr 26, 1967",Titan IIIB | KH-8 5 (Gambit-3 5),Retired,59.0,Failure
6385,ASI,"SM Launch Tab, San Marco Launch Platform, Kenya","Wed Apr 26, 1967 10:06 UTC",Scout B | San Marco 2,Retired,,Success
6386,RVSN USSR,"Site 1/5, Baikonur Cosmodrome, Kazakhstan","Sun Apr 23, 1967 00:35 UTC",Soyuz | Soyuz 1,Retired,,Success
6387,US Air Force,"SLC-2E (75-1-1), Vandenberg SFB, California, USA","Thu Apr 20, 1967 11:21 UTC",Delta E | ESSA-5,Retired,,Success
6388,General Dynamics,"SLC-36B, Cape Canaveral SFS, Florida, USA","Mon Apr 17, 1967 07:05 UTC",Atlas-LV3C Centaur-D | Surveyor 3,Retired,,Success
6389,US Air Force,"SLC-5, Vandenberg SFB, California, USA","Fri Apr 14, 1967 03:25 UTC",Scout A | Transit-O 12,Retired,,Success
6390,UT,"Lambda Pad, Uchinoura Space Center, Japan","Thu Apr 13, 1967 02:40 UTC",Lambda-IV S | Ōsumi,Retired,,Failure
6391,RVSN USSR,"Site 1/5, Baikonur Cosmodrome, Kazakhstan","Wed Apr 12, 1967 10:51 UTC",Voskhod | Cosmos 155,Retired,,Success
6392,RVSN USSR,"Site 81/23, Baikonur Cosmodrome, Kazakhstan","Sat Apr 08, 1967 09:00 UTC",Proton-K/Block D | Cosmos 154,Retired,,Failure
6393,General Dynamics,"LC-12, Cape Canaveral SFS, Florida, USA","Thu Apr 06, 1967 03:23 UTC",Atlas-SLV3 Agena-D | ATS-2,Retired,,Partial Failure
6394,RVSN USSR,"Site 41/1, Plesetsk Cosmodrome, Russia","Tue Apr 04, 1967 14:00 UTC",Vostok-2 | Cosmos 153,Retired,,Success
6395,US Air Force,"SLC-2W, Vandenberg SFB, California, USA","Thu Mar 30, 1967 18:54 UTC",Thor SLV2A Agena-D | KH-4A 40 (Corona 116),Retired,,Success
6396,RVSN USSR,"Site 133/3, Plesetsk Cosmodrome, Russia","Sat Mar 25, 1967 06:59 UTC",Cosmos-2 (63SM) | Cosmos 152,Retired,,Success
6397,RVSN USSR,"Site 41/15, Baikonur Cosmodrome, Kazakhstan","Fri Mar 24, 1967 11:50 UTC",Cosmos-3 | Cosmos 151,Retired,,Success
6398,US Air Force,"SLC-17B, Cape Canaveral SFS, Florida, USA","Thu Mar 23, 1967 01:30 UTC",Delta E1 | Intelsat 2-3,Retired,,Success
6399,RVSN USSR,"Site 161/35, Baikonur Cosmodrome, Kazakhstan","Wed Mar 22, 1967 14:05 UTC",R-36 Orb | OGTch n°08,Retired,,Failure
6400,RVSN USSR,"Site 41/1, Plesetsk Cosmodrome, Russia","Wed Mar 22, 1967 12:44 UTC",Voskhod | Cosmos 150,Retired,,Success
6401,RVSN USSR,"Site 86/1, Kapustin Yar, Russia","Tue Mar 21, 1967 10:07 UTC",Cosmos-2 (63SM) | Cosmos 149,Retired,,Success
6402,RVSN USSR,"Site 133/3, Plesetsk Cosmodrome, Russia","Thu Mar 16, 1967 17:30 UTC",Cosmos-2 (63SM) | Cosmos 148,Retired,,Success
6403,RVSN USSR,"Site 41/1, Plesetsk Cosmodrome, Russia","Mon Mar 13, 1967 12:10 UTC",Vostok-2 | Cosmos 147,Retired,,Success
6404,RVSN USSR,"Site 81/23, Baikonur Cosmodrome, Kazakhstan","Fri Mar 10, 1967 11:30 UTC",Proton-K/Block D | Cosmos 146,Retired,,Success
6405,US Air Force,"SLC-17A, Cape Canaveral SFS, Florida, USA","Wed Mar 08, 1967 16:12 UTC",Delta C | OSO-3,Retired,,Success
6406,RVSN USSR,"Site 86/1, Kapustin Yar, Russia","Fri Mar 03, 1967 06:44 UTC",Cosmos-2 (63SM) | Cosmos 145,Retired,,Success
6407,RVSN USSR,"Site 41/1, Plesetsk Cosmodrome, Russia","Tue Feb 28, 1967 14:34 UTC",Vostok-2M | Cosmos 144,Retired,,Success
6408,RVSN USSR,"Site 1/5, Baikonur Cosmodrome, Kazakhstan","Mon Feb 27, 1967 08:45 UTC",Vostok-2 | Cosmos 143,Retired,,Partial Failure
6409,US Air Force,"SLC-4W, Vandenberg SFB, California, USA","Fri Feb 24, 1967 19:59 UTC",Titan IIIB | KH-8 4 (Gambit-3 4),Retired,59.0,Success
6410,US Air Force,"SLC-2W, Vandenberg SFB, California, USA","Wed Feb 22, 1967 22:02 UTC",Thor SLV2A Agena-D | KH-4A 39 (Corona 115),Retired,,Success
6411,Armée de l'Air,"Brigitte, Hammaguir, Algeria, France","Wed Feb 15, 1967 10:06 UTC",Diamant A | Diadème 2,Retired,,Success
6412,RVSN USSR,"Site 86/1, Kapustin Yar, Russia","Tue Feb 14, 1967 10:04 UTC",Cosmos-2 (63SM) | Cosmos 142,Retired,,Success
6413,RVSN USSR,"Site 41/1, Plesetsk Cosmodrome, Russia","Wed Feb 08, 1967 10:19 UTC",Voskhod | Cosmos 141,Retired,,Success
6414,Armée de l'Air,"Brigitte, Hammaguir, Algeria, France","Wed Feb 08, 1967 09:39 UTC",Diamant A | Diadème 1,Retired,,Partial Failure
6415,US Air Force,"SLC-10W (75-2-6), Vandenberg SFB, California, USA","Wed Feb 08, 1967 08:00 UTC",Thor LV2D Burner-2 | DSAP-4A F2,Retired,,Success
6416,RVSN USSR,"Site 1/5, Baikonur Cosmodrome, Kazakhstan","Tue Feb 07, 1967 03:20 UTC",Soyuz | Cosmos 140,Retired,,Success
6417,General Dynamics,"LC-13, Cape Canaveral SFS, Florida, USA","Sun Feb 05, 1967 01:17 UTC",Atlas-SLV3 Agena-D | Lunar Orbiter 3,Retired,,Success
6418,General Dynamics,"SLC-4E, Vandenberg SFB, California, USA","Thu Feb 02, 1967 20:00 UTC",Atlas-SLV3 Agena-D | KH-7 36 (Gambit-1 36),Retired,,Success
6419,US Air Force,"SLC-5, Vandenberg SFB, California, USA","Tue Jan 31, 1967 12:45 UTC",Scout B | OV3 5,Retired,,Failure
6420,US Air Force,"SLC-2E (75-1-1), Vandenberg SFB, California, USA","Thu Jan 26, 1967 17:31 UTC",Delta E | ESSA-4,Retired,,Success
6421,RVSN USSR,"Site 162/36, Baikonur Cosmodrome, Kazakhstan","Wed Jan 25, 1967 13:55 UTC",R-36 Orb | Cosmos 139,Retired,,Success
6422,RVSN USSR,"Site 41/1, Plesetsk Cosmodrome, Russia","Thu Jan 19, 1967 12:39 UTC",Vostok-2 | Cosmos 138,Retired,,Success
6423,Martin Marietta,"SLC-41, Cape Canaveral SFS, Florida, USA","Wed Jan 18, 1967 14:19 UTC",Titan IIIC | OPS 9321-9328,Retired,,Success
6424,US Air Force,"SLC-2W, Vandenberg SFB, California, USA","Sat Jan 14, 1967 21:28 UTC",Thor SLV2A Agena-D | KH-4A 38 (Corona 114),Retired,,Success
6425,US Air Force,"SLC-17B, Cape Canaveral SFS, Florida, USA","Wed Jan 11, 1967 10:55 UTC",Delta E1 | Intelsat-2 2,Retired,,Success
6426,US Air Force,"SLC-2W, Vandenberg SFB, California, USA","Thu Dec 29, 1966 12:00 UTC",Thor SLV2A Agena-D | OPS 1584,Retired,,Success
6427,RVSN USSR,"Site 86/1, Kapustin Yar, Russia","Wed Dec 21, 1966 13:11 UTC",Cosmos-1 (65S3) | Cosmos 137,Retired,,Success
6428,RVSN USSR,"Site 1/5, Baikonur Cosmodrome, Kazakhstan","Wed Dec 21, 1966 10:17 UTC",Molniya-M/Block L | Luna 13,Retired,,Success
6429,UT,"Lambda Pad, Uchinoura Space Center, Japan","Tue Dec 20, 1966 02:20 UTC",Lambda-IV S | Ōsumi,Retired,,Failure
6430,RVSN USSR,"Site 41/1, Plesetsk Cosmodrome, Russia","Mon Dec 19, 1966 12:00 UTC",Vostok-2 | Cosmos 136,Retired,,Success
6431,US Air Force,"SLC-17A, Cape Canaveral SFS, Florida, USA","Wed Dec 14, 1966 19:20 UTC",Delta G | Biosatellite 1,Retired,,Success
6432,US Air Force,"SLC-4W, Vandenberg SFB, California, USA","Wed Dec 14, 1966 18:14 UTC",Titan IIIB | KH-8 3 (Gambit-3 3),Retired,59.0,Success
6433,RVSN USSR,"Site 31/6, Baikonur Cosmodrome, Kazakhstan","Wed Dec 14, 1966 11:27 UTC",Soyuz | Soyuz 7K-OK n°1,Retired,,Prelaunch Failure
6434,RVSN USSR,"Site 86/1, Kapustin Yar, Russia","Mon Dec 12, 1966 20:37 UTC",Cosmos-2 (63SM) | Cosmos 135,Retired,,Success
6435,General Dynamics,"LC-576B3, Vandenberg SFB, California, USA","Sun Dec 11, 1966 21:09 UTC",Atlas-D OV1 | OV1-9/OV1-10,Retired,,Success
6436,General Dynamics,"LC-12, Cape Canaveral SFS, Florida, USA","Wed Dec 07, 1966 02:12 UTC",Atlas-SLV3 Agena-D | ATS-1,Retired,,Success
6437,General Dynamics,"SLC-4E, Vandenberg SFB, California, USA","Mon Dec 05, 1966 21:09 UTC",Atlas-SLV3 Agena-D | KH-7 35 (Gambit-1 35),Retired,,Success
6438,RVSN USSR,"Site 31/6, Baikonur Cosmodrome, Kazakhstan","Sat Dec 03, 1966 08:15 UTC",Voskhod | Cosmos 134,Retired,,Success
6439,RVSN USSR,"Site 31/6, Baikonur Cosmodrome, Kazakhstan","Mon Nov 28, 1966 11:00 UTC",Soyuz | Cosmos 133,Retired,,Success
6440,RVSN USSR,"Site 31/6, Baikonur Cosmodrome, Kazakhstan","Sat Nov 19, 1966 08:00 UTC",Vostok-2 | Cosmos 132,Retired,,Success
6441,RVSN USSR,"Site 41/15, Baikonur Cosmodrome, Kazakhstan","Wed Nov 16, 1966 13:00 UTC",Cosmos-3 | Strela-2 n°2,Retired,,Failure
6442,RVSN USSR,"Site 41/1, Plesetsk Cosmodrome, Russia","Sat Nov 12, 1966 09:50 UTC",Voskhod | Cosmos 131,Retired,,Success
6443,NASA,"LC-19, Cape Canaveral SFS, Florida, USA","Fri Nov 11, 1966 20:46 UTC",Titan II GLV | Gemini XII,Retired,,Success
6444,General Dynamics,"LC-14, Cape Canaveral SFS, Florida, USA","Fri Nov 11, 1966 19:07 UTC",Atlas-SLV3 Agena-D | GATV 5001,Retired,,Success
6445,US Air Force,"SLC-1W (75-3-4), Vandenberg SFB, California, USA","Tue Nov 08, 1966 19:53 UTC",Thorad SLV-2G Agena-D | KH-4A 37 (Corona 113),Retired,,Success
6446,General Dynamics,"LC-13, Cape Canaveral SFS, Florida, USA","Sun Nov 06, 1966 23:21 UTC",Atlas-SLV3 Agena-D | Lunar Orbiter 2,Retired,,Success
6447,Martin Marietta,"SLC-40, Cape Canaveral SFS, Florida, USA","Thu Nov 03, 1966 13:50 UTC","Titan IIIC | Gemini B, OV4-3, &  OV4-1R/T",Retired,,Success
6448,General Dynamics,"SLC-4E, Vandenberg SFB, California, USA","Wed Nov 02, 1966 20:24 UTC",Atlas-SLV3 Agena-D | KH-7 34 (Gambit-1 34) & OPS 5424,Retired,,Success
6449,RVSN USSR,"Site 162/36, Baikonur Cosmodrome, Kazakhstan","Wed Nov 02, 1966 00:45 UTC",R-36 Orb | OGTch n°06,Retired,,Failure
6450,US Air Force,"SLC-5, Vandenberg SFB, California, USA","Fri Oct 28, 1966 11:56 UTC",Scout B | OV3 2,Retired,,Success
6451,US Air Force,"SLC-17B, Cape Canaveral SFS, Florida, USA","Wed Oct 26, 1966 23:05 UTC",Delta E1 | Intelsat-2 1,Retired,,Success
6452,General Dynamics,"SLC-36B, Cape Canaveral SFS, Florida, USA","Wed Oct 26, 1966 11:12 UTC",Atlas-LV3C Centaur-D | Surveyor SD-4,Retired,,Success
6453,RVSN USSR,"Site 31/6, Baikonur Cosmodrome, Kazakhstan","Sat Oct 22, 1966 08:42 UTC",Molniya-M/Block L | Luna 12,Retired,,Success
6454,RVSN USSR,"Site 31/6, Baikonur Cosmodrome, Kazakhstan","Thu Oct 20, 1966 08:46 UTC",Voskhod | Cosmos 130,Retired,,Success
6455,RVSN USSR,"Site 1/5, Baikonur Cosmodrome, Kazakhstan","Thu Oct 20, 1966 07:50 UTC",Molniya | Molniya-1 n°7,Retired,,Success
6456,RVSN USSR,"Site 41/1, Plesetsk Cosmodrome, Russia","Fri Oct 14, 1966 12:13 UTC",Vostok-2 | Cosmos 129,Retired,,Success
6457,General Dynamics,"SLC-4E, Vandenberg SFB, California, USA","Wed Oct 12, 1966 19:15 UTC",Atlas-SLV3 Agena-D | KH-7 33 (Gambit-1 33) & SGLS 1,Retired,,Success
6458,General Dynamics,"SLC-3E, Vandenberg SFB, California, USA","Wed Oct 05, 1966 22:00 UTC",Atlas-SLV3 Agena-D | Midas 12,Retired,,Success
6459,US Air Force,"SLC-2E (75-1-1), Vandenberg SFB, California, USA","Sun Oct 02, 1966 10:39 UTC",Delta E | ESSA-3,Retired,,Success
6460,US Air Force,"SLC-4W, Vandenberg SFB, California, USA","Wed Sep 28, 1966 19:07 UTC",Titan IIIB | KH-8 2 (Gambit-3 2),Retired,59.0,Success
6461,UT,"Lambda Pad, Uchinoura Space Center, Japan","Mon Sep 26, 1966 02:58 UTC",Lambda-IV S | Ōsumi,Retired,,Failure
6462,US Air Force,"SLC-3W, Vandenberg SFB, California, USA","Tue Sep 20, 1966 21:14 UTC",Thor SLV2A Agena-D | KH-4A 36 (Corona 112),Retired,,Success
6463,General Dynamics,"SLC-36A, Cape Canaveral SFS, Florida, USA","Tue Sep 20, 1966 12:32 UTC",Atlas-LV3C Centaur-D | Surveyor 2,Retired,,Success
6464,RVSN USSR,"Site 162/36, Baikonur Cosmodrome, Kazakhstan","Sat Sep 17, 1966 22:35 UTC",R-36 Orb | OGTch n°05,Retired,,Failure
6465,General Dynamics,"SLC-4E, Vandenberg SFB, California, USA","Fri Sep 16, 1966 17:59 UTC",Atlas-SLV3 Agena-D | KH-7 32 (Gambit-1 32) & Fanion 2,Retired,,Success
6466,RVSN USSR,"Site 31/6, Baikonur Cosmodrome, Kazakhstan","Fri Sep 16, 1966 09:30 UTC",Vostok-2 | Zenit-2 n°40,Retired,,Failure
6467,US Air Force,"SLC-10W (75-2-6), Vandenberg SFB, California, USA","Fri Sep 16, 1966 04:36 UTC",Thor LV2D Burner-2 | DSAP-4A F1,Retired,,Success
6468,NASA,"LC-19, Cape Canaveral SFS, Florida, USA","Mon Sep 12, 1966 14:42 UTC",Titan II GLV | Gemini XI,Retired,,Success
6469,General Dynamics,"LC-14, Cape Canaveral SFS, Florida, USA","Mon Sep 12, 1966 13:05 UTC",Atlas-SLV3 Agena-D | GATV 5006,Retired,,Success
6470,RVSN USSR,"Site 31/6, Baikonur Cosmodrome, Kazakhstan","Sat Aug 27, 1966 09:50 UTC",Voskhod | Cosmos 128,Retired,,Success
6471,Martin Marietta,"SLC-41, Cape Canaveral SFS, Florida, USA","Fri Aug 26, 1966 13:59 UTC","Titan IIIC | IDCSP-1 8-14, GGTS-2",Retired,,Failure
6472,NASA,"LC-34, Cape Canaveral SFS, Florida, USA","Thu Aug 25, 1966 17:15 UTC",Saturn IB | AS-202,Retired,,Success
6473,RVSN USSR,"Site 31/6, Baikonur Cosmodrome, Kazakhstan","Wed Aug 24, 1966 08:03 UTC",Molniya-M/Block L | Luna 11,Retired,,Success
6474,General Dynamics,"SLC-3E, Vandenberg SFB, California, USA","Fri Aug 19, 1966 19:25 UTC",Atlas-SLV3 Agena-D | Midas 11,Retired,,Success
6475,US Air Force,"SLC-5, Vandenberg SFB, California, USA","Thu Aug 18, 1966 02:25 UTC",Scout A | Transit-O 10,Retired,,Success
6476,US Air Force,"SLC-17A, Cape Canaveral SFS, Florida, USA","Wed Aug 17, 1966 15:20 UTC",Delta E1 | Pioneer 7,Retired,,Success
6477,General Dynamics,"SLC-4E, Vandenberg SFB, California, USA","Tue Aug 16, 1966 18:30 UTC",Atlas-SLV3 Agena-D | KH-7 31 (Gambit-1 31) & Sampan 1,Retired,,Success
6478,General Dynamics,"LC-13, Cape Canaveral SFS, Florida, USA","Wed Aug 10, 1966 19:26 UTC",Atlas-SLV3 Agena-D | Lunar Orbiter 1,Retired,,Success
6479,US Air Force,"SLC-1W (75-3-4), Vandenberg SFB, California, USA","Tue Aug 09, 1966 20:46 UTC",Thorad SLV-2G Agena-D | KH-4A 35 (Corona 111),Retired,,Success
6480,RVSN USSR,"Site 31/6, Baikonur Cosmodrome, Kazakhstan","Mon Aug 08, 1966 11:29 UTC",Voskhod | Cosmos 127,Retired,,Success
6481,US Air Force,"SLC-5, Vandenberg SFB, California, USA","Thu Aug 04, 1966 10:45 UTC",Scout B | OV3 3,Retired,,Success
6482,US Air Force,"SLC-4W, Vandenberg SFB, California, USA","Fri Jul 29, 1966 18:30 UTC",Titan IIIB | KH-8 1 (Gambit-3 1),Retired,59.0,Success
6483,RVSN USSR,"Site 31/6, Baikonur Cosmodrome, Kazakhstan","Thu Jul 28, 1966 10:50 UTC",Voskhod | Cosmos 126,Retired,,Success
6484,RVSN USSR,"Site 31/6, Baikonur Cosmodrome, Kazakhstan","Wed Jul 20, 1966 08:58 UTC",Vostok-2A | Cosmos 125,Retired,,Success
6485,NASA,"LC-19, Cape Canaveral SFS, Florida, USA","Mon Jul 18, 1966 22:20 UTC",Titan II GLV | Gemini X,Retired,,Success
6486,General Dynamics,"LC-14, Cape Canaveral SFS, Florida, USA","Mon Jul 18, 1966 20:39 UTC",Atlas-SLV3 Agena-D | GATV 5005,Retired,,Success
6487,RVSN USSR,"Site 31/6, Baikonur Cosmodrome, Kazakhstan","Thu Jul 14, 1966 10:25 UTC",Voskhod | Cosmos 124,Retired,,Success
6488,General Dynamics,"LC-576B3, Vandenberg SFB, California, USA","Thu Jul 14, 1966 02:10 UTC",Atlas-D OV1 | OV1-7/OV1-8,Retired,,Partial Failure
6489,General Dynamics,"SLC-4E, Vandenberg SFB, California, USA","Tue Jul 12, 1966 17:55 UTC",Atlas-SLV3 Agena-D | KH-7 30 (Gambit-1 30),Retired,,Success
6490,RVSN USSR,"Site 86/1, Kapustin Yar, Russia","Fri Jul 08, 1966 05:31 UTC",Cosmos-1 (65S3) | Cosmos 123,Retired,,Success
6491,RVSN USSR,"Site 81/24, Baikonur Cosmodrome, Kazakhstan","Wed Jul 06, 1966 12:57 UTC",Proton | Proton 3,Retired,,Success
6492,NASA,"SLC-37B, Cape Canaveral SFS, Florida, USA","Tue Jul 05, 1966 14:53 UTC",Saturn IB | AS-203,Retired,,Success
6493,US Air Force,"SLC-17A, Cape Canaveral SFS, Florida, USA","Fri Jul 01, 1966 16:02 UTC",Delta E1 | Explorer 33 (IMP-D),Retired,,Success
6494,RVSN USSR,"Site 31/6, Baikonur Cosmodrome, Kazakhstan","Sat Jun 25, 1966 10:30 UTC",Vostok-2M | Cosmos 122,Retired,,Success
6495,US Air Force,"SLC-2E (75-1-1), Vandenberg SFB, California, USA","Fri Jun 24, 1966 00:12 UTC",Thor SLV2A Agena-D | PAGEOS-1,Retired,,Success
6496,US Air Force,"SLC-1E (75-3-5), Vandenberg SFB, California, USA","Tue Jun 21, 1966 21:31 UTC",Thor SLV2A Agena-D | KH-4A 34 (Corona 110),Retired,,Success
6497,RVSN USSR,"Site 41/1, Plesetsk Cosmodrome, Russia","Fri Jun 17, 1966 11:00 UTC",Voskhod | Cosmos 121,Retired,,Success
6498,Martin Marietta,"SLC-41, Cape Canaveral SFS, Florida, USA","Thu Jun 16, 1966 14:00 UTC",Titan IIIC | OPS 9311-9317 & GGTS-1,Retired,,Success
6499,NASA,"LA-3, Wallops Flight Facility, Virginia, USA","Fri Jun 10, 1966 04:15 UTC",Scout B | OV3 4,Retired,,Success
6500,General Dynamics,"SLC-3E, Vandenberg SFB, California, USA","Thu Jun 09, 1966 20:15 UTC",Atlas-SLV3 Agena-D | Midas 10,Retired,,Partial Failure
6501,RVSN USSR,"Site 31/6, Baikonur Cosmodrome, Kazakhstan","Wed Jun 08, 1966 11:00 UTC",Voskhod | Cosmos 120,Retired,,Success
6502,General Dynamics,"LC-12, Cape Canaveral SFS, Florida, USA","Tue Jun 07, 1966 02:48 UTC",Atlas-SLV3 Agena-B | OGO-3,Retired,,Success
6503,General Dynamics,"SLC-4E, Vandenberg SFB, California, USA","Fri Jun 03, 1966 19:25 UTC",Atlas-SLV3 Agena-D | KH-7 29 (Gambit-1 29) & OPS 1856,Retired,,Success
6504,NASA,"LC-19, Cape Canaveral SFS, Florida, USA","Fri Jun 03, 1966 13:39 UTC",Titan II GLV | Gemini IX-A,Retired,,Success
6505,General Dynamics,"LC-14, Cape Canaveral SFS, Florida, USA","Wed Jun 01, 1966 15:00 UTC",Atlas SLV-3 | ATDA,Retired,,Success
6506,General Dynamics,"SLC-36A, Cape Canaveral SFS, Florida, USA","Mon May 30, 1966 14:41 UTC",Atlas-LV3C Centaur-D | Surveyor 1,Retired,,Success
6507,US Air Force,"SLC-17B, Cape Canaveral SFS, Florida, USA","Wed May 25, 1966 14:00 UTC",Delta C1 | Explorer 32 (AE-B),Retired,,Success
6508,RVSN USSR,"Site 86/1, Kapustin Yar, Russia","Tue May 24, 1966 05:30 UTC",Cosmos-2 (63SM) | Cosmos 119,Retired,,Success
6509,US Air Force,"SLC-2E (75-1-1), Vandenberg SFB, California, USA","Tue May 24, 1966 02:00 UTC",Thor SLV2A Agena-D | KH-4A 33 (Corona 109),Retired,,Success
6510,RVSN USSR,"Site 67/22, Baikonur Cosmodrome, Kazakhstan","Thu May 19, 1966 19:30 UTC",R-36 Orb | OGTch n°04,Retired,,Success
6511,US Air Force,"SLC-5, Vandenberg SFB, California, USA","Thu May 19, 1966 02:27 UTC",Scout A | Transit-O 9,Retired,,Success
6512,General Dynamics,"LC-14, Cape Canaveral SFS, Florida, USA","Tue May 17, 1966 15:15 UTC",Atlas-SLV3 Agena-D | GATV 5004,Retired,,Failure
6513,RVSN USSR,"Site 41/1, Plesetsk Cosmodrome, Russia","Tue May 17, 1966 11:00 UTC",Voskhod | Zenit-4 n°18,Retired,,Failure
6514,US Air Force,"SLC-2E (75-1-1), Vandenberg SFB, California, USA","Sun May 15, 1966 07:55 UTC",Thor SLV2A Agena-D | Nimbus-2,Retired,,Success
6515,General Dynamics,"SLC-4E, Vandenberg SFB, California, USA","Sat May 14, 1966 19:02 UTC",Atlas-SLV3 Agena-D | KH-7 28 (Gambit-1 28) & Leige,Retired,,Success
6516,RVSN USSR,"Site 31/6, Baikonur Cosmodrome, Kazakhstan","Wed May 11, 1966 14:10 UTC",Vostok-2M | Cosmos 118,Retired,,Success
6517,RVSN USSR,"Site 31/6, Baikonur Cosmodrome, Kazakhstan","Fri May 06, 1966 10:58 UTC",Vostok-2 | Cosmos 117,Retired,,Success
6518,US Air Force,"SLC-1E (75-3-5), Vandenberg SFB, California, USA","Tue May 03, 1966 19:25 UTC",Thor SLV2A Agena-D | KH-4A 32 (Corona 108),Retired,,Failure
6519,RVSN USSR,"Site 86/1, Kapustin Yar, Russia","Tue Apr 26, 1966 10:04 UTC",Cosmos-2 (63SM) | Cosmos 116,Retired,,Success
6520,RVSN USSR,"Site 31/6, Baikonur Cosmodrome, Kazakhstan","Mon Apr 25, 1966 07:10 UTC",Molniya | Molniya-1 n°6,Retired,,Success
6521,US Air Force,"SLC-5, Vandenberg SFB, California, USA","Fri Apr 22, 1966 09:45 UTC",Scout B | OV3 1,Retired,,Success
6522,RVSN USSR,"Site 31/6, Baikonur Cosmodrome, Kazakhstan","Wed Apr 20, 1966 10:40 UTC",Vostok-2 | Cosmos 115,Retired,,Success
6523,General Dynamics,"SLC-4E, Vandenberg SFB, California, USA","Tue Apr 19, 1966 19:15 UTC",Atlas-SLV3 Agena-D | KH-7 27 (Gambit-1 27),Retired,,Success
6524,General Dynamics,"LC-12, Cape Canaveral SFS, Florida, USA","Fri Apr 08, 1966 19:35 UTC",Atlas-SLV3B Agena-D | OAO-1,Retired,,Success
6525,General Dynamics,"SLC-36B, Cape Canaveral SFS, Florida, USA","Fri Apr 08, 1966 01:00 UTC",Atlas-LV3C Centaur-D | Surveyor Model-3,Retired,,Partial Failure
6526,US Air Force,"SLC-2E (75-1-1), Vandenberg SFB, California, USA","Thu Apr 07, 1966 22:02 UTC",Thor SLV2A Agena-D | KH-4A 31 (Corona 107),Retired,,Success
6527,RVSN USSR,"Site 41/1, Plesetsk Cosmodrome, Russia","Wed Apr 06, 1966 11:40 UTC",Voskhod | Cosmos 114,Retired,,Success
6528,RVSN USSR,"Site 31/6, Baikonur Cosmodrome, Kazakhstan","Thu Mar 31, 1966 10:46 UTC",Molniya-M/Block L | Luna 10,Retired,,Success
6529,US Air Force,"SLC-10W (75-2-6), Vandenberg SFB, California, USA","Thu Mar 31, 1966 05:41 UTC",Thor LV2D Burner-1I | DSAP-2 F3,Retired,,Success
6530,General Dynamics,"LC-576B3, Vandenberg SFB, California, USA","Wed Mar 30, 1966 09:20 UTC",Atlas-D OV1 | OV1-4/OV1-5,Retired,,Success
6531,RVSN USSR,"Site 31/6, Baikonur Cosmodrome, Kazakhstan","Sun Mar 27, 1966 07:20 UTC",Molniya | Molniya-1 n°5,Retired,,Failure
6532,US Air Force,"SLC-5, Vandenberg SFB, California, USA","Sat Mar 26, 1966 03:31 UTC",Scout A | Transit-O 8,Retired,,Success
6533,RVSN USSR,"Site 81/24, Baikonur Cosmodrome, Kazakhstan","Thu Mar 24, 1966 14:39 UTC",Proton | N-4 n°3,Retired,,Failure
6534,RVSN USSR,"Site 31/6, Baikonur Cosmodrome, Kazakhstan","Mon Mar 21, 1966 09:40 UTC",Voskhod | Cosmos 113,Retired,,Success
6535,General Dynamics,"SLC-4E, Vandenberg SFB, California, USA","Fri Mar 18, 1966 20:00 UTC",Atlas-SLV3 Agena-D | KH-7 26 (Gambit-1 26) & NRL-PL 137,Retired,,Success
6536,RVSN USSR,"Site 41/1, Plesetsk Cosmodrome, Russia","Thu Mar 17, 1966 10:28 UTC",Vostok-2 | Cosmos 112,Retired,,Success
6537,NASA,"LC-19, Cape Canaveral SFS, Florida, USA","Wed Mar 16, 1966 16:41 UTC",Titan II GLV | Gemini VIII,Retired,,Success
6538,General Dynamics,"LC-14, Cape Canaveral SFS, Florida, USA","Wed Mar 16, 1966 15:00 UTC",Atlas-SLV3 Agena-D | GATV 5003,Retired,,Success
6539,RVSN USSR,"Site 67/21, Baikonur Cosmodrome, Kazakhstan","Tue Mar 15, 1966 23:59 UTC",R-36 Orb | OGTch n°03,Retired,,Prelaunch Failure
6540,US Air Force,"SLC-1W (75-3-4), Vandenberg SFB, California, USA","Wed Mar 09, 1966 22:02 UTC",Thor SLV2A Agena-D | KH-4A 30 (Corona 106),Retired,,Success
6541,RVSN USSR,"Site 31/6, Baikonur Cosmodrome, Kazakhstan","Tue Mar 01, 1966 11:03 UTC",Molniya-M/Block L | Cosmos 111,Retired,,Partial Failure
6542,US Air Force,"SLC-17B, Cape Canaveral SFS, Florida, USA","Mon Feb 28, 1966 13:58 UTC",Delta E | ESSA-2,Retired,,Success
6543,NASA,"LC-34, Cape Canaveral SFS, Florida, USA","Sat Feb 26, 1966 16:12 UTC",Saturn IB | AS-201,Retired,,Success
6544,RVSN USSR,"Site 31/6, Baikonur Cosmodrome, Kazakhstan","Tue Feb 22, 1966 20:09 UTC",Voskhod | Cosmos 110,Retired,,Success
6545,RVSN USSR,"Site 86/1, Kapustin Yar, Russia","Mon Feb 21, 1966 13:30 UTC",Cosmos-1 (65S3) | DS-K40 n°2,Retired,,Failure
6546,RVSN USSR,"Site 31/6, Baikonur Cosmodrome, Kazakhstan","Sat Feb 19, 1966 08:49 UTC",Voskhod | Cosmos 109,Retired,,Success
6547,Armée de l'Air,"Brigitte, Hammaguir, Algeria, France","Thu Feb 17, 1966 08:33 UTC",Diamant A | Diapason,Retired,,Success
6548,General Dynamics,"SLC-4E, Vandenberg SFB, California, USA","Tue Feb 15, 1966 20:30 UTC","Atlas-SLV3 Agena-D | KH-7 25 (Gambit-1 25), Bluebell 2C & Bluebell 2S",Retired,,Success
6549,RVSN USSR,"Site 86/1, Kapustin Yar, Russia","Fri Feb 11, 1966 18:00 UTC",Cosmos-1 (65S3) | Cosmos 108,Retired,,Success
6550,RVSN USSR,"Site 31/6, Baikonur Cosmodrome, Kazakhstan","Thu Feb 10, 1966 08:40 UTC",Vostok-2 | Cosmos 107,Retired,,Success
6551,US Air Force,"SLC-2W, Vandenberg SFB, California, USA","Wed Feb 09, 1966 19:45 UTC",Thor SLV2A Agena-D | OPS 1439,Retired,,Success
6552,RVSN USSR,"Site 67/21, Baikonur Cosmodrome, Kazakhstan","Sat Feb 05, 1966 12:19 UTC",R-36 Orb | OGTch n°02,Retired,,Success
6553,US Air Force,"SLC-17A, Cape Canaveral SFS, Florida, USA","Thu Feb 03, 1966 07:41 UTC",Delta C | ESSA-1,Retired,,Success
6554,US Air Force,"SLC-2E (75-1-1), Vandenberg SFB, California, USA","Wed Feb 02, 1966 21:32 UTC",Thor SLV2A Agena-D | KH-4A 29 (Corona 105),Retired,,Success
6555,RVSN USSR,"Site 31/6, Baikonur Cosmodrome, Kazakhstan","Mon Jan 31, 1966 11:41 UTC",Molniya-M/Block L | Luna 9,Retired,,Success
6556,US Air Force,"SLC-5, Vandenberg SFB, California, USA","Fri Jan 28, 1966 17:06 UTC",Scout A | Transit-O 7,Retired,,Success
6557,RVSN USSR,"Site 86/1, Kapustin Yar, Russia","Tue Jan 25, 1966 12:28 UTC",Cosmos-2 (63SM) | Cosmos 106,Retired,,Success
6558,RVSN USSR,"Site 31/6, Baikonur Cosmodrome, Kazakhstan","Sat Jan 22, 1966 08:30 UTC",Vostok-2 | Cosmos 105,Retired,,Success
6559,General Dynamics,"SLC-4E, Vandenberg SFB, California, USA","Wed Jan 19, 1966 20:03 UTC",Atlas-SLV3 Agena-D | KH-7 24 (Gambit-1 24) & OPS 3179,Retired,,Success
6560,RVSN USSR,"Site 31/6, Baikonur Cosmodrome, Kazakhstan","Fri Jan 07, 1966 08:20 UTC",Vostok-2 | Cosmos 104,Retired,,Partial Failure
6561,US Air Force,"SLC-10W (75-2-6), Vandenberg SFB, California, USA","Fri Jan 07, 1966 04:48 UTC",Thor LV2D Burner-1I | DSAP-2 F2,Retired,,Failure
6562,RVSN USSR,"Site 41/15, Baikonur Cosmodrome, Kazakhstan","Tue Dec 28, 1965 12:30 UTC",Cosmos-3 | Cosmos 103,Retired,,Success
6563,RVSN USSR,"Site 86/1, Kapustin Yar, Russia","Tue Dec 28, 1965 08:10 UTC",Cosmos-1 (65S3) | DS-K40 n°1,Retired,,Failure
6564,RVSN USSR,"Site 31/6, Baikonur Cosmodrome, Kazakhstan","Mon Dec 27, 1965 22:24 UTC",Vostok-2A | Cosmos 102,Retired,,Success
6565,US Air Force,"SLC-1W (75-3-4), Vandenberg SFB, California, USA","Fri Dec 24, 1965 21:06 UTC",Thor SLV2A Agena-D | KH-4A 28 (Corona 104),Retired,,Success
6566,US Air Force,"SLC-5, Vandenberg SFB, California, USA","Wed Dec 22, 1965 04:33 UTC",Scout A | Transit-O 6,Retired,,Success
6567,Martin Marietta,"SLC-41, Cape Canaveral SFS, Florida, USA","Tue Dec 21, 1965 14:00 UTC","Titan IIIC | LES 3 & 4, OV2-3, OSCAR-4",Retired,,Partial Failure
6568,RVSN USSR,"Site 86/1, Kapustin Yar, Russia","Tue Dec 21, 1965 06:14 UTC",Cosmos-1 (65S3) | Cosmos 101,Retired,,Success
6569,RVSN USSR,"Site 31/6, Baikonur Cosmodrome, Kazakhstan","Fri Dec 17, 1965 02:20 UTC",Vostok-2M | Cosmos 100,Retired,,Success
6570,RVSN USSR,"Site 67/21, Baikonur Cosmodrome, Kazakhstan","Thu Dec 16, 1965 14:09 UTC",R-36 Orb | OGTch n°01,Retired,,Success
6571,US Air Force,"SLC-17A, Cape Canaveral SFS, Florida, USA","Thu Dec 16, 1965 07:31 UTC",Delta E | Pioneer 6,Retired,,Success
6572,NASA,"LC-19, Cape Canaveral SFS, Florida, USA","Wed Dec 15, 1965 13:37 UTC",Titan II GLV | Gemini VI-A,Retired,,Success
6573,RVSN USSR,"Site 31/6, Baikonur Cosmodrome, Kazakhstan","Fri Dec 10, 1965 08:10 UTC",Vostok-2 | Cosmos 99,Retired,,Success
6574,US Air Force,"SLC-1E (75-3-5), Vandenberg SFB, California, USA","Thu Dec 09, 1965 21:10 UTC",Thor SLV2A Agena-D | KH-4A 27 (Corona 103),Retired,,Success
6575,US Air Force,"SLC-5, Vandenberg SFB, California, USA","Mon Dec 06, 1965 21:05 UTC",Scout X-4 | France 1,Retired,,Success
6576,NASA,"LC-19, Cape Canaveral SFS, Florida, USA","Sat Dec 04, 1965 19:30 UTC",Titan II GLV | Gemini VII,Retired,,Success
6577,RVSN USSR,"Site 31/6, Baikonur Cosmodrome, Kazakhstan","Fri Dec 03, 1965 10:46 UTC",Molniya | Luna 8,Retired,,Success
6578,US Air Force,"SLC-2E (75-1-1), Vandenberg SFB, California, USA","Mon Nov 29, 1965 04:48 UTC",Thor DM-21 Agena-B | Alouette 2 & Explorer 31 (DME-A),Retired,,Success
6579,RVSN USSR,"Site 31/6, Baikonur Cosmodrome, Kazakhstan","Sat Nov 27, 1965 08:20 UTC",Vostok-2 | Cosmos 98,Retired,,Success
6580,Armée de l'Air,"Brigitte, Hammaguir, Algeria, France","Fri Nov 26, 1965 14:47 UTC",Diamant A | Astérix,Retired,,Success
6581,RVSN USSR,"Site 86/1, Kapustin Yar, Russia","Fri Nov 26, 1965 12:14 UTC",Cosmos-2 (63SM) | Cosmos 97,Retired,,Success
6582,RVSN USSR,"Site 31/6, Baikonur Cosmodrome, Kazakhstan","Tue Nov 23, 1965 03:14 UTC",Molniya | Cosmos 96,Retired,,Partial Failure
6583,NASA,"LA-3, Wallops Flight Facility, Virginia, USA","Fri Nov 19, 1965 04:48 UTC",Scout X-4 | Explorer 30 (SOLRAD 8),Retired,,Success
6584,RVSN USSR,"Site 31/6, Baikonur Cosmodrome, Kazakhstan","Tue Nov 16, 1965 04:13 UTC",Molniya | Venera 3,Retired,,Success
6585,RVSN USSR,"Site 31/6, Baikonur Cosmodrome, Kazakhstan","Fri Nov 12, 1965 04:46 UTC",Molniya | Venera 2,Retired,,Success
6586,General Dynamics,"SLC-4E, Vandenberg SFB, California, USA","Mon Nov 08, 1965 19:30 UTC",Atlas-SLV3 Agena-D | KH-7 23 (Gambit-1 23) & Auroral,Retired,,Success
6587,US Air Force,"SLC-17A, Cape Canaveral SFS, Florida, USA","Sat Nov 06, 1965 18:38 UTC",Delta E | Explorer 29 (GEOS 1),Retired,,Success
6588,RVSN USSR,"Site 86/1, Kapustin Yar, Russia","Thu Nov 04, 1965 05:31 UTC",Cosmos-2 (63SM) | Cosmos 95,Retired,,Success
6589,RVSN USSR,"Site 81/24, Baikonur Cosmodrome, Kazakhstan","Tue Nov 02, 1965 12:29 UTC",Proton | Proton 2,Retired,,Success
6590,US Air Force,"SLC-2E (75-1-1), Vandenberg SFB, California, USA","Thu Oct 28, 1965 21:17 UTC",Thor SLV2A Agena-D | KH-4A 26 (Corona 102),Retired,,Success
6591,RVSN USSR,"Site 31/6, Baikonur Cosmodrome, Kazakhstan","Thu Oct 28, 1965 08:15 UTC",Voskhod | Cosmos 94,Retired,,Success
6592,General Dynamics,"LC-14, Cape Canaveral SFS, Florida, USA","Mon Oct 25, 1965 15:00 UTC",Atlas-SLV3 Agena-D | GATV 5002,Retired,,Failure
6593,RVSN USSR,"Site 86/1, Kapustin Yar, Russia","Tue Oct 19, 1965 05:44 UTC",Cosmos-2 (63SM) | Cosmos 93,Retired,,Success
6594,RVSN USSR,"Site 31/6, Baikonur Cosmodrome, Kazakhstan","Sat Oct 16, 1965 08:14 UTC",Voskhod | Cosmos 92,Retired,,Success
6595,Martin Marietta,"SLC-40, Cape Canaveral SFS, Florida, USA","Fri Oct 15, 1965 17:23 UTC",Titan IIIC | LCS-2 & OV2-1,Retired,,Failure
6596,US Air Force,"SLC-2E (75-1-1), Vandenberg SFB, California, USA","Thu Oct 14, 1965 13:11 UTC",Thor SLV2A Agena-D | OGO-2,Retired,,Success
6597,RVSN USSR,"Site 1/5, Baikonur Cosmodrome, Kazakhstan","Thu Oct 14, 1965 06:00 UTC",Molniya | Molniya-1 n°4,Retired,,Success
6598,US Air Force,"SLC-1E (75-3-5), Vandenberg SFB, California, USA","Tue Oct 05, 1965 17:45 UTC",Thor SLV2A Agena-D | KH-4A 25 (Corona 101),Retired,,Success
6599,General Dynamics,"LC-576B3, Vandenberg SFB, California, USA","Tue Oct 05, 1965 09:07 UTC",Atlas-D OV1 | OV1-2,Retired,,Success
6600,RVSN USSR,"Site 1/5, Baikonur Cosmodrome, Kazakhstan","Mon Oct 04, 1965 07:36 UTC",Molniya-M/Block L | Luna 7,Retired,,Success
6601,General Dynamics,"SLC-4E, Vandenberg SFB, California, USA","Thu Sep 30, 1965 19:23 UTC",Atlas-SLV3 Agena-D | KH-7 22 (Gambit-1 22),Retired,,Success
6602,RVSN USSR,"Site 31/6, Baikonur Cosmodrome, Kazakhstan","Thu Sep 23, 1965 09:00 UTC",Voskhod | Cosmos 91,Retired,,Success
6603,US Air Force,"SLC-2E (75-1-1), Vandenberg SFB, California, USA","Wed Sep 22, 1965 21:31 UTC",Thor SLV2A Agena-D | KH-4A 24 (Corona 100),Retired,,Success
6604,RVSN USSR,"Site 41/15, Baikonur Cosmodrome, Kazakhstan","Sat Sep 18, 1965 07:59 UTC",Cosmos-3 | Cosmos 86 to 90,Retired,,Success
6605,US Air Force,"SLC-10W (75-2-6), Vandenberg SFB, California, USA","Fri Sep 10, 1965 04:41 UTC",Thor LV2D Burner-1I | DSAP-2 F1,Retired,,Success
6606,RVSN USSR,"Site 31/6, Baikonur Cosmodrome, Kazakhstan","Thu Sep 09, 1965 09:30 UTC",Voskhod | Cosmos 85,Retired,,Success
6607,RVSN USSR,"Site 41/15, Baikonur Cosmodrome, Kazakhstan","Fri Sep 03, 1965 14:00 UTC",Cosmos-3 | Cosmos 80 to 84,Retired,,Success
6608,US Air Force,"SLC-1E (75-3-5), Vandenberg SFB, California, USA","Thu Sep 02, 1965 20:00 UTC",Thor DM-21 Agena-D | MPRV (Corona 99),Retired,,Failure
6609,US Air Force,"SLC-17B, Cape Canaveral SFS, Florida, USA","Wed Aug 25, 1965 15:17 UTC",Delta C | OSO-C,Retired,,Failure
6610,RVSN USSR,"Site 1/5, Baikonur Cosmodrome, Kazakhstan","Wed Aug 25, 1965 10:10 UTC",Voskhod | Cosmos 79,Retired,,Success
6611,NASA,"LC-19, Cape Canaveral SFS, Florida, USA","Sat Aug 21, 1965 13:59 UTC",Titan II GLV | Gemini V,Retired,,Success
6612,US Air Force,"SLC-2E (75-1-1), Vandenberg SFB, California, USA","Tue Aug 17, 1965 20:59 UTC",Thor SLV2A Agena-D | KH-4A 23 (Corona 98),Retired,,Success
6613,RVSN USSR,"Site 31/6, Baikonur Cosmodrome, Kazakhstan","Sat Aug 14, 1965 10:56 UTC",Vostok-2 | Cosmos 78,Retired,,Success
6614,US Air Force,"SLC-2E (75-1-1), Vandenberg SFB, California, USA","Fri Aug 13, 1965 22:11 UTC",Thor DSV2A Ablestar | OPS 8464 & Others,Retired,,Success
6615,General Dynamics,"SLC-36B, Cape Canaveral SFS, Florida, USA","Wed Aug 11, 1965 14:31 UTC",Atlas-LV3C Centaur-D | Surveyor SD-2,Retired,,Success
6616,NASA,"LA-3, Wallops Flight Facility, Virginia, USA","Tue Aug 10, 1965 17:54 UTC",Scout B | SECOR 5 & SEV,Retired,,Success
6617,General Dynamics,"SLC-4E, Vandenberg SFB, California, USA","Tue Aug 03, 1965 19:06 UTC",Atlas-SLV3 Agena-D | KH-7 21 (Gambit-1 21) & Magnum,Retired,,Success
6618,RVSN USSR,"Site 31/6, Baikonur Cosmodrome, Kazakhstan","Tue Aug 03, 1965 11:00 UTC",Voskhod | Cosmos 77,Retired,,Success
6619,NASA,"SLC-37B, Cape Canaveral SFS, Florida, USA","Fri Jul 30, 1965 13:00 UTC",Saturn I Block II | A-105,Retired,,Success
6620,RVSN USSR,"Site 86/1, Kapustin Yar, Russia","Fri Jul 23, 1965 04:34 UTC",Cosmos-1 (65S3) | Cosmos 76,Retired,,Success
6621,General Dynamics,"LC-13, Cape Canaveral SFS, Florida, USA","Tue Jul 20, 1965 08:27 UTC","Atlas-LV3 Agena-D | Vela 3A/3B, ERS-17",Retired,,Success
6622,US Air Force,"SLC-2E (75-1-1), Vandenberg SFB, California, USA","Mon Jul 19, 1965 22:01 UTC",Thor SLV2A Agena-D | KH-4A 22 (Corona 97),Retired,,Success
6623,RVSN USSR,"Site 1/5, Baikonur Cosmodrome, Kazakhstan","Sun Jul 18, 1965 14:32 UTC",Molniya | Zond 3,Retired,,Success
6624,US Air Force,"SLC-2W, Vandenberg SFB, California, USA","Sat Jul 17, 1965 05:55 UTC",Thor SLV2A Agena-D | OPS 8411,Retired,,Success
6625,RVSN USSR,"Site 81/24, Baikonur Cosmodrome, Kazakhstan","Fri Jul 16, 1965 11:16 UTC",Proton | Proton 1,Retired,,Success
6626,RVSN USSR,"Site 41/15, Baikonur Cosmodrome, Kazakhstan","Fri Jul 16, 1965 03:31 UTC",Cosmos-3 | Cosmos 71 to 75,Retired,,Success
6627,RVSN USSR,"Site 31/6, Baikonur Cosmodrome, Kazakhstan","Tue Jul 13, 1965 11:00 UTC",Vostok-2 | Zenit-2 n°28,Retired,,Failure
6628,General Dynamics,"SLC-4E, Vandenberg SFB, California, USA","Mon Jul 12, 1965 19:00 UTC",Atlas-SLV3 Agena-D | KH-7 20 (Gambit-1 20),Retired,,Failure
6629,RVSN USSR,"Site 86/1, Kapustin Yar, Russia","Fri Jul 02, 1965 06:29 UTC",Cosmos-1 (65S3) | Cosmos 70,Retired,,Success
6630,US Air Force,"SLC-17B, Cape Canaveral SFS, Florida, USA","Fri Jul 02, 1965 04:07 UTC",Delta C | TIROS-10,Retired,,Success
6631,General Dynamics,"SLC-4E, Vandenberg SFB, California, USA","Fri Jun 25, 1965 19:30 UTC",Atlas-SLV3 Agena-D | KH-7 19 (Gambit-1 19) & Fanion 1,Retired,,Success
6632,RVSN USSR,"Site 1/5, Baikonur Cosmodrome, Kazakhstan","Fri Jun 25, 1965 09:45 UTC",Voskhod | Cosmos 69,Retired,,Success
6633,US Air Force,"SLC-2E (75-1-1), Vandenberg SFB, California, USA","Thu Jun 24, 1965 22:35 UTC",Thor DSV2A Ablestar | OPS 8480,Retired,,Success
6634,Martin Marietta,"SLC-40, Cape Canaveral SFS, Florida, USA","Fri Jun 18, 1965 14:00 UTC",Titan IIIC | Transtage 5,Retired,,Success
6635,RVSN USSR,"Site 31/6, Baikonur Cosmodrome, Kazakhstan","Tue Jun 15, 1965 09:43 UTC",Vostok-2 | Cosmos 68,Retired,,Success
6636,US Air Force,"SLC-1E (75-3-5), Vandenberg SFB, California, USA","Wed Jun 09, 1965 21:58 UTC",Thor SLV2A Agena-D | KH-4A 21 (Corona 96),Retired,,Success
6637,RVSN USSR,"Site 1/5, Baikonur Cosmodrome, Kazakhstan","Tue Jun 08, 1965 07:40 UTC",Molniya | Luna 6,Retired,,Success
6638,NASA,"LC-19, Cape Canaveral SFS, Florida, USA","Thu Jun 03, 1965 15:15 UTC",Titan II GLV | Gemini IV,Retired,,Success
6639,US Air Force,"SLC-17B, Cape Canaveral SFS, Florida, USA","Sat May 29, 1965 12:00 UTC",Delta C | Explorer 28 (IMP-C),Retired,,Success
6640,General Dynamics,"LC-576B3, Vandenberg SFB, California, USA","Fri May 28, 1965 02:54 UTC",Atlas-D OV1 | OV1-3,Retired,,Failure
6641,General Dynamics,"SLC-4E, Vandenberg SFB, California, USA","Thu May 27, 1965 20:48 UTC",Atlas-SLV3 Agena-D | KH-7 18 (Gambit-1 18),Retired,,Success
6642,RVSN USSR,"Site 31/6, Baikonur Cosmodrome, Kazakhstan","Tue May 25, 1965 10:50 UTC",Voskhod | Cosmos 67,Retired,,Success
6643,NASA,"SLC-37B, Cape Canaveral SFS, Florida, USA","Tue May 25, 1965 07:35 UTC",Saturn I Block II | A-104,Retired,,Success
6644,US Air Force,"SLC-10W (75-2-6), Vandenberg SFB, California, USA","Thu May 20, 1965 16:30 UTC",Thor LV2D Burner-1I | DSAP-3 F1,Retired,,Success
6645,US Air Force,"SLC-1W (75-3-4), Vandenberg SFB, California, USA","Tue May 18, 1965 18:02 UTC",Thor SLV2A Agena-D | KH-4A 20 (Corona 95),Retired,,Success
6646,RVSN USSR,"Site 1/5, Baikonur Cosmodrome, Kazakhstan","Sun May 09, 1965 07:49 UTC",Molniya | Luna 5,Retired,,Success
6647,RVSN USSR,"Site 31/6, Baikonur Cosmodrome, Kazakhstan","Fri May 07, 1965 09:29 UTC",Vostok-2 | Cosmos 66,Retired,,Success
6648,US Air Force,"SLC-20, Cape Canaveral SFS, Florida, USA","Thu May 06, 1965 15:00 UTC",Titan IIIA | LES 2 & LCS 1,Retired,63.23,Success
6649,US Air Force,"SLC-2E (75-1-1), Vandenberg SFB, California, USA","Thu Apr 29, 1965 21:44 UTC",Thor SLV2A Agena-D | KH-4A 19 (Corona 94),Retired,,Success
6650,NASA,"LA-3, Wallops Flight Facility, Virginia, USA","Thu Apr 29, 1965 14:17 UTC",Scout X-4 | Explorer 27 (BE-C),Retired,,Success
6651,General Dynamics,"SLC-4E, Vandenberg SFB, California, USA","Wed Apr 28, 1965 21:15 UTC",Atlas-SLV3 Agena-D | KH-7 17 (Gambit-1 17) & Pundit 4,Retired,,Success
6652,RVSN USSR,"Site 1/5, Baikonur Cosmodrome, Kazakhstan","Fri Apr 23, 1965 01:55 UTC",Molniya | Molniya-1 n°3,Retired,,Success
6653,RVSN USSR,"Site 31/6, Baikonur Cosmodrome, Kazakhstan","Sat Apr 17, 1965 09:50 UTC",Voskhod | Cosmos 65,Retired,,Success
6654,RVSN USSR,"Site 1/5, Baikonur Cosmodrome, Kazakhstan","Sat Apr 10, 1965 08:39 UTC",Molniya | E-6 n°8 (Luna),Retired,,Failure
6655,US Air Force,"SLC-17A, Cape Canaveral SFS, Florida, USA","Tue Apr 06, 1965 23:47 UTC",Delta D | Intelsat 1,Retired,,Success
6656,General Dynamics,"SLC-4E, Vandenberg SFB, California, USA","Sat Apr 03, 1965 21:25 UTC",Atlas-SLV3 Agena-D | SNAPSHOT,Retired,,Success
6657,US Air Force,"SLC-1W (75-3-4), Vandenberg SFB, California, USA","Thu Mar 25, 1965 21:11 UTC",Thor SLV2A Agena-D | KH-4A 18 (Corona 93),Retired,,Success
6658,RVSN USSR,"Site 31/6, Baikonur Cosmodrome, Kazakhstan","Thu Mar 25, 1965 10:00 UTC",Vostok-2 | Cosmos 64,Retired,,Success
6659,NASA,"LC-19, Cape Canaveral SFS, Florida, USA","Tue Mar 23, 1965 14:24 UTC",Titan II GLV | Gemini 3,Retired,,Success
6660,General Dynamics,"LC-12, Cape Canaveral SFS, Florida, USA","Sun Mar 21, 1965 21:37 UTC",Atlas-LV3 Agena-B | Ranger 9,Retired,,Success
6661,RVSN USSR,"Site 1/5, Baikonur Cosmodrome, Kazakhstan","Thu Mar 18, 1965 07:00 UTC",Voskhod | Voskhod 2,Retired,,Success
6662,US Air Force,"SLC-10W (75-2-6), Vandenberg SFB, California, USA","Thu Mar 18, 1965 04:43 UTC",Thor LV2D Burner-1I | DSAP-1 F11,Retired,,Success
6663,RVSN USSR,"Site 41/15, Baikonur Cosmodrome, Kazakhstan","Mon Mar 15, 1965 11:00 UTC","Cosmos-3 | Cosmos 61, 62 & 63",Retired,,Success
6664,General Dynamics,"SLC-4W, Vandenberg SFB, California, USA","Fri Mar 12, 1965 19:20 UTC",Atlas-SLV3 Agena-D | KH-7 16 (Gambit-1 16),Retired,,Success
6665,RVSN USSR,"Site 1/5, Baikonur Cosmodrome, Kazakhstan","Fri Mar 12, 1965 09:25 UTC",Molniya | Cosmos 60,Retired,,Success
6666,US Air Force,"SLC-2E (75-1-1), Vandenberg SFB, California, USA","Thu Mar 11, 1965 13:39 UTC",Thor DSV2A Ablestar | OPS 7087 & SECOR 2,Retired,,Success
6667,US Air Force,"SLC-2W, Vandenberg SFB, California, USA","Tue Mar 09, 1965 18:29 UTC",Thor DM-21 Agena-D | SECOR 3 & Others,Retired,,Success
6668,RVSN USSR,"Site 31/6, Baikonur Cosmodrome, Kazakhstan","Sun Mar 07, 1965 08:59 UTC",Voskhod | Cosmos 59,Retired,,Success
6669,General Dynamics,"SLC-36A, Cape Canaveral SFS, Florida, USA","Tue Mar 02, 1965 13:25 UTC",Atlas-LV3C Centaur-C | Surveyor-SD 1,Retired,,Failure
6670,RVSN USSR,"Site 31/6, Baikonur Cosmodrome, Kazakhstan","Fri Feb 26, 1965 05:01 UTC",Vostok-2M | Cosmos 58,Retired,,Success
6671,US Air Force,"SLC-2E (75-1-1), Vandenberg SFB, California, USA","Thu Feb 25, 1965 21:44 UTC",Thor SLV2A Agena-D | KH-4A 17 (Corona 92),Retired,,Success
6672,RVSN USSR,"Site 1/5, Baikonur Cosmodrome, Kazakhstan","Mon Feb 22, 1965 07:30 UTC",Voskhod | Cosmos 57,Retired,,Success
6673,RVSN USSR,"Site 41/15, Baikonur Cosmodrome, Kazakhstan","Sun Feb 21, 1965 11:00 UTC","Cosmos-3 | Cosmos 54, 55 & 56",Retired,,Success
6674,RVSN USSR,"Site 86/1, Kapustin Yar, Russia","Sat Feb 20, 1965 06:30 UTC",Cosmos-1 (65S3) | DS-A1 n°6,Retired,,Failure
6675,General Dynamics,"LC-12, Cape Canaveral SFS, Florida, USA","Wed Feb 17, 1965 17:05 UTC",Atlas-LV3 Agena-B | Ranger 8,Retired,,Success
6676,NASA,"SLC-37B, Cape Canaveral SFS, Florida, USA","Tue Feb 16, 1965 14:37 UTC",Saturn I Block II | A-103 & Pegasus 1,Retired,,Success
6677,RVSN USSR,"Site 86/1, Kapustin Yar, Russia","Fri Feb 12, 1965 12:00 UTC",Cosmos-1 (65S3) | DS-P1 You n°2,Retired,,Failure
6678,US Air Force,"SLC-20, Cape Canaveral SFS, Florida, USA","Thu Feb 11, 1965 15:19 UTC",Titan IIIA | LES 1,Retired,63.23,Success
6679,US Air Force,"SLC-17B, Cape Canaveral SFS, Florida, USA","Wed Feb 03, 1965 16:36 UTC",Delta C | OSO-2,Retired,,Success
6680,RVSN USSR,"Site 86/1, Kapustin Yar, Russia","Sat Jan 30, 1965 09:36 UTC",Cosmos-1 (65S3) | Cosmos 53,Retired,,Success
6681,General Dynamics,"SLC-4W, Vandenberg SFB, California, USA","Sat Jan 23, 1965 20:06 UTC",Atlas-SLV3 Agena-D | KH-7 15 (Gambit-1 15),Retired,,Success
6682,US Air Force,"SLC-17A, Cape Canaveral SFS, Florida, USA","Fri Jan 22, 1965 07:52 UTC",Delta C | TIROS-9,Retired,,Success
6683,General Dynamics,"LC-576B3, Vandenberg SFB, California, USA","Thu Jan 21, 1965 21:34 UTC",Atlas-D OV1 | OV1-1,Retired,,Failure
6684,NASA,"LC-19, Cape Canaveral SFS, Florida, USA","Tue Jan 19, 1965 14:04 UTC",Titan II GLV | Gemini 2,Retired,,Success
6685,US Air Force,"SLC-10W (75-2-6), Vandenberg SFB, California, USA","Tue Jan 19, 1965 05:03 UTC",Thor LV2D Burner-1I | DSAP-1 F10,Retired,,Partial Failure
6686,US Air Force,"SLC-1E (75-3-5), Vandenberg SFB, California, USA","Fri Jan 15, 1965",Thor SLV2A Agena-D | KH-4A 16 (Corona 91),Retired,,Success
6687,RVSN USSR,"Site 31/6, Baikonur Cosmodrome, Kazakhstan","Mon Jan 11, 1965 09:29 UTC",Vostok-2 | Cosmos 52,Retired,,Success
6688,US Air Force,"SLC-2E (75-1-1), Vandenberg SFB, California, USA","Mon Dec 21, 1964 19:08 UTC",Thor SLV2A Agena-D | Quill,Retired,,Success
6689,US Air Force,"SLC-17A, Cape Canaveral SFS, Florida, USA","Mon Dec 21, 1964 09:00 UTC",Delta C | Explorer 26 (EPE-D),Retired,,Success
6690,US Air Force,"SLC-1W (75-3-4), Vandenberg SFB, California, USA","Sat Dec 19, 1964 21:10 UTC",Thor SLV2A Agena-D | KH-4A 15	(Corona 90),Retired,,Success
6691,NASA,"LA-3, Wallops Flight Facility, Virginia, USA","Tue Dec 15, 1964 20:20 UTC",Scout X-4 | San Marco 1,Retired,,Success
6692,US Air Force,"SLC-2W, Vandenberg SFB, California, USA","Sun Dec 13, 1964 00:08 UTC",Thor DSV2A Ablestar | Transit O-2 & Transit 5E-5,Retired,,Success
6693,General Dynamics,"SLC-36A, Cape Canaveral SFS, Florida, USA","Fri Dec 11, 1964 14:25 UTC",Atlas-LV3C Centaur-C | Surveyor-Model 1,Retired,,Partial Failure
6694,US Air Force,"SLC-20, Cape Canaveral SFS, Florida, USA","Thu Dec 10, 1964 16:53 UTC",Titan IIIA | Transtage 2,Retired,63.23,Success
6695,RVSN USSR,"Site 86/1, Kapustin Yar, Russia","Wed Dec 09, 1964 23:02 UTC",Cosmos-1 (65S3) | Cosmos 51,Retired,,Success
6696,General Dynamics,"SLC-4E, Vandenberg SFB, California, USA","Fri Dec 04, 1964 19:00 UTC",Atlas-SLV3 Agena-D | KH-7 14 (Gambit-1 14),Retired,,Success
6697,RVSN USSR,"Mayak-2, Kapustin Yar, Russia","Tue Dec 01, 1964 08:45 UTC",Cosmos-1 (65S3) | DS-2 n°2,Retired,,Failure
6698,RVSN USSR,"Site 1/5, Baikonur Cosmodrome, Kazakhstan","Mon Nov 30, 1964 13:12 UTC",Molniya | Zond 2,Retired,,Success
6699,General Dynamics,"LC-12, Cape Canaveral SFS, Florida, USA","Sat Nov 28, 1964 14:22 UTC",Atlas-LV3 Agena-D | Mariner 4,Retired,,Success
6700,US Air Force,"SLC-5, Vandenberg SFB, California, USA","Sat Nov 21, 1964 17:09 UTC",Scout X-4 | Explorer 24 & 25 (AD-B & Injun4),Retired,,Success
6701,US Air Force,"SLC-2E (75-1-1), Vandenberg SFB, California, USA","Wed Nov 18, 1964 20:35 UTC",Thor SLV2A Agena-D | KH-4A 14 (Corona 89),Retired,,Success
6702,NASA,"LA-3, Wallops Flight Facility, Virginia, USA","Fri Nov 06, 1964 12:02 UTC",Scout X-4 | Explorer 23 (S 55C),Retired,,Success
6703,General Dynamics,"LC-13, Cape Canaveral SFS, Florida, USA","Thu Nov 05, 1964 19:22 UTC",Atlas-LV3 Agena-D | Mariner 3,Retired,,Failure
6704,US Air Force,"SLC-1E (75-3-5), Vandenberg SFB, California, USA","Wed Nov 04, 1964 02:12 UTC",Thor SLV2A Agena-D | OPS 3062,Retired,,Success
6705,US Air Force,"SLC-1W (75-3-4), Vandenberg SFB, California, USA","Mon Nov 02, 1964 21:30 UTC",Thor SLV2A Agena-D | KH-4A 13 (Corona 88),Retired,,Success
6706,RVSN USSR,"Site 31/6, Baikonur Cosmodrome, Kazakhstan","Wed Oct 28, 1964 10:40 UTC",Vostok-2 | Cosmos 50,Retired,,Success
6707,RVSN USSR,"Mayak-2, Kapustin Yar, Russia","Sat Oct 24, 1964 05:17 UTC",Cosmos-1 (65S3) | Cosmos 49,Retired,,Success
6708,General Dynamics,"SLC-4W, Vandenberg SFB, California, USA","Fri Oct 23, 1964 18:27 UTC",Atlas-LV3 Agena-D | KH-7 13 (Gambit-1 13) & Step Thirteen,Retired,,Success
6709,RVSN USSR,"Site 41/15, Baikonur Cosmodrome, Kazakhstan","Fri Oct 23, 1964 07:30 UTC",Cosmos-3 | Strela-1 n°04 to 06,Retired,,Failure
6710,US Air Force,"SLC-3W, Vandenberg SFB, California, USA","Sat Oct 17, 1964 22:02 UTC",Thor SLV2A Agena-D | KH-4A 12 (Corona 87),Retired,,Success
6711,RVSN USSR,"Site 31/6, Baikonur Cosmodrome, Kazakhstan","Wed Oct 14, 1964 10:00 UTC",Vostok-2 | Cosmos 48,Retired,,Success
6712,RVSN USSR,"Site 1/5, Baikonur Cosmodrome, Kazakhstan","Mon Oct 12, 1964 07:30 UTC",Voskhod | Voskhod 1,Retired,,Success
6713,US Air Force,"SLC-5, Vandenberg SFB, California, USA","Sat Oct 10, 1964 03:01 UTC",Scout X-4 | Explorer 22 (BE-B),Retired,,Success
6714,General Dynamics,"SLC-4E, Vandenberg SFB, California, USA","Wed Oct 07, 1964 19:30 UTC",Atlas-SLV3 Agena-D | KH-7 12 (Gambit-1 12) & Pundit 3,Retired,,Failure
6715,US Air Force,"SLC-2W, Vandenberg SFB, California, USA","Tue Oct 06, 1964 17:04 UTC","Thor DSV2A Ablestar | Transit O-1, Dragsphere 1 & 2",Retired,,Success
6716,RVSN USSR,"Site 1/5, Baikonur Cosmodrome, Kazakhstan","Tue Oct 06, 1964 07:00 UTC",Voskhod | Cosmos 47,Retired,,Success
6717,US Air Force,"SLC-1W (75-3-4), Vandenberg SFB, California, USA","Mon Oct 05, 1964 21:50 UTC",Thor SLV2A Agena-D | KH-4A 11 (Corona 86),Retired,,Success
6718,US Air Force,"SLC-17A, Cape Canaveral SFS, Florida, USA","Sun Oct 04, 1964 03:45 UTC",Delta C | Explorer 21 (IMP-B),Retired,,Partial Failure
6719,RVSN USSR,"Site 31/6, Baikonur Cosmodrome, Kazakhstan","Thu Sep 24, 1964 12:04 UTC",Vostok-2 | Cosmos 46,Retired,,Success
6720,General Dynamics,"SLC-4E, Vandenberg SFB, California, USA","Wed Sep 23, 1964 20:05 UTC",Atlas-SLV3 Agena-D | KH-7 11 (Gambit-1 11),Retired,,Success
6721,NASA,"SLC-37B, Cape Canaveral SFS, Florida, USA","Fri Sep 18, 1964 16:22 UTC",Saturn I Block II | A-102,Retired,,Success
6722,US Air Force,"SLC-3W, Vandenberg SFB, California, USA","Mon Sep 14, 1964 22:53 UTC",Thor SLV2A Agena-D | KH-4A 10 (Corona 85),Retired,,Success
6723,RVSN USSR,"Site 1/5, Baikonur Cosmodrome, Kazakhstan","Sun Sep 13, 1964 09:45 UTC",Voskhod | Cosmos 45,Retired,,Success
6724,General Dynamics,"LC-12, Cape Canaveral SFS, Florida, USA","Sat Sep 05, 1964 01:23 UTC",Atlas-LV3 Agena-B | OGO 1,Retired,,Success
6725,US Air Force,"SLC-20, Cape Canaveral SFS, Florida, USA","Tue Sep 01, 1964 15:00 UTC",Titan IIIA | Transtage 1,Retired,63.23,Failure
6726,RVSN USSR,"Site 31/6, Baikonur Cosmodrome, Kazakhstan","Fri Aug 28, 1964 16:00 UTC",Vostok-2M | Cosmos 44,Retired,,Success
6727,US Air Force,"SLC-2E (75-1-1), Vandenberg SFB, California, USA","Fri Aug 28, 1964 07:56 UTC",Thor DM-21 Agena-B | Nimbus 1,Retired,,Partial Failure
6728,US Air Force,"SLC-5, Vandenberg SFB, California, USA","Tue Aug 25, 1964 13:43 UTC",Scout X-4 | Explorer 20 (IE-A),Retired,,Success
6729,RVSN USSR,"Mayak-2, Kapustin Yar, Russia","Sat Aug 22, 1964 11:02 UTC",Cosmos-1 (65S3) | Cosmos 42 & 43,Retired,,Success
6730,RVSN USSR,"Site 1/5, Baikonur Cosmodrome, Kazakhstan","Sat Aug 22, 1964 07:21 UTC",Molniya | Cosmos 41,Retired,,Success
6731,US Air Force,"SLC-2W, Vandenberg SFB, California, USA","Fri Aug 21, 1964 15:45 UTC",Thor SLV2A Agena-D | KH-5 12 & Starflash 1B (Corona 84),Retired,,Success
6732,US Air Force,"SLC-17A, Cape Canaveral SFS, Florida, USA","Wed Aug 19, 1964 12:15 UTC",Delta D | Syncom 3,Retired,,Success
6733,RVSN USSR,"Site 41/15, Baikonur Cosmodrome, Kazakhstan","Tue Aug 18, 1964 09:15 UTC","Cosmos-3 | Cosmos 38, 39 & 40",Retired,,Success
6734,General Dynamics,"SLC-4E, Vandenberg SFB, California, USA","Fri Aug 14, 1964 22:00 UTC",Atlas-SLV3 Agena-D | KH-7 10 (Gambit-1 10) & Hitchhiker 2,Retired,,Success
6735,RVSN USSR,"Site 31/6, Baikonur Cosmodrome, Kazakhstan","Fri Aug 14, 1964 09:30 UTC",Vostok-2 | Cosmos 37,Retired,,Success
6736,US Air Force,"SLC-1W (75-3-4), Vandenberg SFB, California, USA","Wed Aug 05, 1964 23:15 UTC",Thor SLV2A Agena-D | KH-4A 9 (Corona 83),Retired,,Success
6737,RVSN USSR,"Mayak-2, Kapustin Yar, Russia","Thu Jul 30, 1964 03:36 UTC",Cosmos-1 (65S3) | Cosmos 36,Retired,,Success
6738,General Dynamics,"LC-12, Cape Canaveral SFS, Florida, USA","Tue Jul 28, 1964 16:50 UTC",Atlas-LV3 Agena-B | Ranger 7,Retired,,Success
6739,General Dynamics,"LC-13, Cape Canaveral SFS, Florida, USA","Fri Jul 17, 1964 08:22 UTC",Atlas-LV3 Agena-D | Vela 2A/2B,Retired,,Success
6740,RVSN USSR,"Site 31/6, Baikonur Cosmodrome, Kazakhstan","Wed Jul 15, 1964 11:27 UTC",Vostok-2 | Cosmos 35,Retired,,Success
6741,US Air Force,"SLC-3W, Vandenberg SFB, California, USA","Fri Jul 10, 1964 23:14 UTC",Thor SLV2A Agena-D | KH-4A 8 (Corona 82),Retired,,Success
6742,RVSN USSR,"Site 1/5, Baikonur Cosmodrome, Kazakhstan","Fri Jul 10, 1964 21:51 UTC",Vostok | Elektron 3 & 4,Retired,,Success
6743,General Dynamics,"SLC-4W, Vandenberg SFB, California, USA","Mon Jul 06, 1964 18:51 UTC",Atlas-LV3 Agena-D | KH-7 9 (Gambit-1 9) & Noah's Ark,Retired,,Success
6744,US Air Force,"SLC-1E (75-3-5), Vandenberg SFB, California, USA","Thu Jul 02, 1964 23:59 UTC",Thor SLV2A Agena-D | OPS 3395,Retired,,Success
6745,RVSN USSR,"Site 1/5, Baikonur Cosmodrome, Kazakhstan","Wed Jul 01, 1964 11:00 UTC",Voskhod | Cosmos 34,Retired,,Success
6746,General Dynamics,"SLC-36A, Cape Canaveral SFS, Florida, USA","Tue Jun 30, 1964 14:04 UTC",Atlas-LV3C Centaur-C | AC-3 (Test Vehicle),Retired,,Failure
6747,US Air Force,"SLC-5, Vandenberg SFB, California, USA","Thu Jun 25, 1964 01:40 UTC",Scout X-4 | ESRS,Retired,,Failure
6748,RVSN USSR,"Site 31/6, Baikonur Cosmodrome, Kazakhstan","Tue Jun 23, 1964 10:00 UTC",Vostok-2 | Cosmos 33,Retired,,Success
6749,US Air Force,"SLC-2E (75-1-1), Vandenberg SFB, California, USA","Fri Jun 19, 1964 23:18 UTC",Thor SLV2A Agena-D | KH-4A 7 (Corona 81),Retired,,Success
6750,US Air Force,"SLC-1W (75-3-4), Vandenberg SFB, California, USA","Thu Jun 18, 1964 04:56 UTC",Thor DM-21 Agena-D | DSAP-1 F8 & DSAP-1 F9,Retired,,Success
6751,US Air Force,"SLC-2W, Vandenberg SFB, California, USA","Sat Jun 13, 1964 15:47 UTC",Thor SLV2A Agena-D | KH-5 11 & Starflash 1A (Corona 80),Retired,,Success
6752,RVSN USSR,"Site 31/6, Baikonur Cosmodrome, Kazakhstan","Wed Jun 10, 1964 11:00 UTC",Vostok-2 | Cosmos 32,Retired,,Success
6753,RVSN USSR,"Mayak-2, Kapustin Yar, Russia","Sat Jun 06, 1964 06:00 UTC",Cosmos-1 (65S3) | Cosmos 31,Retired,,Success
6754,US Air Force,"SLC-3W, Vandenberg SFB, California, USA","Thu Jun 04, 1964 22:59 UTC",Thor SLV2A Agena-D | KH-4A 6 (Corona 79),Retired,,Success
6755,RVSN USSR,"Site 1/5, Baikonur Cosmodrome, Kazakhstan","Thu Jun 04, 1964 04:00 UTC",Molniya | Molniya-1 n°1,Retired,,Failure
6756,US Air Force,"SLC-5, Vandenberg SFB, California, USA","Thu Jun 04, 1964 03:50 UTC",Scout X-4 | Transit-5C 1,Retired,,Success
6757,NASA,"SLC-37B, Cape Canaveral SFS, Florida, USA","Thu May 28, 1964 17:07 UTC",Saturn I Block II | A-101,Retired,,Success
6758,General Dynamics,"SLC-4W, Vandenberg SFB, California, USA","Tue May 19, 1964 19:21 UTC",Atlas-LV3 Agena-D | KH-7 8 (Gambit-1 8),Retired,,Success
6759,RVSN USSR,"Site 1/5, Baikonur Cosmodrome, Kazakhstan","Mon May 18, 1964 09:42 UTC",Voskhod | Cosmos 30,Retired,,Success
6760,US Air Force,"SLC-1W (75-3-4), Vandenberg SFB, California, USA","Mon Apr 27, 1964 23:23 UTC",Thor SLV2A Agena-D | KH-4A 5 (Corona 78),Retired,,Success
6761,RVSN USSR,"Site 31/6, Baikonur Cosmodrome, Kazakhstan","Sat Apr 25, 1964 10:21 UTC",Vostok-2 | Cosmos 29,Retired,,Success
6762,General Dynamics,"SLC-4W, Vandenberg SFB, California, USA","Thu Apr 23, 1964 18:43 UTC",Atlas-LV3 Agena-D | KH-7 7 (Gambit-1 7),Retired,,Success
6763,US Air Force,"SLC-2E (75-1-1), Vandenberg SFB, California, USA","Tue Apr 21, 1964 18:50 UTC",Thor DSV2A Ablestar | Transit 5BN-3 & Transit 5E-4,Retired,,Failure
6764,RVSN USSR,"Site 1/5, Baikonur Cosmodrome, Kazakhstan","Mon Apr 20, 1964 08:08 UTC",Molniya | E-6 n°5 (Luna 5),Retired,,Failure
6765,RVSN USSR,"Site 1/5, Baikonur Cosmodrome, Kazakhstan","Sun Apr 12, 1964 09:30 UTC",Polyot | Polyot-2,Retired,,Success
6766,NASA,"LC-19, Cape Canaveral SFS, Florida, USA","Wed Apr 08, 1964 16:00 UTC",Titan II GLV | Gemini 1,Retired,,Success
6767,RVSN USSR,"Site 31/6, Baikonur Cosmodrome, Kazakhstan","Sat Apr 04, 1964 09:45 UTC",Vostok-2 | Cosmos 28,Retired,,Success
6768,RVSN USSR,"Site 1/5, Baikonur Cosmodrome, Kazakhstan","Thu Apr 02, 1964 02:42 UTC",Molniya | Zond 1,Retired,,Success
6769,NASA,"LA-3, Wallops Flight Facility, Virginia, USA","Fri Mar 27, 1964 17:25 UTC",Scout X-3 | Ariel 2,Retired,,Success
6770,RVSN USSR,"Site 1/5, Baikonur Cosmodrome, Kazakhstan","Fri Mar 27, 1964 03:24 UTC",Molniya | Cosmos 27,Retired,,Failure
6771,US Air Force,"SLC-3W, Vandenberg SFB, California, USA","Tue Mar 24, 1964 22:22 UTC",Thor SLV2A Agena-D | KH-4A 4 (Corona 77),Retired,,Failure
6772,RVSN USSR,"Site 1/5, Baikonur Cosmodrome, Kazakhstan","Sat Mar 21, 1964 08:15 UTC",Molniya | E-6 n°6,Retired,,Failure
6773,US Air Force,"SLC-17A, Cape Canaveral SFS, Florida, USA","Thu Mar 19, 1964 11:13 UTC",Delta B | BE-A,Retired,,Failure
6774,RVSN USSR,"Mayak-2, Kapustin Yar, Russia","Wed Mar 18, 1964 15:07 UTC",Cosmos-1 (65S3) | Cosmos 26,Retired,,Success
6775,General Dynamics,"SLC-4W, Vandenberg SFB, California, USA","Wed Mar 11, 1964 20:14 UTC",Atlas-LV3 Agena-D | KH-7 6 (Gambit-1 6),Retired,,Success
6776,US Air Force,"SLC-1E (75-3-5), Vandenberg SFB, California, USA","Fri Feb 28, 1964 03:20 UTC",Thor SLV2A Agena-D | OPS 3722,Retired,,Success
6777,RVSN USSR,"Mayak-2, Kapustin Yar, Russia","Thu Feb 27, 1964 13:26 UTC",Cosmos-1 (65S3) | Cosmos 25,Retired,,Success
6778,General Dynamics,"SLC-4W, Vandenberg SFB, California, USA","Tue Feb 25, 1964 18:59 UTC",Atlas-LV3 Agena-D | KH-7 5 (Gambit-1 5),Retired,,Success
6779,RVSN USSR,"Site 1/5, Baikonur Cosmodrome, Kazakhstan","Wed Feb 19, 1964 05:47 UTC",Molniya | 3MV-1 n°2 (Zond 1),Retired,,Failure
6780,US Air Force,"SLC-1W (75-3-4), Vandenberg SFB, California, USA","Sat Feb 15, 1964 21:38 UTC",Thor SLV2A Agena-D | KH-4A 3 (Corona 76),Retired,,Success
6781,General Dynamics,"LC-12, Cape Canaveral SFS, Florida, USA","Thu Jan 30, 1964 15:49 UTC",Atlas-LV3 Agena-B | Ranger 6,Retired,,Success
6782,RVSN USSR,"Site 1/5, Baikonur Cosmodrome, Kazakhstan","Thu Jan 30, 1964 09:45 UTC",Vostok | Elektron 1 & 2,Retired,,Success
6783,NASA,"LC-34, Cape Canaveral SFS, Florida, USA","Wed Jan 29, 1964 16:25 UTC",Saturn I Block II | SA-5,Retired,,Success
6784,US Air Force,"SLC-2E (75-1-1), Vandenberg SFB, California, USA","Sat Jan 25, 1964 13:59 UTC",Thor DM-21 Agena-B | Echo 2,Retired,,Success
6785,US Air Force,"SLC-17B, Cape Canaveral SFS, Florida, USA","Tue Jan 21, 1964 21:14 UTC",Delta B | Relay 2,Retired,,Success
6786,US Air Force,"SLC-2W, Vandenberg SFB, California, USA","Sun Jan 19, 1964 10:59 UTC",Thor DM-21 Agena-D | DSAP-1 F6 & DSAP-1 F7,Retired,,Success
6787,US Air Force,"SLC-1E (75-3-5), Vandenberg SFB, California, USA","Sat Jan 11, 1964 20:07 UTC","Thor SLV2A Agena-D | Poppy 5A-5C, SECOR 1, & Hayloft",Retired,,Success
6788,US Air Force,"SLC-2W, Vandenberg SFB, California, USA","Sat Dec 21, 1963 21:45 UTC",Thor SLV2A Agena-D | KH-4 26 (Corona 75) & Pundit 2,Retired,,Success
6789,US Air Force,"SLC-17B, Cape Canaveral SFS, Florida, USA","Sat Dec 21, 1963 09:30 UTC",Delta B | TIROS-8,Retired,,Success
6790,NASA,"SLC-5, Vandenberg SFB, California, USA","Thu Dec 19, 1963 18:49 UTC",Scout X-4 | Explorer 19 (AD-A),Retired,,Success
6791,RVSN USSR,"Site 1/5, Baikonur Cosmodrome, Kazakhstan","Thu Dec 19, 1963 09:28 UTC",Vostok-2 | Cosmos 24,Retired,,Success
6792,General Dynamics,"SLC-4W, Vandenberg SFB, California, USA","Wed Dec 18, 1963 21:45 UTC",Atlas-LV3 Agena-D | KH-7 4 (Gambit-1 4),Retired,,Success
6793,RVSN USSR,"Mayak-2, Kapustin Yar, Russia","Fri Dec 13, 1963 14:15 UTC",Cosmos-1 (65S3) | Cosmos 23,Retired,,Success
6794,US Air Force,"SLC-2E (75-1-1), Vandenberg SFB, California, USA","Thu Dec 05, 1963 21:51 UTC",Thor DSV2A Ablestar | Transit 5BN-2 & Transit 5E-3,Retired,,Success
6795,RVSN USSR,"Site 1/5, Baikonur Cosmodrome, Kazakhstan","Thu Nov 28, 1963 09:19 UTC",Vostok-2 | Zenit-2 n°14,Retired,,Failure
6796,US Air Force,"SLC-3W, Vandenberg SFB, California, USA","Wed Nov 27, 1963 21:15 UTC",Thor DM-21 Agena-D | KH-4 25 (Corona 74),Retired,,Success
6797,General Dynamics,"SLC-36A, Cape Canaveral SFS, Florida, USA","Wed Nov 27, 1963 19:03 UTC",Atlas-LV3C Centaur-B | AC-2 (Test Vehicle),Retired,,Success
6798,US Air Force,"SLC-17B, Cape Canaveral SFS, Florida, USA","Wed Nov 27, 1963 02:30 UTC",Delta C | Explorer 18 (IMP-A),Retired,,Success
6799,RVSN USSR,"Site 1/5, Baikonur Cosmodrome, Kazakhstan","Sat Nov 16, 1963 10:34 UTC",Voskhod | Cosmos 22,Retired,,Success
6800,RVSN USSR,"Site 1/5, Baikonur Cosmodrome, Kazakhstan","Mon Nov 11, 1963 06:23 UTC",Molniya | Cosmos 21,Retired,,Success
6801,US Air Force,"SLC-2W, Vandenberg SFB, California, USA","Sat Nov 09, 1963 20:27 UTC",Thor DM-21 Agena-D | KH-4 24 & RM 5 (Corona 73),Retired,,Failure
6802,RVSN USSR,"Site 1/5, Baikonur Cosmodrome, Kazakhstan","Fri Nov 01, 1963 08:56 UTC",Polyot | Polyot,Retired,,Success
6803,US Air Force,"SLC-1W (75-3-4), Vandenberg SFB, California, USA","Tue Oct 29, 1963 21:19 UTC",Thor SLV2A Agena-D | KH-5 10 (Corona 72) & Pundit 1,Retired,,Success
6804,General Dynamics,"SLC-4W, Vandenberg SFB, California, USA","Fri Oct 25, 1963 18:59 UTC",Atlas-LV3 Agena-D | KH-7 3 (Gambit-1 3),Retired,,Success
6805,RVSN USSR,"Mayak-2, Kapustin Yar, Russia","Thu Oct 24, 1963 04:30 UTC",Cosmos-1 (65S3) | DS-A1 n°4,Retired,,Failure
6806,RVSN USSR,"Site 1/5, Baikonur Cosmodrome, Kazakhstan","Fri Oct 18, 1963 09:29 UTC",Vostok-2 | Cosmos 20,Retired,,Success
6807,General Dynamics,"LC-13, Cape Canaveral SFS, Florida, USA","Thu Oct 17, 1963 02:37 UTC",Atlas-LV3 Agena-D | Vela 1A/1B,Retired,,Success
6808,US Air Force,"SLC-2E (75-1-1), Vandenberg SFB, California, USA","Sat Sep 28, 1963 20:22 UTC",Thor DSV2A Ablestar | Transit 5BN-1 & Transit 5E-1,Retired,,Success
6809,US Air Force,"SLC-5, Vandenberg SFB, California, USA","Fri Sep 27, 1963 11:17 UTC",Scout X-2B | DSAP-1 F5,Retired,,Failure
6810,US Air Force,"SLC-2W, Vandenberg SFB, California, USA","Mon Sep 23, 1963 23:00 UTC",Thor SLV2A Agena-D | KH-4A 2 (Corona 71),Retired,,Success
6811,General Dynamics,"SLC-4W, Vandenberg SFB, California, USA","Fri Sep 06, 1963 19:30 UTC",Atlas-LV3 Agena-D | KH-7 2 (Gambit-1 2),Retired,,Success
6812,US Air Force,"SLC-1E (75-3-5), Vandenberg SFB, California, USA","Thu Aug 29, 1963 20:31 UTC",Thor DM-21 Agena-D | KH-5 9 (Corona 70) & LAMPO,Retired,,Success
6813,US Air Force,"SLC-1W (75-3-4), Vandenberg SFB, California, USA","Sun Aug 25, 1963 00:29 UTC",Thor SLV2A Agena-D | KH-4A 1 (Corona 69),Retired,,Success
6814,RVSN USSR,"Mayak-2, Kapustin Yar, Russia","Thu Aug 22, 1963 06:00 UTC",Cosmos-1 (65S3) | DS-A1 n°3,Retired,,Failure
6815,RVSN USSR,"Mayak-2, Kapustin Yar, Russia","Tue Aug 06, 1963 06:07 UTC",Cosmos-1 (65S3) | Cosmos 19,Retired,,Success
6816,US Air Force,"SLC-2W, Vandenberg SFB, California, USA","Wed Jul 31, 1963 00:00 UTC",Thor SLV2A Agena-D | KH-6 3 (Corona 68),Retired,,Success
6817,US Air Force,"SLC-17A, Cape Canaveral SFS, Florida, USA","Fri Jul 26, 1963 14:33 UTC",Delta B | Syncom 2,Retired,,Success
6818,General Dynamics,"SLC-3E, Vandenberg SFB, California, USA","Fri Jul 19, 1963 03:51 UTC",Atlas-LV3 Agena-B | Midas 9,Retired,,Success
6819,US Air Force,"SLC-2E (75-1-1), Vandenberg SFB, California, USA","Fri Jul 19, 1963 00:00 UTC",Thor DM-21 Agena-D | KH-4 23 (Corona 67),Retired,,Success
6820,General Dynamics,"SLC-4W, Vandenberg SFB, California, USA","Fri Jul 12, 1963 20:45 UTC",Atlas-LV3 Agena-D | KH-7 1 (Gambit-1 1),Retired,,Success
6821,RVSN USSR,"Site 1/5, Baikonur Cosmodrome, Kazakhstan","Wed Jul 10, 1963 10:03 UTC",Vostok-2 | Zenit-2 n°12,Retired,,Prelaunch Failure
6822,US Air Force,"SLC-1E (75-3-5), Vandenberg SFB, California, USA","Sat Jun 29, 1963 22:30 UTC",Thor SLV2A Agena-D | OPS 1440,Retired,,Success
6823,US Air Force,"SLC-5, Vandenberg SFB, California, USA","Fri Jun 28, 1963 21:19 UTC",Scout X-4 | CRL-1 (GRS),Retired,,Success
6824,US Air Force,"SLC-2W, Vandenberg SFB, California, USA","Thu Jun 27, 1963 00:37 UTC",Thor SLV2A Agena-D | KH-4 22 (Corona 66) & Hitchhiker 1,Retired,,Success
6825,US Air Force,"SLC-17B, Cape Canaveral SFS, Florida, USA","Wed Jun 19, 1963 09:50 UTC",Delta B | TIROS-7,Retired,,Success
6826,RVSN USSR,"Site 1/5, Baikonur Cosmodrome, Kazakhstan","Sun Jun 16, 1963 09:29 UTC",Vostok | Vostok 6,Retired,,Success
6827,US Air Force,"SLC-5, Vandenberg SFB, California, USA","Sun Jun 16, 1963 01:49 UTC",Scout X-3 | Transit-5A 3,Retired,,Success
6828,US Air Force,"SLC-2E (75-1-1), Vandenberg SFB, California, USA","Sat Jun 15, 1963 14:29 UTC",Thor DM-21 Agena-D | Poppy 2A to 2C & Others,Retired,,Success
6829,RVSN USSR,"Site 1/5, Baikonur Cosmodrome, Kazakhstan","Fri Jun 14, 1963 11:58 UTC",Vostok | Vostok 5,Retired,,Success
6830,US Air Force,"SLC-1W (75-3-4), Vandenberg SFB, California, USA","Wed Jun 12, 1963 23:58 UTC",Thor SLV2A Agena-D | KH-4 21 (Corona 65),Retired,,Success
6831,General Dynamics,"SLC-3E, Vandenberg SFB, California, USA","Wed Jun 12, 1963",Atlas-LV3 Agena-B | Midas 8,Retired,,Failure
6832,RVSN USSR,"Mayak-2, Kapustin Yar, Russia","Sat Jun 01, 1963 02:50 UTC",Cosmos-1 (65S3) | DS-MT n°1,Retired,,Failure
6833,RVSN USSR,"Site 1/5, Baikonur Cosmodrome, Kazakhstan","Fri May 24, 1963 10:34 UTC",Vostok-2 | Cosmos 18,Retired,,Success
6834,RVSN USSR,"Mayak-2, Kapustin Yar, Russia","Wed May 22, 1963 03:00 UTC",Cosmos-1 (65S3) | Cosmos 17,Retired,,Success
6835,US Air Force,"SLC-1E (75-3-5), Vandenberg SFB, California, USA","Sat May 18, 1963 22:21 UTC",Thor SLV2A Agena-D | KH-6 2 (Corona 64),Retired,,Success
6836,NASA,"LC-14, Cape Canaveral SFS, Florida, USA","Wed May 15, 1963 13:04 UTC",Atlas-D Mercury | Faith 7 (MA-9),Retired,,Success
6837,General Dynamics,"SLC-3E, Vandenberg SFB, California, USA","Thu May 09, 1963 20:06 UTC",Atlas-LV3 Agena-B | Midas 7,Retired,,Success
6838,US Air Force,"SLC-17B, Cape Canaveral SFS, Florida, USA","Tue May 07, 1963 11:38 UTC",Delta B | Telstar 2,Retired,,Success
6839,RVSN USSR,"Site 1/5, Baikonur Cosmodrome, Kazakhstan","Sun Apr 28, 1963 08:49 UTC",Vostok-2 | Cosmos 16,Retired,,Success
6840,US Air Force,"SLC-2E (75-1-1), Vandenberg SFB, California, USA","Fri Apr 26, 1963 20:12 UTC",Thor DM-21 Agena-D | KH-5 8 (Corona 63),Retired,,Failure
6841,US Air Force,"SLC-5, Vandenberg SFB, California, USA","Fri Apr 26, 1963",Scout X-2M | DSAP-1 F4,Retired,,Failure
6842,RVSN USSR,"Site 1/5, Baikonur Cosmodrome, Kazakhstan","Mon Apr 22, 1963 08:30 UTC",Vostok-2 | Cosmos 15,Retired,,Success
6843,RVSN USSR,"Mayak-2, Kapustin Yar, Russia","Sat Apr 13, 1963 11:00 UTC",Cosmos-1 (65S3) | Cosmos 14,Retired,,Success
6844,RVSN USSR,"Mayak-2, Kapustin Yar, Russia","Sat Apr 06, 1963 03:01 UTC",Cosmos-1 (65S3) | DS-P1 n°2,Retired,,Failure
6845,US Air Force,"SLC-5, Vandenberg SFB, California, USA","Fri Apr 05, 1963 03:01 UTC",Scout X-3 | Transit-5A 2,Retired,,Failure
6846,US Air Force,"SLC-17A, Cape Canaveral SFS, Florida, USA","Wed Apr 03, 1963 02:00 UTC",Delta B | Explorer 17 (AE-A),Retired,,Success
6847,RVSN USSR,"Site 1/5, Baikonur Cosmodrome, Kazakhstan","Tue Apr 02, 1963 08:16 UTC",Molniya | Luna 4,Retired,,Success
6848,US Air Force,"SLC-1E (75-3-5), Vandenberg SFB, California, USA","Mon Apr 01, 1963 23:01 UTC",Thor DM-21 Agena-D | KH-4 20 (Corona 62),Retired,,Success
6849,NASA,"LC-34, Cape Canaveral SFS, Florida, USA","Thu Mar 28, 1963 20:11 UTC",Saturn I Block I | SA-4,Retired,,Success
6850,RVSN USSR,"Site 1/5, Baikonur Cosmodrome, Kazakhstan","Thu Mar 21, 1963 08:30 UTC",Vostok-2 | Cosmos 13,Retired,,Success
6851,US Air Force,"SLC-1W (75-3-4), Vandenberg SFB, California, USA","Mon Mar 18, 1963 21:13 UTC",Thor SLV2A Agena-D | KH-6 1 (Corona 61) & Hitchhiker 1,Retired,,Failure
6852,US Air Force,"SLC-1E (75-3-5), Vandenberg SFB, California, USA","Thu Feb 28, 1963 21:48 UTC",Thor SLV2A Agena-D | KH-4 19 (Corona 60),Retired,,Failure
6853,US Air Force,"SLC-5, Vandenberg SFB, California, USA","Tue Feb 19, 1963 16:33 UTC",Scout X-3M | DSAP-1 F3,Retired,,Success
6854,US Air Force,"SLC-17B, Cape Canaveral SFS, Florida, USA","Thu Feb 14, 1963 05:35 UTC",Delta B | Syncom 1,Retired,,Success
6855,RVSN USSR,"Site 1/5, Baikonur Cosmodrome, Kazakhstan","Sun Feb 03, 1963 09:29 UTC",Molniya | E-6 n°2 (Luna 4),Retired,,Failure
6856,US Air Force,"SLC-1E (75-3-5), Vandenberg SFB, California, USA","Wed Jan 16, 1963 21:59 UTC",Thor DM-21 Agena-B | OPS 0180,Retired,,Success
6857,US Air Force,"SLC-2E (75-1-1), Vandenberg SFB, California, USA","Mon Jan 07, 1963 21:09 UTC",Thor DM-21 Agena-D | KH-4 18 (Corona 59),Retired,,Success
6858,RVSN USSR,"Site 1/5, Baikonur Cosmodrome, Kazakhstan","Fri Jan 04, 1963 08:49 UTC",Molniya | E-6 n°1 (Luna 4),Retired,,Failure
6859,RVSN USSR,"Site 1/5, Baikonur Cosmodrome, Kazakhstan","Sat Dec 22, 1962 09:24 UTC",Vostok-2 | Cosmos 12,Retired,,Success
6860,US Air Force,"SLC-5, Vandenberg SFB, California, USA","Wed Dec 19, 1962 01:25 UTC",Scout X-3 | Transit-5A 1,Retired,,Success
6861,General Dynamics,"SLC-3E, Vandenberg SFB, California, USA","Mon Dec 17, 1962 20:36 UTC",Atlas-LV3 Agena-B | Midas 6,Retired,,Failure
6862,NASA,"LA-3, Wallops Flight Facility, Virginia, USA","Sun Dec 16, 1962 14:33 UTC",Scout X-3 | Explorer 16 (S-55B),Retired,,Success
6863,US Air Force,"SLC-1E (75-3-5), Vandenberg SFB, California, USA","Fri Dec 14, 1962 21:26 UTC",Thor DM-21 Agena-D | KH-4 17 (Corona 58),Retired,,Success
6864,US Air Force,"SLC-17A, Cape Canaveral SFS, Florida, USA","Thu Dec 13, 1962 23:30 UTC",Delta B | Relay 1,Retired,,Success
6865,US Air Force,"SLC-2E (75-1-1), Vandenberg SFB, California, USA","Thu Dec 13, 1962 04:07 UTC",Thor DM-21 Agena-D | Injun 3 & Others,Retired,,Success
6866,US Air Force,"SLC-2E (75-1-1), Vandenberg SFB, California, USA","Tue Dec 04, 1962 21:30 UTC",Thor DM-21 Agena-D | KH-4 16 (Corona 57),Retired,,Success
6867,US Air Force,"SLC-1W (75-3-4), Vandenberg SFB, California, USA","Sat Nov 24, 1962 22:00 UTC",Thor DM-21 Agena-B | KH-4 15 (Corona 56),Retired,,Success
6868,NASA,"LC-34, Cape Canaveral SFS, Florida, USA","Fri Nov 16, 1962 16:45 UTC",Saturn I Block I | SA-3,Retired,,Success
6869,General Dynamics,"SLC-3W, Vandenberg SFB, California, USA","Sun Nov 11, 1962 20:17 UTC",Atlas-LV3 Agena-B | Samos 11,Retired,,Success
6870,US Air Force,"SLC-1W (75-3-4), Vandenberg SFB, California, USA","Mon Nov 05, 1962 22:04 UTC",Thor DM-21 Agena-B | KH-4 14 (Corona 55),Retired,,Success
6871,RVSN USSR,"Site 1/5, Baikonur Cosmodrome, Kazakhstan","Sun Nov 04, 1962 15:35 UTC",Molniya | 2MV-3 n°1 (Mars 2),Retired,,Failure
6872,RVSN USSR,"Site 1/5, Baikonur Cosmodrome, Kazakhstan","Thu Nov 01, 1962 16:14 UTC",Molniya | Mars 1,Retired,,Success
6873,US Air Force,"SLC-17A, Cape Canaveral SFS, Florida, USA","Wed Oct 31, 1962 08:08 UTC",Thor DM-21 Ablestar | ANNA 1B,Retired,,Success
6874,US Air Force,"SLC-17B, Cape Canaveral SFS, Florida, USA","Sat Oct 27, 1962 23:15 UTC",Delta A | Explorer 15 (EPE-C),Retired,,Success
6875,US Air Force,"SLC-2W, Vandenberg SFB, California, USA","Fri Oct 26, 1962 16:14 UTC",Thor DM-21 Agena-D | Star-Rad (Corona 54),Retired,,Success
6876,RVSN USSR,"Mayak-2, Kapustin Yar, Russia","Thu Oct 25, 1962 07:00 UTC",Cosmos-1 (65S3) | 1MS n°2,Retired,,Failure
6877,RVSN USSR,"Site 1/5, Baikonur Cosmodrome, Kazakhstan","Wed Oct 24, 1962 17:55 UTC",Molniya | 2MV-4 n°1 (Mars 1),Retired,,Failure
6878,RVSN USSR,"Mayak-2, Kapustin Yar, Russia","Sat Oct 20, 1962 04:00 UTC",Cosmos-1 (65S3) | Cosmos 11,Retired,,Success
6879,General Dynamics,"LC-12, Cape Canaveral SFS, Florida, USA","Thu Oct 18, 1962 16:59 UTC",Atlas-LV3 Agena-B | Ranger 5,Retired,,Success
6880,RVSN USSR,"Site 1/5, Baikonur Cosmodrome, Kazakhstan","Wed Oct 17, 1962 09:00 UTC",Vostok-2 | Cosmos 10,Retired,,Success
6881,US Air Force,"SLC-1W (75-3-4), Vandenberg SFB, California, USA","Tue Oct 09, 1962 18:35 UTC",Thor DM-21 Agena-B | KH-5 7 (Corona 53),Retired,,Success
6882,NASA,"LC-14, Cape Canaveral SFS, Florida, USA","Wed Oct 03, 1962 12:15 UTC",Atlas-D Mercury | Sigma 7 (MA-8),Retired,,Success
6883,US Air Force,"SLC-17B, Cape Canaveral SFS, Florida, USA","Tue Oct 02, 1962 22:11 UTC",Delta A | Explorer 14 (EPE-B),Retired,,Success
6884,US Air Force,"SLC-2W, Vandenberg SFB, California, USA","Sat Sep 29, 1962 23:34 UTC",Thor DM-21 Agena-D | KH-4 13 & RM 4 (Corona 52),Retired,,Success
6885,US Air Force,"SLC-2E (75-1-1), Vandenberg SFB, California, USA","Sat Sep 29, 1962 06:05 UTC",Thor DM-21 Agena-B | Alouette 1 & TAVE,Retired,,Success
6886,RVSN USSR,"Site 1/5, Baikonur Cosmodrome, Kazakhstan","Thu Sep 27, 1962 09:39 UTC",Vostok-2 | Cosmos 9,Retired,,Success
6887,US Air Force,"SLC-17A, Cape Canaveral SFS, Florida, USA","Tue Sep 18, 1962 08:53 UTC",Thor DM-19 Delta | TIROS-6,Retired,,Success
6888,US Air Force,"SLC-1W (75-3-4), Vandenberg SFB, California, USA","Mon Sep 17, 1962 23:46 UTC",Thor DM-21 Agena-B | KH-4 12 (Corona 51) & TRS-2,Retired,,Success
6889,RVSN USSR,"Site 1/5, Baikonur Cosmodrome, Kazakhstan","Wed Sep 12, 1962 00:59 UTC",Molniya | 2MV-2 n°1 (Venera 2),Retired,,Failure
6890,US Air Force,"SLC-1E (75-3-5), Vandenberg SFB, California, USA","Sat Sep 01, 1962 20:39 UTC",Thor DM-21 Agena-B | KH-5 6 (Corona 50),Retired,,Success
6891,RVSN USSR,"Site 1/5, Baikonur Cosmodrome, Kazakhstan","Sat Sep 01, 1962 02:12 UTC",Molniya | 2MV-1 n°2 (Venera 2),Retired,,Failure
6892,US Air Force,"SLC-2W, Vandenberg SFB, California, USA","Wed Aug 29, 1962 01:00 UTC",Thor DM-21 Agena-D | KH-4 11 & RM 3 (Corona 49),Retired,,Success
6893,General Dynamics,"LC-12, Cape Canaveral SFS, Florida, USA","Mon Aug 27, 1962 06:53 UTC",Atlas-LV3 Agena-B | Mariner 2,Retired,,Success
6894,RVSN USSR,"Site 1/5, Baikonur Cosmodrome, Kazakhstan","Sat Aug 25, 1962 02:18 UTC",Molniya | 2MV-1 n°1 (Venera 2),Retired,,Failure
6895,US Air Force,"SLC-5, Vandenberg SFB, California, USA","Thu Aug 23, 1962 11:44 UTC",Scout X-2M | DSAP-1 F2,Retired,,Success
6896,RVSN USSR,"Mayak-2, Kapustin Yar, Russia","Sat Aug 18, 1962 15:00 UTC",Cosmos-1 (65S3) | Cosmos 8,Retired,,Success
6897,RVSN USSR,"Site 1/5, Baikonur Cosmodrome, Kazakhstan","Sun Aug 12, 1962 08:02 UTC",Vostok | Vostok 4,Retired,,Success
6898,RVSN USSR,"Site 1/5, Baikonur Cosmodrome, Kazakhstan","Sat Aug 11, 1962 08:30 UTC",Vostok | Vostok 3,Retired,,Success
6899,General Dynamics,"SLC-3W, Vandenberg SFB, California, USA","Sun Aug 05, 1962 17:58 UTC",Atlas-LV3 Agena-B | Samos 10,Retired,,Success
6900,US Air Force,"SLC-2E (75-1-1), Vandenberg SFB, California, USA","Thu Aug 02, 1962 00:17 UTC",Thor DM-21 Agena-D | KH-4 10 (Corona 48),Retired,,Success
6901,RVSN USSR,"Site 1/5, Baikonur Cosmodrome, Kazakhstan","Sat Jul 28, 1962 09:18 UTC",Vostok-2 | Cosmos 7,Retired,,Success
6902,US Air Force,"SLC-1W (75-3-4), Vandenberg SFB, California, USA","Sat Jul 28, 1962 00:30 UTC",Thor DM-21 Agena-B | KH-4 9 (Corona 47),Retired,,Success
6903,General Dynamics,"LC-12, Cape Canaveral SFS, Florida, USA","Sun Jul 22, 1962 09:21 UTC",Atlas-LV3 Agena-B | Mariner 1,Retired,,Failure
6904,US Air Force,"SLC-1E (75-3-5), Vandenberg SFB, California, USA","Sat Jul 21, 1962 00:56 UTC",Thor DM-21 Agena-B | KH-4 8 (Corona 46),Retired,,Success
6905,General Dynamics,"SLC-3W, Vandenberg SFB, California, USA","Wed Jul 18, 1962 20:51 UTC",Atlas-LV3 Agena-B | Samos 9,Retired,,Success
6906,US Air Force,"SLC-17B, Cape Canaveral SFS, Florida, USA","Tue Jul 10, 1962 08:35 UTC",Thor DM-19 Delta | Telstar 1,Retired,,Success
6907,RVSN USSR,"Mayak-2, Kapustin Yar, Russia","Sat Jun 30, 1962 16:00 UTC",Cosmos-1 (65S3) | Cosmos 6,Retired,,Success
6908,US Air Force,"SLC-2E (75-1-1), Vandenberg SFB, California, USA","Thu Jun 28, 1962 01:09 UTC",Thor DM-21 Agena-D | KH-4 7 (Corona 45),Retired,,Success
6909,US Air Force,"SLC-1W (75-3-4), Vandenberg SFB, California, USA","Sat Jun 23, 1962 00:30 UTC",Thor DM-21 Agena-B | KH-4 6 (Corona 44),Retired,,Success
6910,US Air Force,"SLC-17A, Cape Canaveral SFS, Florida, USA","Tue Jun 19, 1962 12:19 UTC",Thor DM-19 Delta | TIROS-5,Retired,,Success
6911,US Air Force,"SLC-1E (75-3-5), Vandenberg SFB, California, USA","Mon Jun 18, 1962 20:20 UTC",Thor DM-21 Agena-B | FTV 2312,Retired,,Success
6912,General Dynamics,"SLC-3W, Vandenberg SFB, California, USA","Sun Jun 17, 1962 18:14 UTC",Atlas-LV3 Agena-B | Samos 8,Retired,,Success
6913,US Air Force,"SLC-1W (75-3-4), Vandenberg SFB, California, USA","Sat Jun 02, 1962 00:31 UTC",Thor DM-18 Agena-A | KH-4 5 (Corona 43) & OSCAR 2,Retired,,Success
6914,RVSN USSR,"Site 1/5, Baikonur Cosmodrome, Kazakhstan","Fri Jun 01, 1962 09:37 UTC",Vostok-2 | Zenit-2 n°3,Retired,,Failure
6915,US Air Force,"SLC-2E (75-1-1), Vandenberg SFB, California, USA","Wed May 30, 1962 01:00 UTC",Thor DM-21 Agena-B | KH-4 4 (Corona 42),Retired,,Success
6916,RVSN USSR,"Mayak-2, Kapustin Yar, Russia","Mon May 28, 1962 03:00 UTC",Cosmos-1 (65S3) | Cosmos 5,Retired,,Success
6917,NASA,"LC-14, Cape Canaveral SFS, Florida, USA","Thu May 24, 1962 12:45 UTC",Atlas-D Mercury | Aurora 7 (MA-7),Retired,,Success
6918,US Air Force,"SLC-5, Vandenberg SFB, California, USA","Thu May 24, 1962 10:49 UTC",Scout X-2M | DSAP-1 F1,Retired,,Failure
6919,US Air Force,"SLC-1E (75-3-5), Vandenberg SFB, California, USA","Tue May 15, 1962 19:36 UTC",Thor DM-21 Agena-B | KH-5 5 (Corona 41),Retired,,Success
6920,US Air Force,"SLC-17B, Cape Canaveral SFS, Florida, USA","Thu May 10, 1962 12:06 UTC",Thor DM-21 Ablestar | ANNA 1A,Retired,,Failure
6921,General Dynamics,"SLC-36A, Cape Canaveral SFS, Florida, USA","Tue May 08, 1962 19:49 UTC",Atlas-LV3C Centaur-A | AC-1 (Test Vehicle),Retired,,Failure
6922,US Air Force,"SLC-1W (75-3-4), Vandenberg SFB, California, USA","Sun Apr 29, 1962 00:30 UTC",Thor DM-21 Agena-B | KH-4 3 (Corona 40),Retired,,Success
6923,General Dynamics,"SLC-3W, Vandenberg SFB, California, USA","Thu Apr 26, 1962 18:56 UTC",Atlas-LV3 Agena-B | Samos 7,Retired,,Success
6924,US Air Force,"SLC-17A, Cape Canaveral SFS, Florida, USA","Thu Apr 26, 1962 18:00 UTC",Thor DM-19 Delta | Ariel 1,Retired,,Success
6925,NASA,"LA-3, Wallops Flight Facility, Virginia, USA","Thu Apr 26, 1962 10:49 UTC",Scout X-2 | Solrad 4B,Retired,,Failure
6926,RVSN USSR,"Site 1/5, Baikonur Cosmodrome, Kazakhstan","Thu Apr 26, 1962 10:02 UTC",Vostok | Cosmos 4,Retired,,Success
6927,NASA,"LC-34, Cape Canaveral SFS, Florida, USA","Wed Apr 25, 1962 13:00 UTC",Saturn I Block I | SA-2,Retired,,Success
6928,RVSN USSR,"Mayak-2, Kapustin Yar, Russia","Tue Apr 24, 1962 04:00 UTC",Cosmos-1 (65S3) | Cosmos 3,Retired,,Success
6929,General Dynamics,"LC-12, Cape Canaveral SFS, Florida, USA","Mon Apr 23, 1962 20:50 UTC",Atlas-LV3 Agena-B | Ranger 4,Retired,,Success
6930,US Air Force,"SLC-1E (75-3-5), Vandenberg SFB, California, USA","Wed Apr 18, 1962 00:53 UTC",Thor DM-21 Agena-B | KH-4 2 (Corona 39),Retired,,Success
6931,General Dynamics,"SLC-3E, Vandenberg SFB, California, USA","Mon Apr 09, 1962 15:04 UTC",Atlas-LV3 Agena-B | Midas 5,Retired,,Success
6932,RVSN USSR,"Mayak-2, Kapustin Yar, Russia","Fri Apr 06, 1962 17:15 UTC",Cosmos-1 (65S3) | Cosmos 2,Retired,,Success
6933,RVSN USSR,"Mayak-2, Kapustin Yar, Russia","Fri Mar 16, 1962 11:59 UTC",Cosmos-1 (65S3) | Cosmos 1,Retired,,Success
6934,General Dynamics,"SLC-3E, Vandenberg SFB, California, USA","Wed Mar 07, 1962 22:10 UTC",Atlas-LV3 Agena-B | Samos 6,Retired,,Success
6935,US Air Force,"SLC-17A, Cape Canaveral SFS, Florida, USA","Wed Mar 07, 1962 16:06 UTC",Thor DM-19 Delta | OSO-1,Retired,,Success
6936,US Air Force,"SLC-1W (75-3-4), Vandenberg SFB, California, USA","Tue Feb 27, 1962 19:39 UTC",Thor DM-21 Agena-B | KH-4 1 (Corona 38),Retired,,Success
6937,US Air Force,"SLC-1E (75-3-5), Vandenberg SFB, California, USA","Wed Feb 21, 1962 18:44 UTC",Thor DM-21 Agena-B | FTV 2301,Retired,,Partial Failure
6938,NASA,"LC-14, Cape Canaveral SFS, Florida, USA","Tue Feb 20, 1962 14:47 UTC",Atlas-D Mercury | Friendship 7 (MA-6),Retired,,Success
6939,US Air Force,"SLC-17A, Cape Canaveral SFS, Florida, USA","Thu Feb 08, 1962 12:43 UTC",Thor DM-19 Delta | TIROS-4,Retired,,Success
6940,General Dynamics,"LC-12, Cape Canaveral SFS, Florida, USA","Fri Jan 26, 1962 20:30 UTC",Atlas-LV3 Agena-B | Ranger 3,Retired,,Partial Failure
6941,US Air Force,"SLC-17B, Cape Canaveral SFS, Florida, USA","Wed Jan 24, 1962 09:30 UTC",Thor DM-21 Ablestar | LOFTI-2A & Others,Retired,,Failure
6942,US Air Force,"SLC-1W (75-3-4), Vandenberg SFB, California, USA","Sat Jan 13, 1962 21:41 UTC",Thor DM-21 Agena-B | KH-3 6 (Discoverer 37),Retired,,Failure
6943,General Dynamics,"SLC-3E, Vandenberg SFB, California, USA","Fri Dec 22, 1961 19:12 UTC",Atlas-LV3 Agena-B | Samos 5,Retired,,Partial Failure
6944,RVSN USSR,"Mayak-2, Kapustin Yar, Russia","Thu Dec 21, 1961 12:30 UTC",Cosmos-1 (65S3) | DS-1 n°2,Retired,,Failure
6945,US Air Force,"SLC-1W (75-3-4), Vandenberg SFB, California, USA","Tue Dec 12, 1961 20:40 UTC",Thor DM-21 Agena-B | KH-3 5 (Discoverer 36) & OSCAR 1,Retired,,Success
6946,RVSN USSR,"Site 1/5, Baikonur Cosmodrome, Kazakhstan","Mon Dec 11, 1961 09:39 UTC",Vostok | Zenit-2 n°1,Retired,,Failure
6947,NASA,"LC-14, Cape Canaveral SFS, Florida, USA","Wed Nov 29, 1961 15:07 UTC",Atlas-D Mercury | Mercury-Atlas 5 (MA-5),Retired,,Success
6948,General Dynamics,"SLC-3W, Vandenberg SFB, California, USA","Wed Nov 22, 1961 20:45 UTC",Atlas-LV3 Agena-B | Samos 4,Retired,,Failure
6949,General Dynamics,"LC-12, Cape Canaveral SFS, Florida, USA","Sat Nov 18, 1961 08:12 UTC",Atlas-LV3 Agena-B | Ranger 2,Retired,,Failure
6950,US Air Force,"SLC-17B, Cape Canaveral SFS, Florida, USA","Wed Nov 15, 1961 22:26 UTC",Thor DM-21 Ablestar | Transit 4B & TRAAC,Retired,,Success
6951,US Air Force,"SLC-1W (75-3-4), Vandenberg SFB, California, USA","Wed Nov 15, 1961 21:22 UTC",Thor DM-21 Agena-B | KH-2 10 (Discoverer 35),Retired,,Success
6952,US Air Force,"SLC-2E (75-1-1), Vandenberg SFB, California, USA","Sun Nov 05, 1961 20:00 UTC",Thor DM-21 Agena-B | KH-2 9 (Discoverer 34),Retired,,Failure
6953,NASA,"LC-18B, Cape Canaveral SFS, Florida, USA","Wed Nov 01, 1961 15:32 UTC",Blue Scout II | Mercury-Scout 1,Retired,,Failure
6954,RVSN USSR,"Mayak-2, Kapustin Yar, Russia","Fri Oct 27, 1961 16:30 UTC",Cosmos-1 (65S3) | DS-1 n°1,Retired,,Failure
6955,NASA,"LC-34, Cape Canaveral SFS, Florida, USA","Fri Oct 27, 1961 14:06 UTC",Saturn I Block I | SA-1,Retired,,Success
6956,US Air Force,"SLC-1E (75-3-5), Vandenberg SFB, California, USA","Mon Oct 23, 1961 19:23 UTC",Thor DM-21 Agena-B | KH-2 8 (Discoverer 33),Retired,,Failure
6957,General Dynamics,"SLC-3E, Vandenberg SFB, California, USA","Sat Oct 21, 1961 13:53 UTC",Atlas-LV3 Agena-B | Midas 4,Retired,,Partial Failure
6958,US Air Force,"SLC-1W (75-3-4), Vandenberg SFB, California, USA","Fri Oct 13, 1961 19:22 UTC",Thor DM-21 Agena-B | KH-3 4 (Discoverer 32),Retired,,Success
6959,US Air Force,"SLC-2E (75-1-1), Vandenberg SFB, California, USA","Sun Sep 17, 1961 21:00 UTC",Thor DM-21 Agena-B | KH-3 3 (Discoverer 31),Retired,,Success
6960,NASA,"LC-14, Cape Canaveral SFS, Florida, USA","Wed Sep 13, 1961 14:04 UTC",Atlas-D Mercury | Mercury-Atlas 4 (MA-4),Retired,,Success
6961,US Air Force,"SLC-1E (75-3-5), Vandenberg SFB, California, USA","Tue Sep 12, 1961 19:59 UTC",Thor DM-21 Agena-B | KH-3 2 (Discoverer 30),Retired,,Success
6962,General Dynamics,"SLC-3W, Vandenberg SFB, California, USA","Sat Sep 09, 1961 19:28 UTC",Atlas-LV3 Agena-B | Samos 3,Retired,,Failure
6963,US Air Force,"SLC-1W (75-3-4), Vandenberg SFB, California, USA","Wed Aug 30, 1961 20:00 UTC",Thor DM-21 Agena-B | KH-3 1 (Discoverer 29),Retired,,Success
6964,NASA,"LA-3, Wallops Flight Facility, Virginia, USA","Fri Aug 25, 1961 18:29 UTC",Scout X-1 | Explorer 13 (S55A),Retired,,Partial Failure
6965,General Dynamics,"LC-12, Cape Canaveral SFS, Florida, USA","Wed Aug 23, 1961 10:04 UTC",Atlas-LV3 Agena-B | Ranger 1,Retired,,Failure
6966,US Air Force,"SLC-17A, Cape Canaveral SFS, Florida, USA","Wed Aug 16, 1961 03:21 UTC",Thor DM-19 Delta | Explorer 12 (EPE-A),Retired,,Success
6967,RVSN USSR,"Site 1/5, Baikonur Cosmodrome, Kazakhstan","Sun Aug 06, 1961 06:00 UTC",Vostok | Vostok 2,Retired,,Success
6968,US Air Force,"SLC-2E (75-1-1), Vandenberg SFB, California, USA","Fri Aug 04, 1961 00:01 UTC",Thor DM-21 Agena-B | KH-2 7 (Discoverer 28),Retired,,Failure
6969,US Air Force,"SLC-1W (75-3-4), Vandenberg SFB, California, USA","Fri Jul 21, 1961 22:35 UTC",Thor DM-21 Agena-B | KH-5 4 (Discoverer 27),Retired,,Failure
6970,NASA,"LC-5, Cape Canaveral SFS, Florida, USA","Fri Jul 21, 1961 12:20 UTC",Mercury-Redstone | Liberty Bell 7 (MR-4),Retired,,Success
6971,General Dynamics,"SLC-3E, Vandenberg SFB, California, USA","Wed Jul 12, 1961 15:11 UTC",Atlas-LV3 Agena-B | Midas 3,Retired,,Success
6972,US Air Force,"SLC-17A, Cape Canaveral SFS, Florida, USA","Wed Jul 12, 1961 10:25 UTC",Thor DM-19 Delta | TIROS-3,Retired,,Success
6973,US Air Force,"SLC-1E (75-3-5), Vandenberg SFB, California, USA","Fri Jul 07, 1961 23:29 UTC",Thor DM-21 Agena-B | KH-2 6 (Discoverer 26),Retired,,Success
6974,NASA,"LA-3, Wallops Flight Facility, Virginia, USA","Fri Jun 30, 1961 17:09 UTC",Scout X-1 | Explorer (S-55),Retired,,Failure
6975,US Air Force,"SLC-17B, Cape Canaveral SFS, Florida, USA","Thu Jun 29, 1961 04:23 UTC","Thor DM-21 Ablestar | Transit 4A, Injun 1 & GRAB-3",Retired,,Success
6976,US Air Force,"SLC-2E (75-1-1), Vandenberg SFB, California, USA","Fri Jun 16, 1961 23:02 UTC",Thor DM-21 Agena-B | KH-2 5 (Discoverer 25),Retired,,Success
6977,US Air Force,"SLC-1W (75-3-4), Vandenberg SFB, California, USA","Thu Jun 08, 1961 21:16 UTC",Thor DM-21 Agena-B | KH-5 3 (Discoverer 24),Retired,,Failure
6978,ABMA,"LC-26B, Cape Canaveral SFS, Florida, USA","Wed May 24, 1961 19:48 UTC",Juno II | Explorer 12a,Retired,,Failure
6979,NASA,"LC-5, Cape Canaveral SFS, Florida, USA","Fri May 05, 1961 14:34 UTC",Mercury-Redstone | Freedom 7 (MR-3),Retired,,Success
6980,ABMA,"LC-26B, Cape Canaveral SFS, Florida, USA","Thu Apr 27, 1961 14:16 UTC",Juno II | Explorer 11 (S 15),Retired,,Success
6981,NASA,"LC-14, Cape Canaveral SFS, Florida, USA","Tue Apr 25, 1961 16:15 UTC",Atlas-D Mercury | Mercury-Atlas 3 (MA-3),Retired,,Failure
6982,RVSN USSR,"Site 1/5, Baikonur Cosmodrome, Kazakhstan","Wed Apr 12, 1961 06:07 UTC",Vostok | Vostok 1,Retired,,Success
6983,US Air Force,"SLC-1E (75-3-5), Vandenberg SFB, California, USA","Sat Apr 08, 1961 19:21 UTC",Thor DM-21 Agena-B | KH-5 2 (Discoverer 23),Retired,,Success
6984,US Air Force,"SLC-1W (75-3-4), Vandenberg SFB, California, USA","Thu Mar 30, 1961 20:34 UTC",Thor DM-21 Agena-B | KH-2 4 (Discoverer 22),Retired,,Failure
6985,US Air Force,"SLC-17A, Cape Canaveral SFS, Florida, USA","Sat Mar 25, 1961 15:17 UTC",Thor DM-19 Delta | Explorer 10 (P 14),Retired,,Success
6986,RVSN USSR,"Site 1/5, Baikonur Cosmodrome, Kazakhstan","Sat Mar 25, 1961 05:54 UTC",Vostok | Korabl-Sputnik 5,Retired,,Success
6987,NASA,"LC-5, Cape Canaveral SFS, Florida, USA","Fri Mar 24, 1961 17:30 UTC",Mercury-Redstone | Mercury-Redstone BD (MR-BD),Retired,,Success
6988,RVSN USSR,"Site 1/5, Baikonur Cosmodrome, Kazakhstan","Thu Mar 09, 1961 06:29 UTC",Vostok | Korabl-Sputnik 4,Retired,,Success
6989,ABMA,"LC-26B, Cape Canaveral SFS, Florida, USA","Sat Feb 25, 1961 00:13 UTC",Juno II | Explorer 10a,Retired,,Failure
6990,US Air Force,"SLC-17B, Cape Canaveral SFS, Florida, USA","Wed Feb 22, 1961 03:45 UTC",Thor DM-21 Ablestar | Transit 3B & Lofti 1,Retired,,Success
6991,NASA,"LC-14, Cape Canaveral SFS, Florida, USA","Tue Feb 21, 1961 14:12 UTC",Atlas-D Mercury | Mercury-Atlas 2 (MA-2),Retired,,Success
6992,US Air Force,"SLC-1E (75-3-5), Vandenberg SFB, California, USA","Sat Feb 18, 1961 22:57 UTC",Thor DM-21 Agena-B | RM 2 (Discoverer 21),Retired,,Success
6993,US Air Force,"SLC-1W (75-3-4), Vandenberg SFB, California, USA","Fri Feb 17, 1961 20:25 UTC",Thor DM-21 Agena-B | KH-5 1 (Discoverer 20),Retired,,Success
6994,NASA,"LA-3, Wallops Flight Facility, Virginia, USA","Thu Feb 16, 1961 13:05 UTC",Scout X-1 | Explorer 9 (S-56A),Retired,,Success
6995,RVSN USSR,"Site 1/5, Baikonur Cosmodrome, Kazakhstan","Sun Feb 12, 1961 00:34 UTC",Molniya | Venera 1,Retired,,Success
6996,RVSN USSR,"Site 1/5, Baikonur Cosmodrome, Kazakhstan","Sat Feb 04, 1961 01:18 UTC",Molniya | 1VA n°1 (Venera 1),Retired,,Failure
6997,General Dynamics,"SLC-3W, Vandenberg SFB, California, USA","Tue Jan 31, 1961 20:21 UTC",Atlas-LV3 Agena-A | Samos 2,Retired,,Success
6998,NASA,"LC-5, Cape Canaveral SFS, Florida, USA","Tue Jan 31, 1961 16:55 UTC",Mercury-Redstone | Mercury-Redstone 2 (MR-2),Retired,,Success
6999,RVSN USSR,"Site 1/5, Baikonur Cosmodrome, Kazakhstan","Thu Dec 22, 1960 07:45 UTC",Vostok | 1K n°5 (Korabl-Sputnik 3),Retired,,Failure
7000,US Air Force,"SLC-1E (75-3-5), Vandenberg SFB, California, USA","Tue Dec 20, 1960 20:32 UTC",Thor DM-21 Agena-B | RM 1 (Discoverer 19),Retired,,Success
7001,NASA,"LC-5, Cape Canaveral SFS, Florida, USA","Mon Dec 19, 1960 16:15 UTC",Mercury-Redstone | Mercury-Redstone 1A (MR-1A),Retired,,Success
7002,General Dynamics,"LC-12, Cape Canaveral SFS, Florida, USA","Thu Dec 15, 1960 09:10 UTC",Atlas-D Able | Pioneer P-31,Retired,,Failure
7003,US Air Force,"SLC-1W (75-3-4), Vandenberg SFB, California, USA","Wed Dec 07, 1960 20:20 UTC",Thor DM-21 Agena-B | KH-2 3 (Discoverer 18),Retired,,Success
7004,NASA,"LA-3, Wallops Flight Facility, Virginia, USA","Sun Dec 04, 1960 21:14 UTC",Scout X-1 | Explorer (S-56),Retired,,Failure
7005,RVSN USSR,"Site 1/5, Baikonur Cosmodrome, Kazakhstan","Thu Dec 01, 1960 07:30 UTC",Vostok | Korabl-Sputnik 3,Retired,,Success
7006,US Air Force,"SLC-17B, Cape Canaveral SFS, Florida, USA","Wed Nov 30, 1960 19:50 UTC",Thor DM-21 Ablestar | Transit 3A & GRAB-2,Retired,,Failure
7007,US Air Force,"SLC-17A, Cape Canaveral SFS, Florida, USA","Wed Nov 23, 1960 11:13 UTC",Thor DM-19 Delta | TIROS-2,Retired,,Success
7008,NASA,"LC-5, Cape Canaveral SFS, Florida, USA","Mon Nov 21, 1960 14:00 UTC",Mercury-Redstone | Mercury-Redstone 1 (MR-1),Retired,,Failure
7009,US Air Force,"SLC-1E (75-3-5), Vandenberg SFB, California, USA","Sat Nov 12, 1960 20:42 UTC",Thor DM-21 Agena-B | KH-2 2 (Discoverer 17),Retired,,Success
7010,ABMA,"LC-26B, Cape Canaveral SFS, Florida, USA","Thu Nov 03, 1960 05:23 UTC",Juno II | Explorer 8,Retired,,Success
7011,US Air Force,"SLC-1W (75-3-4), Vandenberg SFB, California, USA","Wed Oct 26, 1960 20:26 UTC",Thor DM-21 Agena-B | KH-2 1 (Discoverer 16),Retired,,Failure
7012,RVSN USSR,"Site 1/5, Baikonur Cosmodrome, Kazakhstan","Fri Oct 14, 1960 13:51 UTC",Molniya | 1M n°2 (Marsnik 2),Retired,,Failure
7013,General Dynamics,"SLC-3W, Vandenberg SFB, California, USA","Tue Oct 11, 1960 20:33 UTC",Atlas-LV3 Agena-A | Samos 1,Retired,,Failure
7014,RVSN USSR,"Site 1/5, Baikonur Cosmodrome, Kazakhstan","Mon Oct 10, 1960 14:27 UTC",Molniya | 1M n°1 (Marsnik 1),Retired,,Failure
7015,US Air Force,"SLC-17B, Cape Canaveral SFS, Florida, USA","Tue Oct 04, 1960 17:50 UTC",Thor DM-21 Ablestar | Courier 1B,Retired,,Success
7016,General Dynamics,"LC-12, Cape Canaveral SFS, Florida, USA","Sun Sep 25, 1960 15:13 UTC",Atlas-D Able | Pioneer P-30,Retired,,Failure
7017,US Air Force,"SLC-1E (75-3-5), Vandenberg SFB, California, USA","Tue Sep 13, 1960 22:13 UTC",Thor DM-18 Agena-A | KH-1 10 (Discoverer 15),Retired,,Success
7018,RVSN USSR,"Site 1/5, Baikonur Cosmodrome, Kazakhstan","Fri Aug 19, 1960 08:44 UTC",Vostok | Korabl-Sputnik 2,Retired,,Success
7019,US Air Force,"SLC-17B, Cape Canaveral SFS, Florida, USA","Thu Aug 18, 1960 19:58 UTC",Thor DM-21 Ablestar | Courier 1A,Retired,,Failure
7020,US Air Force,"SLC-1W (75-3-4), Vandenberg SFB, California, USA","Thu Aug 18, 1960 19:57 UTC",Thor DM-18 Agena-A | KH-1 9 (Discoverer 14),Retired,,Success
7021,US Air Force,"SLC-17A, Cape Canaveral SFS, Florida, USA","Fri Aug 12, 1960 09:39 UTC",Thor DM-19 Delta | Echo 1A,Retired,,Success
7022,US Air Force,"SLC-1E (75-3-5), Vandenberg SFB, California, USA","Wed Aug 10, 1960 20:37 UTC",Thor DM-18 Agena-A | Discoverer 13,Retired,,Success
7023,NASA,"LC-14, Cape Canaveral SFS, Florida, USA","Fri Jul 29, 1960 13:13 UTC",Atlas-D Mercury | Mercury-Atlas 1 (MA-1),Retired,,Failure
7024,RVSN USSR,"Site 1/5, Baikonur Cosmodrome, Kazakhstan","Thu Jul 28, 1960 09:31 UTC",Vostok | 1K n°2 (Korabl-Sputnik 2),Retired,,Failure
7025,US Air Force,"SLC-1W (75-3-4), Vandenberg SFB, California, USA","Wed Jun 29, 1960 22:00 UTC",Thor DM-18 Agena-A | Discoverer 12,Retired,,Failure
7026,US Air Force,"SLC-17B, Cape Canaveral SFS, Florida, USA","Wed Jun 22, 1960 05:54 UTC",Thor DM-21 Ablestar | Transit 2A & GRAB-1,Retired,,Success
7027,General Dynamics,"LC-14, Cape Canaveral SFS, Florida, USA","Tue May 24, 1960 17:36 UTC",Atlas-LV3 Agena-A | Midas 2,Retired,,Success
7028,RVSN USSR,"Site 1/5, Baikonur Cosmodrome, Kazakhstan","Sun May 15, 1960 00:00 UTC",Vostok | Korabl-Sputnik 1,Retired,,Success
7029,US Air Force,"SLC-17A, Cape Canaveral SFS, Florida, USA","Fri May 13, 1960 09:16 UTC",Thor DM-19 Delta | Echo 1,Retired,,Failure
7030,RVSN USSR,"Site 1/5, Baikonur Cosmodrome, Kazakhstan","Sat Apr 16, 1960 16:07 UTC",Vostok | E-3 n°3 (Luna-3),Retired,,Failure
7031,US Air Force,"SLC-1E (75-3-5), Vandenberg SFB, California, USA","Fri Apr 15, 1960 20:30 UTC",Thor DM-18 Agena-A | KH-1 8 (Discoverer 11),Retired,,Success
7032,RVSN USSR,"Site 1/5, Baikonur Cosmodrome, Kazakhstan","Fri Apr 15, 1960 15:06 UTC",Vostok | E-3 n°2 (Luna-3),Retired,,Failure
7033,US Air Force,"SLC-17B, Cape Canaveral SFS, Florida, USA","Wed Apr 13, 1960 12:02 UTC",Thor DM-21 Ablestar | Transit 1B,Retired,,Success
7034,US Air Force,"SLC-17A, Cape Canaveral SFS, Florida, USA","Fri Apr 01, 1960 11:40 UTC",Thor DM-18 Able-II | TIROS-1,Retired,,Success
7035,ABMA,"LC-26B, Cape Canaveral SFS, Florida, USA","Wed Mar 23, 1960 13:35 UTC",Juno II | Explorer 8a,Retired,,Failure
7036,US Air Force,"SLC-17A, Cape Canaveral SFS, Florida, USA","Fri Mar 11, 1960 13:00 UTC",Thor DM-18 Able-IV | Pioneer 5,Retired,,Success
7037,General Dynamics,"LC-14, Cape Canaveral SFS, Florida, USA","Fri Feb 26, 1960 17:25 UTC",Atlas-LV3 Agena-A | Midas 1,Retired,,Failure
7038,US Air Force,"SLC-1E (75-3-5), Vandenberg SFB, California, USA","Fri Feb 19, 1960 20:15 UTC",Thor DM-18 Agena-A | KH-1 7 (Discoverer 10),Retired,,Failure
7039,US Air Force,"SLC-1W (75-3-4), Vandenberg SFB, California, USA","Thu Feb 04, 1960 18:51 UTC",Thor DM-18 Agena-A | KH-1 6 (Discoverer 9),Retired,,Failure
7040,General Dynamics,"LC-14, Cape Canaveral SFS, Florida, USA","Thu Nov 26, 1959 07:26 UTC",Atlas-D Able | Pioneer P-3,Retired,,Failure
7041,US Air Force,"SLC-1E (75-3-5), Vandenberg SFB, California, USA","Fri Nov 20, 1959 19:25 UTC",Thor DM-18 Agena-A | KH-1 5 (Discoverer 8),Retired,,Failure
7042,US Air Force,"SLC-1W (75-3-4), Vandenberg SFB, California, USA","Sat Nov 07, 1959 20:28 UTC",Thor DM-18 Agena-A | KH-1 4 (Discoverer 7),Retired,,Success
7043,ABMA,"LC-5, Cape Canaveral SFS, Florida, USA","Tue Oct 13, 1959 15:30 UTC",Juno II | Explorer 7,Retired,,Success
7044,RVSN USSR,"Site 1/5, Baikonur Cosmodrome, Kazakhstan","Sun Oct 04, 1959 00:43 UTC",Vostok | Luna-3,Retired,,Success
7045,US Navy,"LC-18A, Cape Canaveral SFS, Florida, USA","Fri Sep 18, 1959 05:20 UTC",Vanguard | Vanguard 3,Retired,,Partial Failure
7046,US Air Force,"SLC-17A, Cape Canaveral SFS, Florida, USA","Thu Sep 17, 1959 14:34 UTC",Thor DM-18 Able-II | Transit 1A,Retired,,Failure
7047,RVSN USSR,"Site 1/5, Baikonur Cosmodrome, Kazakhstan","Sat Sep 12, 1959 06:39 UTC",Vostok | Luna-2,Retired,,Success
7048,NASA,"LC-14, Cape Canaveral SFS, Florida, USA","Wed Sep 09, 1959 08:19 UTC",Atlas-D Mercury | Big Joe 1,Retired,,Partial Failure
7049,US Air Force,"SLC-1E (75-3-5), Vandenberg SFB, California, USA","Wed Aug 19, 1959 19:24 UTC",Thor DM-18 Agena-A | KH-1 3 (Discoverer 6),Retired,,Success
7050,ABMA,"LC-26B, Cape Canaveral SFS, Florida, USA","Sat Aug 15, 1959 00:31 UTC",Juno II | Beacon 2,Retired,,Failure
7051,US Air Force,"SLC-1W (75-3-4), Vandenberg SFB, California, USA","Thu Aug 13, 1959 19:00 UTC",Thor DM-18 Agena-A | KH-1 2 (Discoverer 5),Retired,,Success
7052,US Air Force,"SLC-17A, Cape Canaveral SFS, Florida, USA","Fri Aug 07, 1959 14:24 UTC",Thor DM-18 Able-III | Explorer 6,Retired,,Success
7053,ABMA,"LC-5, Cape Canaveral SFS, Florida, USA","Thu Jul 16, 1959 17:37 UTC",Juno II | Explorer 6a,Retired,,Failure
7054,US Air Force,"SLC-1E (75-3-5), Vandenberg SFB, California, USA","Thu Jun 25, 1959 22:47 UTC",Thor DM-18 Agena-A | KH-1 1 (Discoverer 4),Retired,,Failure
7055,US Navy,"LC-18A, Cape Canaveral SFS, Florida, USA","Mon Jun 22, 1959 20:16 UTC",Vanguard | Vanguard SLV-6,Retired,,Failure
7056,RVSN USSR,"Site 1/5, Baikonur Cosmodrome, Kazakhstan","Thu Jun 18, 1959 08:08 UTC",Vostok | E-1A n°1 (Luna-2),Retired,,Failure
7057,US Air Force,"SLC-1W (75-3-4), Vandenberg SFB, California, USA","Wed Jun 03, 1959 20:09 UTC",Thor DM-18 Agena-A | Discoverer 3,Retired,,Failure
7058,US Navy,"LC-18A, Cape Canaveral SFS, Florida, USA","Tue Apr 14, 1959 02:49 UTC",Vanguard | Vanguard SLV-5,Retired,,Failure
7059,US Air Force,"SLC-1W (75-3-4), Vandenberg SFB, California, USA","Mon Apr 13, 1959 21:18 UTC",Thor DM-18 Agena-A | Discoverer 2,Retired,,Success
7060,ABMA,"LC-5, Cape Canaveral SFS, Florida, USA","Tue Mar 03, 1959 05:10 UTC",Juno II | Pioneer 4,Retired,,Success
7061,US Air Force,"SLC-1W (75-3-4), Vandenberg SFB, California, USA","Sat Feb 28, 1959 21:49 UTC",Thor DM-18 Agena-A | Discoverer 1,Retired,,Failure
7062,US Navy,"LC-18A, Cape Canaveral SFS, Florida, USA","Tue Feb 17, 1959 15:55 UTC",Vanguard | Vanguard 2,Retired,,Success
7063,RVSN USSR,"Site 1/5, Baikonur Cosmodrome, Kazakhstan","Fri Jan 02, 1959 16:41 UTC",Vostok | Luna-1,Retired,,Partial Failure
7064,US Air Force,"LC-11, Cape Canaveral SFS, Florida, USA","Thu Dec 18, 1958 23:02 UTC",SM-65B Atlas | SCORE,Retired,,Success
7065,ABMA,"LC-5, Cape Canaveral SFS, Florida, USA","Sat Dec 06, 1958 05:44 UTC",Juno II | Pioneer 3,Retired,,Partial Failure
7066,RVSN USSR,"Site 1/5, Baikonur Cosmodrome, Kazakhstan","Thu Dec 04, 1958 18:18 UTC",Vostok | E-1 n°3 (Luna-1),Retired,,Failure
7067,NASA,"SLC-17A, Cape Canaveral SFS, Florida, USA","Sat Nov 08, 1958 07:30 UTC",Thor DM-18 Able-I | Pioneer 2,Retired,,Failure
7068,ABMA,"LC-5, Cape Canaveral SFS, Florida, USA","Thu Oct 23, 1958 03:21 UTC",Juno I | Beacon 1,Retired,,Failure
7069,RVSN USSR,"Site 1/5, Baikonur Cosmodrome, Kazakhstan","Sat Oct 11, 1958 21:41 UTC",Vostok | E-1 n°2 (Luna-1),Retired,,Failure
7070,NASA,"SLC-17A, Cape Canaveral SFS, Florida, USA","Sat Oct 11, 1958 08:42 UTC",Thor DM-18 Able-I | Pioneer 1,Retired,,Partial Failure
7071,US Navy,"LC-18A, Cape Canaveral SFS, Florida, USA","Fri Sep 26, 1958 15:38 UTC",Vanguard | Vanguard SLV-3,Retired,,Failure
7072,RVSN USSR,"Site 1/5, Baikonur Cosmodrome, Kazakhstan","Tue Sep 23, 1958 07:40 UTC",Vostok | E-1 n°1 (Luna-1),Retired,,Failure
7073,US Navy,"Inyokern, China Lake, California, USA","Thu Aug 28, 1958",NOTS-EV-1 | Pilot 6,Retired,,Failure
7074,US Navy,"Inyokern, China Lake, California, USA","Tue Aug 26, 1958",NOTS-EV-1 | Pilot 5,Retired,,Failure
7075,US Navy,"Inyokern, China Lake, California, USA","Mon Aug 25, 1958",NOTS-EV-1 | Pilot 4,Retired,,Failure
7076,ABMA,"LC-5, Cape Canaveral SFS, Florida, USA","Sun Aug 24, 1958 06:17 UTC",Juno I | Explorer 5,Retired,,Failure
7077,US Navy,"Inyokern, China Lake, California, USA","Fri Aug 22, 1958",NOTS-EV-1 | Pilot 3,Retired,,Failure
7078,US Air Force,"SLC-17A, Cape Canaveral SFS, Florida, USA","Sun Aug 17, 1958 12:18 UTC",Thor DM-18 Able-I | Pioneer 0,Retired,,Failure
7079,US Navy,"Inyokern, China Lake, California, USA","Tue Aug 12, 1958",NOTS-EV-1 | Pilot 2,Retired,,Failure
7080,ABMA,"LC-5, Cape Canaveral SFS, Florida, USA","Sat Jul 26, 1958 15:00 UTC",Juno I | Explorer 4,Retired,,Success
7081,US Navy,"Inyokern, China Lake, California, USA","Fri Jul 25, 1958",NOTS-EV-1 | Pilot 1,Retired,,Failure
7082,US Navy,"LC-18A, Cape Canaveral SFS, Florida, USA","Thu Jun 26, 1958 05:00 UTC",Vanguard | Vanguard SLV-2,Retired,,Failure
7083,US Navy,"LC-18A, Cape Canaveral SFS, Florida, USA","Wed May 28, 1958 03:46 UTC",Vanguard | Vanguard SLV-1,Retired,,Failure
7084,RVSN USSR,"Site 1/5, Baikonur Cosmodrome, Kazakhstan","Thu May 15, 1958 07:00 UTC",Sputnik 8A91 | Sputnik 3,Retired,,Success
7085,US Navy,"LC-18A, Cape Canaveral SFS, Florida, USA","Tue Apr 29, 1958 02:53 UTC",Vanguard | Vanguard TV5,Retired,,Failure
7086,RVSN USSR,"Site 1/5, Baikonur Cosmodrome, Kazakhstan","Sun Apr 27, 1958 09:01 UTC",Sputnik 8A91 | D-1 n°01,Retired,,Failure
7087,ABMA,"LC-5, Cape Canaveral SFS, Florida, USA","Wed Mar 26, 1958 17:38 UTC",Juno I | Explorer 3,Retired,,Success
7088,US Navy,"LC-18A, Cape Canaveral SFS, Florida, USA","Mon Mar 17, 1958 12:15 UTC",Vanguard | Vanguard 1,Retired,,Success
7089,ABMA,"LC-26A, Cape Canaveral SFS, Florida, USA","Wed Mar 05, 1958 18:27 UTC",Juno I | Explorer 2,Retired,,Failure
7090,US Navy,"LC-18A, Cape Canaveral SFS, Florida, USA","Wed Feb 05, 1958 07:33 UTC",Vanguard | Vanguard TV3BU,Retired,,Failure
7091,ABMA,"LC-26A, Cape Canaveral SFS, Florida, USA","Sat Feb 01, 1958 03:47 UTC",Juno I | Explorer 1,Retired,,Success
7092,US Navy,"LC-18A, Cape Canaveral SFS, Florida, USA","Fri Dec 06, 1957 16:44 UTC",Vanguard | Vanguard TV3,Retired,,Failure
7093,RVSN USSR,"Site 1/5, Baikonur Cosmodrome, Kazakhstan","Sun Nov 03, 1957 02:30 UTC",Sputnik 8K71PS | Sputnik 2,Retired,,Success
7094,RVSN USSR,"Site 1/5, Baikonur Cosmodrome, Kazakhstan","Fri Oct 04, 1957 19:28 UTC",Sputnik 8K71PS | Sputnik 1,Retired,,Success
